# .PCD v.7 - Point Cloud Data file format
VERSION .7
FIELDS x y z intensity
SIZE 4 4 4 4
TYPE F F F F
COUNT 1 1 1 1
WIDTH 23936
HEIGHT 1
VIEWPOINT 0 0 0 1 0 0 0
POINTS 23936
DATA ascii
0.556743, 0.13048, 0.153221, 17
0.547925, 0.128414, 0.140315, 19
0.535047, 0.125396, 0.126872, 19
0.54474, 0.127667, 0.118925, 19
0.554324, 0.129913, 0.110669, 20
0.579132, 0.135727, 0.104883, 24
0.580826, 0.136124, 0.0944864, 23
0.570773, 0.133768, 0.0823905, 20
0.734435, 0.172125, 0.0926207, 10
0.732024, 0.17156, 0.0790235, 20
0.729375, 0.170939, 0.0655411, 17
0.718723, 0.168443, 0.0516198, 16
0.707823, 0.165888, 0.0381006, 13
0.720039, 0.168751, 0.0258256, 11
0.778776, 0.182517, 0.0139619, 9
3.67249, 0.860699, 0, 2
0.549621, 0.126991, 0.15115, 18
0.544544, 0.125818, 0.139347, 18
0.535438, 0.123714, 0.126872, 20
0.541326, 0.125075, 0.118094, 19
0.554729, 0.128171, 0.110669, 20
0.575717, 0.133021, 0.104189, 24
0.58125, 0.134299, 0.0944864, 23
0.578909, 0.133758, 0.0835039, 20
0.73884, 0.170711, 0.0931082, 11
0.732559, 0.169259, 0.0790235, 20
0.729909, 0.168647, 0.0655411, 18
0.715361, 0.165286, 0.0513408, 17
0.708341, 0.163664, 0.0381006, 14
0.716671, 0.165588, 0.025686, 11
0.775449, 0.179169, 0.0138921, 8
3.67518, 0.849157, 0, 2
0.550017, 0.125264, 0.15115, 19
0.544937, 0.124107, 0.139347, 19
0.535824, 0.122031, 0.126872, 21
0.541717, 0.123373, 0.118094, 19
0.555129, 0.126428, 0.110669, 21
0.579973, 0.132086, 0.104883, 25
0.577817, 0.131595, 0.0938607, 24
0.579327, 0.131939, 0.0835039, 20
0.735502, 0.167507, 0.0926207, 11
0.733087, 0.166957, 0.0790235, 21
0.730435, 0.166353, 0.0655411, 18
0.715876, 0.163037, 0.0513408, 18
0.712746, 0.162324, 0.0383099, 15
0.724983, 0.165111, 0.0259652, 11
0.776008, 0.176732, 0.0138921, 8
3.67393, 0.836718, 0, 3
0.554178, 0.124381, 0.152186, 21
0.545324, 0.122394, 0.139347, 19
0.536205, 0.120347, 0.126872, 22
0.545919, 0.122528, 0.118925, 19
0.555524, 0.124683, 0.110669, 21
0.580385, 0.130263, 0.104883, 25
0.582083, 0.130644, 0.0944864, 24
0.579738, 0.130118, 0.0835039, 20
0.736024, 0.165195, 0.0926207, 12
0.729726, 0.163782, 0.0786054, 22
0.730954, 0.164057, 0.0655411, 19
0.716385, 0.160788, 0.0513408, 18
0.71715, 0.160959, 0.0385193, 16
0.733299, 0.164584, 0.0262444, 12
0.77656, 0.174293, 0.0138921, 8
3.68824, 0.8278, 0, 3
0.558338, 0.123474, 0.153221, 22
0.541916, 0.119842, 0.138379, 20
0.536581, 0.118662, 0.126872, 23
0.542481, 0.119967, 0.118094, 19
0.552079, 0.12209, 0.109906, 21
0.580791, 0.128439, 0.104883, 24
0.578633, 0.127962, 0.0938607, 24
0.584012, 0.129151, 0.0840605, 20
0.740416, 0.16374, 0.0931082, 13
0.726353, 0.16063, 0.0781873, 22
0.731466, 0.16176, 0.0655411, 20
0.712991, 0.157675, 0.0510617, 19
0.721553, 0.159568, 0.0387286, 17
0.726006, 0.160553, 0.0259652, 13
0.769293, 0.170126, 0.0137525, 8
3.6713, 0.811891, 0, 3
0.551173, 0.120074, 0.15115, 24
0.546082, 0.118965, 0.139347, 20
0.533143, 0.116146, 0.125973, 23
0.542855, 0.118262, 0.118094, 18
0.560132, 0.122026, 0.111432, 22
0.581192, 0.126614, 0.104883, 25
0.579032, 0.126144, 0.0938607, 24
0.580544, 0.126473, 0.0835039, 19
0.740927, 0.161413, 0.0931082, 13
0.730741, 0.159194, 0.0786054, 23
0.728077, 0.158613, 0.0651925, 21
0.717381, 0.156283, 0.0513408, 19
0.714244, 0.1556, 0.0383099, 18
0.726507, 0.158271, 0.0259652, 14
0.769824, 0.167708, 0.0137525, 9
3.68165, 0.802056, 0, 3
0.551548, 0.118342, 0.15115, 24
0.538864, 0.115621, 0.137412, 21
0.544937, 0.116924, 0.128672, 23
0.539399, 0.115736, 0.117262, 18
0.556674, 0.119442, 0.110669, 22
0.577736, 0.123961, 0.104189, 24
0.579425, 0.124324, 0.0938607, 24
0.584812, 0.12548, 0.0840605, 19
0.74143, 0.159084, 0.0931082, 12
0.735127, 0.157732, 0.0790235, 25
0.728572, 0.156325, 0.0651925, 21
0.717869, 0.154029, 0.0513408, 20
0.718635, 0.154193, 0.0385193, 19
0.730909, 0.156827, 0.0261048, 15
0.766437, 0.16445, 0.0136827, 9
3.67242, 0.787968, 0, 4
0.548136, 0.11581, 0.150115, 26
0.546819, 0.115532, 0.139347, 21
0.533862, 0.112794, 0.125973, 24
0.543588, 0.114849, 0.118094, 19
0.557046, 0.117693, 0.110669, 22
0.581976, 0.12296, 0.104883, 25
0.579813, 0.122503, 0.0938607, 24
0.581327, 0.122823, 0.0835039, 19
0.741927, 0.156754, 0.0931082, 12
0.731727, 0.154599, 0.0786054, 26
0.729059, 0.154036, 0.0651925, 23
0.718349, 0.151773, 0.0513408, 22
0.715208, 0.151109, 0.0383099, 20
0.735309, 0.155356, 0.0262444, 17
0.763036, 0.161214, 0.0136129, 10
3.67879, 0.777254, 0, 4
0.556063, 0.115661, 0.152186, 25
0.539579, 0.112233, 0.137412, 21
0.534213, 0.111117, 0.125973, 24
0.540115, 0.112344, 0.117262, 19
0.561258, 0.116742, 0.111432, 23
0.58236, 0.121131, 0.104883, 25
0.584063, 0.121485, 0.0944864, 25
0.585589, 0.121803, 0.0840605, 18
0.738528, 0.153614, 0.0926207, 12
0.732209, 0.1523, 0.0786054, 26
0.733441, 0.152556, 0.0655411, 22
0.714916, 0.148703, 0.0510617, 21
0.715679, 0.148861, 0.0383099, 21
0.73188, 0.152231, 0.0261048, 17
0.77137, 0.160445, 0.0137525, 11
3.68513, 0.766508, 0, 6
0.556424, 0.113914, 0.152186, 26
0.543732, 0.111315, 0.138379, 21
0.538378, 0.110219, 0.126872, 25
0.544299, 0.111431, 0.118094, 18
0.561622, 0.114978, 0.111432, 22
0.582737, 0.119301, 0.104883, 25
0.588312, 0.120442, 0.0951122, 26
0.585968, 0.119962, 0.0840605, 18
0.742897, 0.152089, 0.0931082, 12
0.732684, 0.149999, 0.0786054, 27
0.730012, 0.149452, 0.0651925, 24
0.715379, 0.146456, 0.0510617, 22
0.71223, 0.145811, 0.0381006, 22
0.732355, 0.149931, 0.0261048, 18
0.760116, 0.155615, 0.0135431, 13
3.67968, 0.753322, 0, 4
0.552991, 0.111402, 0.15115, 27
0.540274, 0.10884, 0.137412, 21
0.534901, 0.107758, 0.125973, 24
0.544646, 0.109721, 0.118094, 18
0.565829, 0.113988, 0.112196, 22
0.583109, 0.11747, 0.104883, 25
0.584815, 0.117813, 0.0944864, 27
0.578576, 0.116556, 0.0829472, 17
0.735587, 0.148187, 0.0921332, 13
0.737051, 0.148482, 0.0790235, 27
0.730478, 0.147158, 0.0651925, 25
0.719747, 0.144996, 0.0513408, 23
0.712684, 0.143573, 0.0381006, 23
0.728903, 0.14684, 0.0259652, 19
0.768443, 0.154806, 0.0136827, 14
3.67811, 0.740968, 0, 4
0.553338, 0.109664, 0.15115, 27
0.548227, 0.108651, 0.139347, 20
0.535237, 0.106077, 0.125973, 24
0.544988, 0.108009, 0.118094, 18
0.558481, 0.110684, 0.110669, 22
0.579611, 0.114871, 0.104189, 25
0.585182, 0.115975, 0.0944864, 27
0.58671, 0.116278, 0.0840605, 17
0.747732, 0.148191, 0.0935957, 13
0.72971, 0.144619, 0.0781873, 27
0.727028, 0.144087, 0.0648439, 26
0.716285, 0.141958, 0.0510617, 23
0.713132, 0.141333, 0.0381006, 23
0.737203, 0.146104, 0.0262444, 20
0.765002, 0.151613, 0.0136129, 15
3.6608, 0.725522, 0, 1
0.55368, 0.107925, 0.15115, 27
0.548566, 0.106929, 0.139347, 19
0.535568, 0.104395, 0.125973, 24
0.545325, 0.106297, 0.118094, 18
0.558826, 0.108929, 0.110669, 22
0.579969, 0.11305, 0.104189, 25
0.581666, 0.11338, 0.0938607, 26
0.587073, 0.114434, 0.0840605, 17
0.7404, 0.144322, 0.0926207, 13
0.734065, 0.143087, 0.0786054, 29
0.727477, 0.141803, 0.0648439, 26
0.712811, 0.138944, 0.0507827, 24
0.713572, 0.139092, 0.0381006, 24
0.729811, 0.142258, 0.0259652, 20
0.757624, 0.147679, 0.0134733, 16
3.68662, 0.718609, 0, 3
0.561606, 0.10764, 0.153221, 27
0.548899, 0.105205, 0.139347, 20
0.532065, 0.101978, 0.125073, 25
0.545656, 0.104583, 0.118094, 17
0.559166, 0.107172, 0.110669, 22
0.580322, 0.111227, 0.104189, 25
0.582019, 0.111553, 0.0938607, 27
0.583539, 0.111844, 0.0835039, 16
0.744749, 0.142742, 0.0931082, 14
0.730604, 0.140031, 0.0781873, 30
0.731833, 0.140267, 0.0651925, 27
0.717163, 0.137455, 0.0510617, 25
0.710083, 0.136098, 0.0378912, 26
0.738107, 0.141469, 0.0262444, 21
0.754156, 0.144545, 0.0134034, 16
3.68886, 0.707024, 0, 3
0.558144, 0.10516, 0.152186, 27
0.549227, 0.10348, 0.139347, 20
0.540043, 0.101749, 0.126872, 25
0.542137, 0.102144, 0.117262, 18
0.563358, 0.106142, 0.111432, 22
0.580668, 0.109404, 0.104189, 25
0.586249, 0.110455, 0.0944864, 27
0.579995, 0.109277, 0.0829472, 15
0.737391, 0.138932, 0.0921332, 13
0.73495, 0.138472, 0.0786054, 30
0.728354, 0.137229, 0.0648439, 27
0.71367, 0.134462, 0.0507827, 25
0.714432, 0.134606, 0.0381006, 27
0.730691, 0.137669, 0.0259652, 23
0.758537, 0.142916, 0.0134733, 17
3.69106, 0.695431, 0, 4
0.558472, 0.103406, 0.152186, 27
0.553366, 0.10246, 0.140315, 22
0.536528, 0.0993427, 0.125973, 24
0.546302, 0.101153, 0.118094, 18
0.563689, 0.104372, 0.111432, 22
0.581009, 0.107579, 0.104189, 24
0.590478, 0.109332, 0.0951122, 27
0.588125, 0.108896, 0.0840605, 15
0.745631, 0.13806, 0.0931082, 13
0.735381, 0.136162, 0.0786054, 32
0.728782, 0.13494, 0.0648439, 26
0.710165, 0.131493, 0.0505037, 25
0.714852, 0.132361, 0.0381006, 28
0.727189, 0.134645, 0.0258256, 24
0.758982, 0.140532, 0.0134733, 18
3.68536, 0.682375, 0, 8
0.558794, 0.101651, 0.152186, 25
0.553685, 0.100721, 0.140315, 23
0.540672, 0.0983542, 0.126872, 24
0.542768, 0.0987355, 0.117262, 18
0.556288, 0.101195, 0.109906, 23
0.581344, 0.105753, 0.104189, 24
0.586932, 0.106769, 0.0944864, 27
0.588464, 0.107048, 0.0840605, 14
0.742155, 0.135006, 0.0926207, 13
0.727977, 0.132427, 0.0777692, 33
0.733122, 0.133363, 0.0651925, 28
0.710575, 0.129261, 0.0505037, 26
0.719194, 0.130829, 0.0383099, 30
0.731541, 0.133075, 0.0259652, 24
0.755485, 0.137431, 0.0134034, 19
3.67961, 0.669362, 0, 9
0.551504, 0.0985357, 0.150115, 25
0.553999, 0.0989815, 0.140315, 24
0.537141, 0.0959696, 0.125973, 24
0.546927, 0.097718, 0.118094, 18
0.564334, 0.100828, 0.111432, 22
0.581674, 0.103926, 0.104189, 23
0.591153, 0.10562, 0.0951122, 27
0.584899, 0.104502, 0.0835039, 13
0.746484, 0.133372, 0.0931082, 13
0.736222, 0.131539, 0.0786054, 33
0.725692, 0.129658, 0.0644953, 28
0.714906, 0.12773, 0.0507827, 26
0.715669, 0.127867, 0.0381006, 31
0.728021, 0.130074, 0.0258256, 24
0.75985, 0.13576, 0.0134733, 20
3.6817, 0.657799, 0, 10
0.555616, 0.0974702, 0.15115, 25
0.554307, 0.0972406, 0.140315, 25
0.545118, 0.0956286, 0.127772, 23
0.543377, 0.0953233, 0.117262, 18
0.56078, 0.0983762, 0.110669, 22
0.585877, 0.102779, 0.104883, 24
0.587591, 0.103079, 0.0944864, 28
0.596928, 0.104718, 0.0851739, 13
0.742989, 0.130341, 0.0926207, 14
0.736632, 0.129225, 0.0786054, 34
0.726096, 0.127377, 0.0644953, 29
0.715303, 0.125484, 0.0507827, 27
0.720002, 0.126308, 0.0383099, 31
0.732363, 0.128476, 0.0259652, 24
0.760273, 0.133373, 0.0134733, 20
3.68375, 0.64623, 0, 11
0.555919, 0.0957242, 0.15115, 25
0.55461, 0.0954987, 0.140315, 25
0.537734, 0.0925928, 0.125973, 23
0.54753, 0.0942797, 0.118094, 18
0.564956, 0.0972802, 0.111432, 22
0.582315, 0.100269, 0.104189, 24
0.591805, 0.101903, 0.0951122, 28
0.589447, 0.101497, 0.0840605, 12
0.75122, 0.129353, 0.0935957, 14
0.733114, 0.126235, 0.0781873, 33
0.73042, 0.125772, 0.0648439, 31
0.715694, 0.123236, 0.0507827, 28
0.716458, 0.123368, 0.0381006, 33
0.728823, 0.125497, 0.0258256, 24
0.752805, 0.129626, 0.0133336, 21
3.68576, 0.634654, 0, 10
0.556217, 0.0939773, 0.15115, 26
0.554907, 0.0937558, 0.140315, 25
0.541865, 0.0915523, 0.126872, 22
0.543966, 0.0919072, 0.117262, 18
0.565259, 0.0955049, 0.111432, 23
0.586511, 0.0990957, 0.104883, 23
0.592122, 0.100044, 0.0951122, 28
0.589763, 0.0996451, 0.0840605, 12
0.743793, 0.12567, 0.0926207, 13
0.733507, 0.123932, 0.0781873, 34
0.726882, 0.122812, 0.0644953, 31
0.716078, 0.120987, 0.0507827, 29
0.716843, 0.121116, 0.0381006, 32
0.725272, 0.12254, 0.025686, 24
0.753209, 0.12726, 0.0133336, 22
3.68379, 0.622405, 0, 17
0.55651, 0.0922298, 0.15115, 25
0.55137, 0.0913779, 0.139347, 25
0.54215, 0.0898499, 0.126872, 22
0.544252, 0.0901983, 0.117262, 18
0.561682, 0.093087, 0.110669, 22
0.58682, 0.097253, 0.104883, 24
0.588536, 0.0975375, 0.0944864, 28
0.590073, 0.0977922, 0.0840605, 12
0.744184, 0.123333, 0.0926207, 13
0.733892, 0.121627, 0.0781873, 33
0.731195, 0.12118, 0.0648439, 33
0.708581, 0.117432, 0.0502247, 28
0.72116, 0.119517, 0.0383099, 33
0.725654, 0.120262, 0.025686, 25
0.753604, 0.124894, 0.0133336, 23
3.68967, 0.611486, 0, 25
0.552983, 0.0898613, 0.150115, 26
0.555485, 0.0902678, 0.140315, 25
0.546276, 0.0887714, 0.127772, 22
0.548394, 0.0891156, 0.118094, 18
0.569723, 0.0925816, 0.112196, 23
0.587122, 0.095409, 0.104883, 24
0.592739, 0.0963218, 0.0951122, 28
0.598197, 0.0972087, 0.0851739, 12
0.752406, 0.122268, 0.0935957, 12
0.738197, 0.119959, 0.0786054, 34
0.731573, 0.118883, 0.0648439, 32
0.716824, 0.116486, 0.0507827, 30
0.717589, 0.11661, 0.0381006, 33
0.722082, 0.11734, 0.0255464, 26
0.757941, 0.123167, 0.0134034, 23
3.67973, 0.597966, 0, 24
0.553263, 0.0881236, 0.150115, 25
0.551933, 0.0879118, 0.139347, 25
0.542704, 0.0864417, 0.126872, 22
0.548672, 0.0873923, 0.118094, 19
0.562256, 0.0895561, 0.110669, 22
0.583529, 0.0929444, 0.104189, 23
0.59694, 0.0950806, 0.0957379, 28
0.590676, 0.0940828, 0.0840605, 11
0.752786, 0.119904, 0.0935957, 12
0.734642, 0.117014, 0.0781873, 34
0.728007, 0.115957, 0.0644953, 33
0.717186, 0.114233, 0.0507827, 30
0.714007, 0.113727, 0.0378912, 34
0.726395, 0.1157, 0.025686, 27
0.750425, 0.119528, 0.0132638, 25
3.67764, 0.585774, 0, 20
0.549719, 0.0857893, 0.14908, 23
0.552206, 0.0861774, 0.139347, 26
0.542973, 0.0847364, 0.126872, 21
0.545078, 0.0850649, 0.117262, 19
0.566414, 0.0883947, 0.111432, 22
0.583818, 0.0911107, 0.104189, 24
0.593333, 0.0925956, 0.0951122, 27
0.598796, 0.0934482, 0.0851739, 10
0.753159, 0.117538, 0.0935957, 12
0.735006, 0.114705, 0.0781873, 34
0.724431, 0.113055, 0.0641466, 33
0.717541, 0.11198, 0.0507827, 31
0.722255, 0.112715, 0.0383099, 33
0.718855, 0.112185, 0.0254068, 30
0.750796, 0.117169, 0.0132638, 25
3.68737, 0.575451, 0, 28
0.553806, 0.0846452, 0.150115, 24
0.560148, 0.0856146, 0.141282, 25
0.543236, 0.0830298, 0.126872, 20
0.54921, 0.0839428, 0.118094, 19
0.566689, 0.0866144, 0.111432, 22
0.591889, 0.0904661, 0.105578, 24
0.593621, 0.0907307, 0.0951122, 28
0.595171, 0.0909677, 0.0846172, 9
0.753525, 0.115171, 0.0935957, 13
0.735363, 0.112395, 0.0781873, 35
0.73266, 0.111982, 0.0648439, 33
0.713945, 0.109121, 0.0505037, 31
0.718656, 0.109842, 0.0381006, 34
0.719204, 0.109925, 0.0254068, 31
0.751161, 0.11481, 0.0132638, 25
3.6852, 0.563257, 0, 39
0.554069, 0.082905, 0.150115, 25
0.556575, 0.0832801, 0.140315, 24
0.547349, 0.0818995, 0.127772, 19
0.545601, 0.081638, 0.117262, 19
0.566959, 0.0848337, 0.111432, 22
0.588275, 0.0880232, 0.104883, 24
0.593903, 0.0888654, 0.0951122, 28
0.595454, 0.0890975, 0.0846172, 7
0.753883, 0.112803, 0.0935957, 13
0.731778, 0.109496, 0.0777692, 35
0.725127, 0.1085, 0.0641466, 33
0.718231, 0.107468, 0.0507827, 32
0.718998, 0.107583, 0.0381006, 34
0.7235, 0.108257, 0.0255464, 33
0.747563, 0.111857, 0.013194, 27
3.68695, 0.551677, 0, 130
0.550504, 0.0806042, 0.14908, 25
0.556834, 0.0815311, 0.140315, 24
0.543747, 0.0796149, 0.126872, 18
0.545855, 0.0799236, 0.117262, 20
0.567222, 0.0830521, 0.111432, 22
0.580753, 0.0850333, 0.103494, 24
0.598088, 0.0875715, 0.0957379, 28
3.82914, 0.560659, 0.543889, 7
0.750305, 0.109859, 0.0931082, 14
0.728182, 0.10662, 0.0773511, 35
0.725464, 0.106222, 0.0641466, 33
0.718565, 0.105212, 0.0507827, 31
0.71538, 0.104745, 0.0378912, 35
0.727792, 0.106563, 0.025686, 34
0.751868, 0.110088, 0.0132638, 27
3.68471, 0.539512, 0, 40
0.554579, 0.0794221, 0.150115, 26
0.553246, 0.0792312, 0.139347, 25
0.547853, 0.0784588, 0.127772, 19
0.546104, 0.0782083, 0.117262, 20
0.563594, 0.0807131, 0.110669, 22
0.588816, 0.0843253, 0.104883, 25
0.59836, 0.0856921, 0.0957379, 29
3.85049, 0.551434, 0.546672, 14
0.758507, 0.108627, 0.0940831, 13
0.728513, 0.104332, 0.0773511, 35
0.725794, 0.103942, 0.0641466, 33
0.714942, 0.102388, 0.0505037, 32
0.71966, 0.103064, 0.0381006, 34
0.720208, 0.103142, 0.0254068, 36
0.748251, 0.107158, 0.013194, 26
3.69431, 0.529068, 0, 35
0.554825, 0.0776794, 0.150115, 26
0.553492, 0.0774927, 0.139347, 25
0.551956, 0.0772777, 0.128672, 19
0.546347, 0.0764923, 0.117262, 20
0.567733, 0.0794865, 0.111432, 22
0.589078, 0.082475, 0.104883, 24
0.594714, 0.0832641, 0.0951122, 29
3.85612, 0.539884, 0.547229, 24
0.758844, 0.106243, 0.0940831, 12
0.732777, 0.102594, 0.0777692, 35
0.73401, 0.102766, 0.0648439, 33
0.71526, 0.100141, 0.0505037, 33
0.723936, 0.101356, 0.0383099, 34
0.728447, 0.101988, 0.025686, 36
0.744623, 0.104252, 0.0131242, 26
3.69595, 0.517459, 0, 34
0.555067, 0.075936, 0.150115, 26
0.553733, 0.0757535, 0.139347, 25
0.552196, 0.0755433, 0.128672, 20
0.546584, 0.0747755, 0.117262, 20
0.56798, 0.0777026, 0.111432, 22
0.585432, 0.0800901, 0.104189, 23
0.598887, 0.0819308, 0.0957379, 29
3.84995, 0.526693, 0.546115, 29
0.759174, 0.103859, 0.0940831, 12
0.729155, 0.0997521, 0.0773511, 36
0.726433, 0.0993798, 0.0641466, 33
0.715571, 0.0978938, 0.0505037, 32
0.720293, 0.0985398, 0.0381006, 34
0.720842, 0.0986149, 0.0254068, 36
0.740984, 0.10137, 0.0130544, 26
3.68963, 0.504761, 0, 32
0.551473, 0.0736802, 0.14908, 27
0.553968, 0.0740135, 0.139347, 25
0.552431, 0.0738082, 0.128672, 21
0.542938, 0.0725399, 0.116431, 19
0.564329, 0.0753978, 0.110669, 22
0.589585, 0.0787722, 0.104883, 23
0.599141, 0.080049, 0.0957379, 29
3.84766, 0.514071, 0.545559, 31
0.755562, 0.100948, 0.0935957, 12
0.733407, 0.0979877, 0.0777692, 37
0.734641, 0.0981525, 0.0648439, 34
0.715875, 0.0956453, 0.0505037, 33
0.720599, 0.0962765, 0.0381006, 35
0.729073, 0.0974087, 0.025686, 36
0.745263, 0.0995717, 0.0131242, 27
3.69517, 0.493697, 0, 29
0.555533, 0.0724469, 0.150115, 27
0.550349, 0.0717709, 0.138379, 25
0.56039, 0.0730803, 0.130472, 22
0.547043, 0.0713398, 0.117262, 19
0.57235, 0.0746401, 0.112196, 22
0.582017, 0.0759007, 0.103494, 23
0.59939, 0.0781663, 0.0957379, 29
3.84926, 0.501981, 0.545559, 33
0.755875, 0.0985735, 0.0935957, 11
0.737656, 0.0961976, 0.0781873, 35
0.727043, 0.0948135, 0.0641466, 33
0.716172, 0.0933959, 0.0505037, 33
0.720898, 0.0940122, 0.0381006, 34
0.721448, 0.0940838, 0.0254068, 38
0.745572, 0.0972299, 0.0131242, 27
3.68877, 0.481051, 0, 32
0.551925, 0.0702137, 0.14908, 27
0.550572, 0.0700416, 0.138379, 25
0.552884, 0.0703357, 0.128672, 24
0.555027, 0.0706084, 0.118925, 20
0.568687, 0.0723461, 0.111432, 22
0.593976, 0.0755633, 0.105578, 23
0.603552, 0.0767815, 0.0963636, 29
3.85082, 0.489886, 0.545559, 32
0.760119, 0.0966994, 0.0940831, 12
0.730062, 0.0928757, 0.0773511, 35
0.727337, 0.092529, 0.0641466, 34
0.716462, 0.0911455, 0.0505037, 34
0.725152, 0.092251, 0.0383099, 34
0.725705, 0.0923214, 0.0255464, 37
0.741907, 0.0943824, 0.0130544, 27
3.69423, 0.469965, 0, 30
0.555977, 0.068955, 0.150115, 28
0.550789, 0.0683116, 0.138379, 26
0.55697, 0.0690781, 0.129572, 25
0.543598, 0.0674197, 0.116431, 20
0.568911, 0.0705592, 0.111432, 22
0.59421, 0.0736969, 0.105578, 23
0.595949, 0.0739125, 0.0951122, 29
3.85234, 0.477785, 0.545559, 34
0.76042, 0.094311, 0.0940831, 11
0.734298, 0.0910713, 0.0777692, 35
0.731579, 0.090734, 0.0644953, 33
0.712785, 0.0884031, 0.0502247, 34
0.725439, 0.0899725, 0.0383099, 35
0.725992, 0.090041, 0.0255464, 37
0.7422, 0.0920512, 0.0130544, 28
3.69965, 0.458849, 0, 33
0.552355, 0.0667445, 0.14908, 28
0.551001, 0.0665809, 0.138379, 26
0.557184, 0.067328, 0.129572, 25
0.547691, 0.0661809, 0.117262, 21
0.56913, 0.0687715, 0.111432, 22
0.586617, 0.0708846, 0.104189, 23
0.604022, 0.0729878, 0.0963636, 29
3.84988, 0.465205, 0.545002, 35
0.768595, 0.0928741, 0.0950581, 11
0.734581, 0.088764, 0.0777692, 35
0.727904, 0.0879572, 0.0641466, 34
0.717021, 0.0866421, 0.0505037, 34
0.721752, 0.0872138, 0.0381006, 36
0.726271, 0.0877598, 0.0255464, 37
0.746456, 0.0901989, 0.0131242, 30
3.68916, 0.445785, 0, 33
0.548725, 0.0645575, 0.148044, 28
0.551208, 0.0648495, 0.138379, 26
0.557393, 0.0655772, 0.129572, 25
0.544011, 0.0640028, 0.116431, 21
0.573243, 0.067442, 0.112196, 21
0.590749, 0.0695016, 0.104883, 23
0.596401, 0.0701666, 0.0951122, 29
3.84346, 0.452183, 0.543889, 37
0.760997, 0.0895313, 0.0940831, 11
0.738807, 0.0869206, 0.0781873, 33
0.728177, 0.08567, 0.0641466, 34
0.713326, 0.0839228, 0.0502247, 34
0.729957, 0.0858794, 0.0385193, 35
0.722573, 0.0850107, 0.0254068, 38
0.746735, 0.0878534, 0.0131242, 30
3.69849, 0.435127, 0, 34
0.552764, 0.0632727, 0.14908, 28
0.555265, 0.0635589, 0.139347, 26
0.557596, 0.0638258, 0.129572, 25
0.548096, 0.0627384, 0.117262, 20
0.569551, 0.0651943, 0.111432, 22
0.587051, 0.0671974, 0.104189, 23
0.604469, 0.0691912, 0.0963636, 29
3.84093, 0.439656, 0.543332, 38
0.769163, 0.0880431, 0.0950581, 11
0.731172, 0.0836943, 0.0773511, 34
0.728443, 0.0833819, 0.0641466, 34
0.713587, 0.0816814, 0.0502247, 34
0.722286, 0.0826772, 0.0381006, 36
0.726808, 0.0831948, 0.0255464, 37
0.739061, 0.0845973, 0.0129846, 30
3.69587, 0.423051, 0, 34
0.5568, 0.0619631, 0.150115, 28
0.551604, 0.0613849, 0.138379, 26
0.561667, 0.0625048, 0.130472, 26
0.552179, 0.0614489, 0.118094, 21
0.565851, 0.0629704, 0.110669, 21
0.591174, 0.0657885, 0.104883, 23
0.59683, 0.0664179, 0.0951122, 29
3.84229, 0.427587, 0.543332, 38
0.769436, 0.0856263, 0.0950581, 11
0.727477, 0.0809569, 0.076933, 34
0.728701, 0.0810931, 0.0641466, 33
0.71384, 0.0794392, 0.0502247, 34
0.730482, 0.0812913, 0.0385193, 36
0.727066, 0.0809111, 0.0255464, 37
0.739323, 0.0822751, 0.0129846, 31
3.69718, 0.411438, 0, 34
0.55315, 0.0597983, 0.14908, 27
0.555653, 0.0600689, 0.139347, 26
0.554111, 0.0599022, 0.128672, 26
0.55237, 0.0597139, 0.118094, 21
0.573853, 0.0620364, 0.112196, 21
0.587462, 0.0635076, 0.104189, 23
0.604892, 0.0653918, 0.0963636, 29
3.83967, 0.415088, 0.542775, 36
0.769701, 0.0832086, 0.0950581, 12
0.731683, 0.0790986, 0.0773511, 35
0.728952, 0.0788034, 0.0641466, 32
0.718053, 0.0776251, 0.0505037, 35
0.726762, 0.0785667, 0.0383099, 37
0.723342, 0.0781969, 0.0254068, 38
0.739578, 0.0799521, 0.0129846, 33
3.69845, 0.399821, 0, 35
0.553335, 0.0580603, 0.14908, 27
0.548119, 0.0575129, 0.137412, 26
0.558173, 0.0585678, 0.129572, 26
0.552554, 0.0579783, 0.118094, 21
0.574045, 0.0602333, 0.112196, 21
0.595494, 0.0624839, 0.105578, 23
0.601165, 0.0630789, 0.0957379, 29
3.8449, 0.403437, 0.543332, 30
0.766011, 0.0803758, 0.0945706, 13
0.731928, 0.0767996, 0.0773511, 34
0.725233, 0.0760971, 0.063798, 33
0.714325, 0.0749525, 0.0502247, 34
0.727006, 0.0762831, 0.0383099, 36
0.723584, 0.0759241, 0.0254068, 38
0.743803, 0.0780456, 0.0130544, 32
3.69571, 0.387783, 0, 34
0.557359, 0.0567128, 0.150115, 26
0.552158, 0.0561835, 0.138379, 26
0.562232, 0.0572085, 0.130472, 26
0.544949, 0.05545, 0.116431, 21
0.570325, 0.0580321, 0.111432, 22
0.591768, 0.060214, 0.104883, 23
0.60136, 0.06119, 0.0957379, 30
3.83038, 0.389752, 0.541105, 43
0.766259, 0.0779689, 0.0945706, 14
0.732166, 0.0744998, 0.0773511, 34
0.725469, 0.0738183, 0.063798, 34
0.714557, 0.072708, 0.0502247, 35
0.727242, 0.0739988, 0.0383099, 36
0.723819, 0.0736505, 0.0254068, 38
0.744044, 0.0757085, 0.0130544, 34
3.70089, 0.376575, 0, 36
0.549844, 0.0542034, 0.148044, 26
0.556194, 0.0548294, 0.139347, 25
0.55853, 0.0550596, 0.129572, 26
0.552908, 0.0545054, 0.118094, 21
0.570505, 0.0562401, 0.111432, 20
0.591955, 0.0583546, 0.104883, 24
0.601549, 0.0593004, 0.0957379, 29
3.83553, 0.378105, 0.541662, 42
0.7665, 0.0755612, 0.0945706, 15
0.740314, 0.0729798, 0.0781873, 33
0.725697, 0.0715389, 0.063798, 34
0.714781, 0.0704628, 0.0502247, 34
0.727471, 0.0717137, 0.0383099, 37
0.724047, 0.0713762, 0.0254068, 39
0.744278, 0.0733706, 0.0130544, 34
3.69807, 0.364554, 0, 35
0.553858, 0.0528427, 0.14908, 26
0.548637, 0.0523445, 0.137412, 25
0.56258, 0.0536748, 0.130472, 26
0.556971, 0.0531397, 0.118925, 20
0.562861, 0.0537017, 0.109906, 20
0.596056, 0.0568688, 0.105578, 24
0.601733, 0.0574103, 0.0957379, 29
3.84064, 0.36643, 0.542218, 42
0.766734, 0.0731528, 0.0945706, 15
0.732619, 0.069898, 0.0773511, 33
0.733852, 0.0700156, 0.0644953, 34
0.718971, 0.0685959, 0.0505037, 35
0.727692, 0.0694279, 0.0383099, 36
0.732227, 0.0698605, 0.025686, 37
0.740524, 0.0706522, 0.0129846, 34
3.70318, 0.353315, 0, 33
0.550174, 0.0507476, 0.148044, 26
0.560393, 0.0516901, 0.140315, 25
0.558865, 0.0515492, 0.129572, 26
0.549343, 0.0506709, 0.117262, 20
0.566937, 0.0522938, 0.110669, 19
0.592309, 0.0546341, 0.104883, 24
0.60191, 0.0555197, 0.0957379, 30
3.84572, 0.354726, 0.542775, 42
0.770913, 0.0711084, 0.0950581, 14
0.736797, 0.0679615, 0.0777692, 33
0.726132, 0.0669778, 0.063798, 34
0.71521, 0.0659703, 0.0502247, 35
0.727907, 0.0671415, 0.0383099, 37
0.7205, 0.0664583, 0.0252672, 39
0.744725, 0.0686928, 0.0130544, 34
3.70029, 0.341312, 0, 38
0.550331, 0.0490189, 0.148044, 26
0.552821, 0.0492407, 0.138379, 25
0.559024, 0.0497932, 0.129572, 25
0.553397, 0.049292, 0.118094, 19
0.57101, 0.0508608, 0.111432, 19
0.596402, 0.0531225, 0.105578, 24
0.606017, 0.0539789, 0.0963636, 30
3.85076, 0.342994, 0.543332, 43
0.767179, 0.0683339, 0.0945706, 13
0.733044, 0.0652935, 0.0773511, 33
0.726339, 0.0646962, 0.063798, 35
0.719388, 0.0640771, 0.0505037, 35
0.732093, 0.0652088, 0.0385193, 36
0.724687, 0.0645491, 0.0254068, 38
0.740953, 0.065998, 0.0129846, 34
3.69736, 0.32933, 0, 33
0.546633, 0.046959, 0.147009, 26
0.556839, 0.0478359, 0.139347, 24
0.559178, 0.0480367, 0.129572, 25
0.557447, 0.0478881, 0.118925, 19
0.571167, 0.0490667, 0.111432, 19
0.592641, 0.0509115, 0.104883, 24
0.606183, 0.0520748, 0.0963636, 30
3.85182, 0.330895, 0.543332, 43
0.767389, 0.0659234, 0.0945706, 11
0.737209, 0.0633307, 0.0777692, 33
0.722568, 0.062073, 0.0634494, 35
0.719586, 0.0618168, 0.0505037, 35
0.724334, 0.0622247, 0.0381006, 36
0.724887, 0.0622722, 0.0254068, 39
0.741157, 0.0636699, 0.0129846, 34
3.69439, 0.317371, 0, 32
0.550628, 0.0455601, 0.148044, 26
0.556987, 0.0460863, 0.139347, 24
0.559326, 0.0462798, 0.129572, 26
0.557595, 0.0461366, 0.118925, 17
0.571318, 0.0472721, 0.111432, 19
0.596724, 0.0493742, 0.105578, 23
0.610281, 0.050496, 0.0969894, 29
3.85284, 0.318792, 0.543332, 44
0.767593, 0.0635123, 0.0945706, 11
0.737404, 0.0610144, 0.0777692, 33
0.730702, 0.0604599, 0.0641466, 36
0.7158, 0.0592268, 0.0502247, 35
0.724526, 0.0599489, 0.0381006, 36
0.725079, 0.0599946, 0.0254068, 38
0.745339, 0.0616709, 0.0130544, 34
3.69936, 0.306093, 0, 31
0.55462, 0.0441366, 0.14908, 26
0.55326, 0.0440283, 0.138379, 25
0.563354, 0.0448316, 0.130472, 25
0.553837, 0.0440743, 0.118094, 18
0.575378, 0.0457885, 0.112196, 18
0.600803, 0.0478118, 0.106273, 25
0.606499, 0.0482651, 0.0963636, 30
3.84987, 0.306372, 0.542775, 45
0.763831, 0.0607855, 0.0940831, 9
0.733627, 0.0583819, 0.0773511, 33
0.726916, 0.0578479, 0.063798, 36
0.71996, 0.0572943, 0.0505037, 34
0.728693, 0.0579893, 0.0383099, 37
0.725264, 0.0577164, 0.0254068, 38
0.745529, 0.0593291, 0.0130544, 35
3.7003, 0.294469, 0, 29
0.550903, 0.0420996, 0.148044, 26
0.557266, 0.0425857, 0.139347, 25
0.559606, 0.0427646, 0.129572, 25
0.553973, 0.0423341, 0.118094, 18
0.567689, 0.0433823, 0.110669, 18
0.597022, 0.0456239, 0.105578, 25
0.606647, 0.0463595, 0.0963636, 29
3.85872, 0.29488, 0.543889, 45
0.767977, 0.0586881, 0.0945706, 8
0.733807, 0.0560769, 0.0773511, 33
0.727095, 0.0555639, 0.063798, 35
0.720137, 0.0550322, 0.0505037, 35
0.728872, 0.0556997, 0.0383099, 36
0.721455, 0.055133, 0.0252672, 39
0.737736, 0.0563772, 0.0129148, 34
3.70121, 0.282843, 0, 27
0.551033, 0.0403686, 0.148044, 26
0.553526, 0.0405513, 0.138379, 26
0.559737, 0.0410063, 0.129572, 25
0.561907, 0.0411653, 0.119757, 19
0.571738, 0.0418855, 0.111432, 17
0.601091, 0.0440359, 0.106273, 25
0.60285, 0.0441647, 0.0957379, 29
3.85172, 0.282177, 0.542775, 45
0.776076, 0.0568553, 0.0955456, 9
0.737947, 0.0540619, 0.0777692, 34
0.73124, 0.0535706, 0.0641466, 35
0.716326, 0.052478, 0.0502247, 34
0.725059, 0.0531178, 0.0381006, 36
0.721625, 0.0528662, 0.0252672, 39
0.73791, 0.0540592, 0.0129148, 34
3.70208, 0.271214, 0, 28
0.555011, 0.0389075, 0.14908, 27
0.55365, 0.0388121, 0.138379, 25
0.559863, 0.0392476, 0.129572, 25
0.562034, 0.0393998, 0.119757, 19
0.56795, 0.0398145, 0.110669, 16
0.597297, 0.0418719, 0.105578, 26
0.602985, 0.0422706, 0.0957379, 29
3.84864, 0.269798, 0.542218, 45
0.772291, 0.0541393, 0.0950581, 9
0.730176, 0.051187, 0.076933, 35
0.731404, 0.0512731, 0.0641466, 36
0.720468, 0.0505064, 0.0505037, 34
0.725222, 0.0508397, 0.0381006, 38
0.725775, 0.0508785, 0.0254068, 39
0.738076, 0.0517408, 0.0129148, 35
3.69892, 0.259303, 0, 23
0.547421, 0.0366475, 0.147009, 26
0.55377, 0.0370726, 0.138379, 26
0.556095, 0.0372283, 0.128672, 26
0.558251, 0.0373726, 0.118925, 20
0.57199, 0.0382924, 0.111432, 16
0.597426, 0.0399952, 0.105578, 26
0.610999, 0.0409039, 0.0969894, 28
3.85342, 0.257971, 0.542775, 45
0.772457, 0.0517128, 0.0950581, 10
0.738272, 0.0494242, 0.0777692, 34
0.72361, 0.0484427, 0.0634494, 36
0.724605, 0.0485093, 0.0507827, 34
0.721393, 0.0482943, 0.0378912, 38
0.725932, 0.0485981, 0.0254068, 38
0.738235, 0.0494218, 0.0129148, 35
3.69174, 0.247146, 0, 25
0.551389, 0.0351736, 0.148044, 26
0.553883, 0.0353327, 0.138379, 26
0.567878, 0.0362254, 0.131371, 25
0.56227, 0.0358677, 0.119757, 20
0.572107, 0.0364952, 0.111432, 15
0.60148, 0.0383689, 0.106273, 27
0.603239, 0.0384811, 0.0957379, 29
3.85026, 0.245611, 0.542218, 34
0.768653, 0.049033, 0.0945706, 11
0.738423, 0.0471046, 0.0777692, 34
0.731712, 0.0466765, 0.0641466, 35
0.720771, 0.0459786, 0.0505037, 34
0.729514, 0.0465363, 0.0383099, 37
0.722091, 0.0460628, 0.0252672, 38
0.738386, 0.0471023, 0.0129148, 34
3.70048, 0.236057, 0, 25
0.54764, 0.0332073, 0.147009, 26
0.553992, 0.0335924, 0.138379, 25
0.560208, 0.0339694, 0.129572, 25
0.566285, 0.0343379, 0.120589, 20
0.580058, 0.035173, 0.112959, 14
0.597665, 0.0362407, 0.105578, 27
0.611244, 0.0370641, 0.0969894, 29
3.85892, 0.233994, 0.543332, 45
0.772767, 0.0468583, 0.0950581, 11
0.742539, 0.0450254, 0.0781873, 34
0.727878, 0.0441364, 0.063798, 36
0.724895, 0.0439555, 0.0507827, 34
0.725669, 0.0440025, 0.0381006, 38
0.726223, 0.044036, 0.0254068, 38
0.738531, 0.0447824, 0.0129148, 36
3.69322, 0.223946, 0, 24
0.547742, 0.0314867, 0.147009, 26
0.546345, 0.0314064, 0.136444, 26
0.556421, 0.0319856, 0.128672, 25
0.558578, 0.0321096, 0.118925, 20
0.576245, 0.0331252, 0.112196, 14
0.597776, 0.0343629, 0.105578, 28
0.607413, 0.0349169, 0.0963636, 28
3.85963, 0.221869, 0.543332, 45
0.780837, 0.0448861, 0.096033, 10
0.742676, 0.0426924, 0.0781873, 34
0.728013, 0.0418495, 0.063798, 36
0.72503, 0.041678, 0.0507827, 35
0.729792, 0.0419517, 0.0383099, 38
0.722366, 0.0415249, 0.0252672, 39
0.742661, 0.0426915, 0.0129846, 35
3.6939, 0.212342, 0, 23
0.54398, 0.0295561, 0.145974, 24
0.550316, 0.0299004, 0.137412, 26
0.560411, 0.0304489, 0.129572, 25
0.562583, 0.0305669, 0.119757, 21
0.568505, 0.0308887, 0.110669, 13
0.601815, 0.0326985, 0.106273, 28
0.60752, 0.0330084, 0.0963636, 28
3.86031, 0.209743, 0.543332, 44
0.784939, 0.0426482, 0.0965205, 10
0.734862, 0.0399274, 0.0773511, 34
0.732119, 0.0397783, 0.0641466, 36
0.725157, 0.0394, 0.0507827, 35
0.725932, 0.0394421, 0.0381006, 38
0.726485, 0.0394722, 0.0254068, 38
0.734804, 0.0399242, 0.012845, 35
3.70254, 0.20117, 0, 20
0.551787, 0.028242, 0.148044, 25
0.55816, 0.0285682, 0.139347, 25
0.560503, 0.0286881, 0.129572, 25
0.562676, 0.0287993, 0.119757, 21
0.572521, 0.0293032, 0.111432, 13
0.59798, 0.0306063, 0.105578, 28
0.607621, 0.0310997, 0.0963636, 27
3.857, 0.197412, 0.542775, 37
0.781104, 0.0399791, 0.096033, 10
0.74293, 0.0380252, 0.0781873, 34
0.732241, 0.0374781, 0.0641466, 36
0.721292, 0.0369177, 0.0505037, 34
0.726052, 0.0371613, 0.0381006, 37
0.722613, 0.0369853, 0.0252672, 39
0.742914, 0.0380244, 0.0129846, 34
3.69916, 0.189333, 0, 19
0.544155, 0.0261376, 0.145974, 25
0.558247, 0.0268145, 0.139347, 25
0.560591, 0.0269271, 0.129572, 25
0.562764, 0.0270315, 0.119757, 22
0.57261, 0.0275044, 0.111432, 13
0.602008, 0.0289165, 0.106273, 28
0.611662, 0.0293802, 0.0969894, 27
3.85364, 0.185104, 0.542218, 44
0.789157, 0.0379059, 0.097008, 11
0.739072, 0.0355002, 0.0777692, 34
0.728375, 0.0349864, 0.063798, 35
0.72539, 0.034843, 0.0507827, 33
0.726165, 0.0348802, 0.0381006, 37
0.722726, 0.034715, 0.0252672, 38
0.739035, 0.0354984, 0.0129148, 34
3.69973, 0.177711, 0, 20
0.551954, 0.0247745, 0.148044, 25
0.554451, 0.0248866, 0.138379, 24
0.556779, 0.0249911, 0.128672, 25
0.566755, 0.0254388, 0.120589, 23
0.572694, 0.0257054, 0.111432, 14
0.598161, 0.0268485, 0.105578, 28
0.611751, 0.0274585, 0.0969894, 27
3.8542, 0.172996, 0.542218, 44
0.789272, 0.0354265, 0.097008, 14
0.735206, 0.0329998, 0.0773511, 35
0.732462, 0.0328766, 0.0641466, 36
0.725496, 0.0325639, 0.0507827, 34
0.730262, 0.0327778, 0.0383099, 37
0.722831, 0.0324443, 0.0252672, 39
0.743138, 0.0333558, 0.0129846, 34
0.771223, 0.0346164, 0, 1
0.540448, 0.022557, 0.144939, 26
0.554526, 0.0231446, 0.138379, 23
0.564643, 0.0235668, 0.130472, 25
0.570741, 0.0238214, 0.12142, 23
0.564925, 0.0235786, 0.109906, 16
0.598242, 0.0249692, 0.105578, 28
0.611834, 0.0255365, 0.0969894, 25
3.84286, 0.160391, 0.540548, 43
0.793346, 0.0331124, 0.0974955, 17
0.739281, 0.0308558, 0.0777692, 35
0.732562, 0.0305753, 0.0641466, 36
0.725595, 0.0302846, 0.0507827, 33
0.72637, 0.0303169, 0.0381006, 38
0.726924, 0.03034, 0.0254068, 38
0.739244, 0.0308542, 0.0129148, 34
3.70078, 0.154462, 0, 19
0.548238, 0.021157, 0.147009, 26
0.558475, 0.021552, 0.139347, 23
0.56082, 0.0216425, 0.129572, 25
0.566904, 0.0218773, 0.120589, 24
0.56892, 0.0219552, 0.110669, 17
0.602254, 0.0232415, 0.106273, 28
0.611911, 0.0236142, 0.0969894, 24
3.85521, 0.148776, 0.542218, 43
0.793446, 0.0306198, 0.0974955, 21
0.739374, 0.0285331, 0.0777692, 34
0.736636, 0.0284274, 0.0644953, 36
0.725686, 0.0280049, 0.0507827, 34
0.730453, 0.0281889, 0.0383099, 36
0.723021, 0.027902, 0.0252672, 39
0.735341, 0.0283775, 0.012845, 34
0.767429, 0.0296158, 0, 1
0.54444, 0.0192977, 0.145974, 26
0.554661, 0.01966, 0.138379, 23
0.560885, 0.0198806, 0.129572, 25
0.57088, 0.0202348, 0.12142, 23
0.561138, 0.0198896, 0.109143, 17
0.602324, 0.0213494, 0.106273, 28
0.611982, 0.0216917, 0.0969894, 23
3.86358, 0.136945, 0.543332, 44
0.793539, 0.028127, 0.0974955, 23
0.735484, 0.0260693, 0.0773511, 34
0.736721, 0.0261131, 0.0644953, 37
0.729759, 0.0258663, 0.0510617, 34
0.726546, 0.0257524, 0.0381006, 37
0.7271, 0.0257721, 0.0254068, 38
0.735426, 0.0260672, 0.012845, 35
0.767518, 0.0272047, 0, 2
0.54836, 0.0177119, 0.147009, 27
0.55472, 0.0179174, 0.138379, 23
0.56484, 0.0182442, 0.130472, 25
0.56703, 0.018315, 0.120589, 24
0.565122, 0.0182534, 0.109906, 18
0.602388, 0.019457, 0.106273, 28
0.612048, 0.019769, 0.0969894, 22
3.86399, 0.124806, 0.543332, 46
0.785687, 0.0253775, 0.0965205, 24
0.743515, 0.0240154, 0.0781873, 34
0.732817, 0.0236699, 0.0641466, 38
0.729836, 0.0235736, 0.0510617, 34
0.730616, 0.0235988, 0.0383099, 37
0.723182, 0.0233586, 0.0252672, 38
0.743499, 0.0240149, 0.0129846, 35
0.7676, 0.0247933, 0, 3
0.552275, 0.0161017, 0.148044, 26
0.554773, 0.0161746, 0.138379, 23
0.560999, 0.0163561, 0.129572, 26
0.570996, 0.0166475, 0.12142, 24
0.569102, 0.0165923, 0.110669, 19
0.602446, 0.0175645, 0.106273, 26
0.612107, 0.0178461, 0.0969894, 21
3.86832, 0.112782, 0.543889, 46
0.781794, 0.0227934, 0.096033, 24
0.743586, 0.0216795, 0.0781873, 35
0.740854, 0.0215998, 0.0648439, 38
0.729907, 0.0212806, 0.0510617, 34
0.734679, 0.0214198, 0.0385193, 35
0.723252, 0.0210866, 0.0252672, 38
0.739573, 0.0215624, 0.0129148, 34
0.763676, 0.0222652, 0, 3
0.544598, 0.0141657, 0.145974, 27
0.550942, 0.0143307, 0.137412, 24
0.557151, 0.0144922, 0.128672, 26
0.567134, 0.0147519, 0.120589, 25
0.569151, 0.0148043, 0.110669, 19
0.602499, 0.0156718, 0.106273, 25
0.616109, 0.0160258, 0.0976151, 21
3.86074, 0.100423, 0.542775, 46
0.785831, 0.0204405, 0.0965205, 24
0.743651, 0.0193433, 0.0781873, 37
0.736935, 0.0191686, 0.0644953, 39
0.72997, 0.0189874, 0.0510617, 34
0.73075, 0.0190077, 0.0383099, 36
0.723314, 0.0188143, 0.0252672, 38
0.743635, 0.0193429, 0.0129846, 34
0.76774, 0.0199699, 0, 4
0.54464, 0.0124547, 0.145974, 27
0.550984, 0.0125998, 0.137412, 23
0.564987, 0.01292, 0.130472, 25
0.563266, 0.0128806, 0.119757, 25
0.569195, 0.0130162, 0.110669, 20
0.602545, 0.0137789, 0.106273, 26
0.616156, 0.0140901, 0.0976151, 19
3.865, 0.088384, 0.543332, 47
0.777953, 0.0177901, 0.0955456, 24
0.743708, 0.017007, 0.0781873, 39
0.740975, 0.0169445, 0.0648439, 40
0.730026, 0.0166941, 0.0510617, 34
0.730806, 0.0167119, 0.0383099, 36
0.72337, 0.0165419, 0.0252672, 38
0.747691, 0.017098, 0.0130544, 35
0.759801, 0.017375, 0, 5
0.544676, 0.0107436, 0.145974, 28
0.551021, 0.0108688, 0.137412, 24
0.561128, 0.0110681, 0.129572, 25
0.567215, 0.0111882, 0.120589, 25
0.569233, 0.011228, 0.110669, 21
0.610462, 0.0120412, 0.107662, 26
0.616198, 0.0121544, 0.0976151, 20
3.86921, 0.0763194, 0.543889, 45
0.770066, 0.0151894, 0.0945706, 23
0.751712, 0.0148274, 0.0790235, 40
0.745009, 0.0146951, 0.0651925, 42
0.730075, 0.0144006, 0.0510617, 35
0.730855, 0.0144159, 0.0383099, 37
0.723418, 0.0142693, 0.0252672, 38
0.739743, 0.0145913, 0.0129148, 35
0.767851, 0.0151457, 0, 6
0.552434, 0.00916054, 0.148044, 28
0.551052, 0.00913763, 0.137412, 25
0.56116, 0.00930524, 0.129572, 25
0.57116, 0.00947105, 0.12142, 25
0.573191, 0.00950475, 0.111432, 22
0.606558, 0.010058, 0.106967, 28
0.616233, 0.0102185, 0.0976151, 21
3.86548, 0.0640979, 0.543332, 46
0.77408, 0.0128359, 0.0950581, 21
0.747778, 0.0123998, 0.0786054, 41
0.745051, 0.0123545, 0.0651925, 44
0.730117, 0.0121069, 0.0510617, 35
0.730896, 0.0121198, 0.0383099, 36
0.723459, 0.0119965, 0.0252672, 39
0.743784, 0.0123335, 0.0129846, 37
0.767894, 0.0127333, 0, 8
0.544733, 0.00732113, 0.145974, 28
0.551078, 0.00740641, 0.137412, 25
0.565084, 0.00759464, 0.130472, 24
0.567274, 0.00762408, 0.120589, 26
0.573218, 0.00770397, 0.111432, 22
0.606587, 0.00815243, 0.106967, 28
0.612311, 0.00822937, 0.0969894, 20
3.86962, 0.0520071, 0.543889, 45
0.778086, 0.0104574, 0.0955456, 18
0.751791, 0.0101039, 0.0790235, 40
0.745086, 0.0100138, 0.0651925, 47
0.730151, 0.00981312, 0.0510617, 36
0.730931, 0.0098236, 0.0383099, 36
0.719496, 0.00966992, 0.0251276, 39
0.747819, 0.0100506, 0.0130544, 38
0.763931, 0.0102671, 0, 10
0.548617, 0.00564955, 0.147009, 28
0.551099, 0.00567511, 0.137412, 25
0.561207, 0.0057792, 0.129572, 24
0.571208, 0.00588219, 0.12142, 26
0.569314, 0.00586268, 0.110669, 21
0.606609, 0.00624675, 0.106967, 27
0.616285, 0.00634638, 0.0976151, 19
3.86184, 0.0397685, 0.542775, 46
0.790025, 0.00813552, 0.097008, 18
0.747841, 0.00770112, 0.0786054, 40
0.749099, 0.00771407, 0.0655411, 48
0.730178, 0.00751923, 0.0510617, 36
0.726964, 0.00748613, 0.0381006, 37
0.727518, 0.00749184, 0.0254068, 39
0.747846, 0.00770118, 0.0130544, 39
0.75596, 0.00778473, 0, 12
0.548632, 0.00392599, 0.147009, 28
0.551114, 0.00394376, 0.137412, 25
0.56512, 0.00404398, 0.130472, 24
0.571224, 0.00408766, 0.12142, 26
0.569329, 0.0040741, 0.110669, 22
0.614504, 0.00439738, 0.108356, 27
0.620252, 0.00443851, 0.0982408, 17
3.86987, 0.0276927, 0.543889, 28
0.797987, 0.00571037, 0.097983, 20
0.751839, 0.00538014, 0.0790235, 41
0.749119, 0.00536068, 0.0655411, 48
0.734188, 0.00525383, 0.0513408, 36
0.730978, 0.00523086, 0.0383099, 37
0.72354, 0.00517764, 0.0252672, 39
0.747867, 0.00535172, 0.0130544, 41
0.755981, 0.00540978, 0, 14
0.548641, 0.0022024, 0.147009, 27
0.551124, 0.00221236, 0.137412, 25
0.56513, 0.00226859, 0.130472, 23
0.571234, 0.00229309, 0.12142, 26
0.573266, 0.00230125, 0.111432, 22
0.614515, 0.00246683, 0.108356, 27
0.616313, 0.00247405, 0.0976151, 16
0, 0, 0, 0
0.801971, 0.00321933, 0.0984704, 22
0.747874, 0.00300218, 0.0786054, 40
0.753117, 0.00302322, 0.0658897, 46
0.730211, 0.00293127, 0.0510617, 37
0.734985, 0.00295044, 0.0385193, 37
0.723553, 0.00290454, 0.0252672, 39
0.743881, 0.00298614, 0.0129846, 41
0.759994, 0.00305083, 0, 15
0.552509, 0.000482156, 0.148044, 25
0.551128, 0.00048095, 0.137412, 25
0.565134, 0.000493173, 0.130472, 22
0.571238, 0.000498499, 0.12142, 26
0.57327, 0.000500273, 0.111432, 23
0.61452, 0.00053627, 0.108356, 27
0.624219, 0.000544734, 0.0988666, 15
3.24016, 0.00282757, 0.455374, 0
0.801977, 0.000699857, 0.0984704, 25
0.74788, 0.000652649, 0.0786054, 36
0.749138, 0.000653746, 0.0655411, 46
0.734207, 0.000640717, 0.0513408, 38
0.730997, 0.000637915, 0.0383099, 38
0.723559, 0.000631424, 0.0252672, 40
0.739887, 0.000645673, 0.0129148, 42
0.756, 0.000659734, 0, 15
0.548644, -0.00124484, 0.147009, 23
0.543364, -0.00123286, 0.135476, 25
0.561236, -0.00127341, 0.129572, 22
0.575149, -0.00130497, 0.122252, 26
0.569342, -0.0012918, 0.110669, 22
0.610579, -0.00138536, 0.107662, 26
0.624217, -0.00141631, 0.0988666, 15
3.22034, -0.00730674, 0.452591, 2
0.801975, -0.00181963, 0.0984704, 26
0.743901, -0.00168786, 0.0781873, 34
0.741167, -0.00168166, 0.0648439, 42
0.734205, -0.00166586, 0.0513408, 41
0.730995, -0.00165858, 0.0383099, 39
0.727555, -0.00165077, 0.0254068, 40
0.743885, -0.00168782, 0.0129846, 42
0.755998, -0.00171531, 0, 16
0.552501, -0.00298935, 0.148044, 21
0.55112, -0.00298187, 0.137412, 25
0.561229, -0.00303657, 0.129572, 21
0.575142, -0.00311185, 0.122252, 26
0.573262, -0.00310168, 0.111432, 22
0.606633, -0.00328223, 0.106967, 25
0.62421, -0.00337733, 0.0988666, 16
3.16089, -0.0171022, 0.444241, 1
0.805936, -0.00436057, 0.0989579, 26
0.743892, -0.00402488, 0.0781873, 33
0.745143, -0.00403165, 0.0651925, 37
0.738187, -0.00399401, 0.0516198, 43
0.730986, -0.00395505, 0.0383099, 39
0.727546, -0.00393644, 0.0254068, 40
0.739876, -0.00400316, 0.0129148, 43
0.751989, -0.00406869, 0, 15
0.552489, -0.00472507, 0.148044, 21
0.551108, -0.00471325, 0.137412, 24
0.565114, -0.00483304, 0.130472, 22
0.57513, -0.00491869, 0.122252, 26
0.577176, -0.00493619, 0.112196, 22
0.610558, -0.00522169, 0.107662, 25
0.624196, -0.00533833, 0.0988666, 14
3.18855, -0.0272695, 0.448137, 1
0.797978, -0.00682456, 0.097983, 25
0.743875, -0.00636186, 0.0781873, 34
0.745126, -0.00637256, 0.0651925, 34
0.73019, -0.00624482, 0.0510617, 44
0.738959, -0.00631981, 0.0387286, 40
0.72753, -0.00622207, 0.0254068, 41
0.743859, -0.00636173, 0.0129846, 41
0.755972, -0.00646532, 0, 14
0.556335, -0.00650592, 0.14908, 21
0.55109, -0.00644458, 0.137412, 23
0.557302, -0.00651722, 0.128672, 23
0.575111, -0.00672549, 0.122252, 26
0.569305, -0.00665759, 0.110669, 23
0.614478, -0.00718585, 0.108356, 25
0.620226, -0.00725307, 0.0982408, 14
3.86574, -0.0452069, 0.543332, 35
0.797953, -0.00933145, 0.097983, 24
0.743852, -0.00869878, 0.0781873, 34
0.741118, -0.00866681, 0.0648439, 31
0.738147, -0.00863207, 0.0516198, 44
0.734941, -0.00859458, 0.0385193, 42
0.731504, -0.00855438, 0.0255464, 43
0.743836, -0.00869859, 0.0129846, 42
0.755948, -0.00884024, 0, 14
0.560175, -0.00831098, 0.150115, 22
0.547187, -0.00811827, 0.136444, 23
0.561175, -0.00832582, 0.129572, 22
0.571175, -0.00847418, 0.12142, 25
0.573207, -0.00850432, 0.111432, 23
0.610514, -0.00905782, 0.107662, 25
0.61625, -0.00914292, 0.0976151, 13
3.86558, -0.0573513, 0.543332, 39
0.78998, -0.0117204, 0.097008, 25
0.743821, -0.0110356, 0.0781873, 33
0.737103, -0.0109359, 0.0644953, 28
0.730137, -0.0108326, 0.0510617, 45
0.73491, -0.0109034, 0.0385193, 43
0.723479, -0.0107338, 0.0252672, 44
0.747804, -0.0110947, 0.0130544, 41
0.755917, -0.0112151, 0, 12
0.56401, -0.0101402, 0.15115, 24
0.5588, -0.0100466, 0.139347, 22
0.561146, -0.0100888, 0.129572, 23
0.575058, -0.0103389, 0.122252, 25
0.577103, -0.0103756, 0.112196, 23
0.614421, -0.0110466, 0.108356, 25
0.628068, -0.0112919, 0.0994923, 12
3.87726, -0.0697086, 0.545002, 47
0.789939, -0.0142022, 0.097008, 29
0.743782, -0.0133723, 0.0781873, 33
0.737065, -0.0132516, 0.0644953, 27
0.734089, -0.0131981, 0.0513408, 44
0.738866, -0.013284, 0.0387286, 47
0.731436, -0.0131504, 0.0255464, 47
0.743766, -0.013372, 0.0129846, 39
0.755878, -0.0135898, 0, 9
0.560112, -0.0118305, 0.150115, 26
0.554885, -0.0117201, 0.138379, 21
0.561112, -0.0118516, 0.129572, 22
0.578934, -0.012228, 0.123084, 25
0.580994, -0.0122715, 0.112959, 23
0.610445, -0.0128936, 0.107662, 25
0.63198, -0.0133484, 0.100118, 11
3.87702, -0.0818891, 0.545002, 48
0.785921, -0.0165999, 0.0965205, 31
0.743737, -0.0157089, 0.0781873, 33
0.729052, -0.0153988, 0.063798, 28
0.738033, -0.0155885, 0.0516198, 40
0.734827, -0.0155207, 0.0385193, 48
0.731391, -0.0154482, 0.0255464, 48
0.747719, -0.015793, 0.0130544, 38
0.755831, -0.0159644, 0, 6
0.563935, -0.0136838, 0.15115, 30
0.554846, -0.0134632, 0.138379, 21
0.561072, -0.0136143, 0.129572, 22
0.574982, -0.0139518, 0.122252, 25
0.577027, -0.0140015, 0.112196, 23
0.610401, -0.0148113, 0.107662, 24
3.95354, -0.095932, 0.626364, 15
3.88071, -0.0941648, 0.545559, 47
0.781896, -0.0189726, 0.096033, 33
0.743684, -0.0180454, 0.0781873, 33
0.729, -0.0176891, 0.063798, 31
0.733991, -0.0178102, 0.0513408, 35
0.734775, -0.0178292, 0.0385193, 50
0.731339, -0.0177458, 0.0255464, 50
0.73967, -0.017948, 0.0129148, 36
0.755778, -0.0183388, 0, 4
0.560027, -0.0153495, 0.150115, 33
0.554801, -0.0152063, 0.138379, 21
0.561026, -0.0153769, 0.129572, 23
0.571024, -0.0156509, 0.12142, 24
0.58483, -0.0160293, 0.113722, 23
0.614289, -0.0168368, 0.108356, 24
3.95322, -0.108352, 0.626364, 23
3.88039, -0.106356, 0.545559, 46
0.777864, -0.0213201, 0.0955456, 33
0.7476, -0.0204906, 0.0786054, 33
0.732924, -0.0200884, 0.0641466, 32
0.729943, -0.0200067, 0.0510617, 30
0.738708, -0.0202469, 0.0387286, 52
0.731279, -0.0200433, 0.0255464, 52
0.73961, -0.0202716, 0.0129148, 34
0.755716, -0.0207131, 0, 2
0.563838, -0.0172268, 0.15115, 36
0.562509, -0.0171862, 0.140315, 23
0.55708, -0.0170203, 0.128672, 24
0.574883, -0.0175643, 0.122252, 24
0.580852, -0.0177466, 0.112959, 23
0.614233, -0.0187665, 0.108356, 23
3.94496, -0.120529, 0.625112, 26
3.88004, -0.118546, 0.545559, 46
0.769857, -0.0235212, 0.0945706, 35
0.747532, -0.0228392, 0.0786054, 34
0.728874, -0.0222691, 0.063798, 34
0.725888, -0.0221779, 0.0507827, 26
0.734649, -0.0224455, 0.0385193, 51
0.727217, -0.0222185, 0.0254068, 54
0.739542, -0.0225951, 0.0129148, 32
0.759646, -0.0232093, 0, 1
0.567642, -0.0191282, 0.152186, 38
0.562452, -0.0189533, 0.140315, 24
0.553128, -0.0186391, 0.127772, 25
0.574825, -0.0193702, 0.122252, 24
0.584718, -0.0197036, 0.113722, 24
0.614171, -0.0206961, 0.108356, 22
3.94456, -0.132922, 0.625112, 27
3.88361, -0.130868, 0.546115, 45
0.777715, -0.0262071, 0.0955456, 38
0.747456, -0.0251875, 0.0786054, 38
0.724818, -0.0244246, 0.0634494, 34
0.729803, -0.0245926, 0.0510617, 23
0.734574, -0.0247534, 0.0385193, 47
0.727144, -0.024503, 0.0254068, 53
0.739468, -0.0249183, 0.0129148, 29
3.46603, -0.116797, 0, 8
0.563718, -0.0207691, 0.15115, 39
0.558511, -0.0205773, 0.139347, 26
0.553067, -0.0203767, 0.127772, 25
0.574761, -0.021176, 0.122252, 22
0.584653, -0.0215404, 0.113722, 25
0.61804, -0.0227705, 0.109051, 22
3.94018, -0.145168, 0.624486, 28
3.87922, -0.142922, 0.545559, 48
0.777629, -0.0286503, 0.0955456, 40
0.751349, -0.027682, 0.0790235, 42
0.732702, -0.026995, 0.0641466, 34
0.725734, -0.0267383, 0.0507827, 21
0.730501, -0.0269139, 0.0383099, 42
0.723068, -0.0266401, 0.0252672, 49
0.731392, -0.0269468, 0.0127752, 26
3.46965, -0.127833, 0, 8
0.571371, -0.0228488, 0.153221, 40
0.562322, -0.0224869, 0.140315, 29
0.560789, -0.0224256, 0.129572, 25
0.570782, -0.0228252, 0.12142, 21
0.584583, -0.0233771, 0.113722, 27
0.617965, -0.024712, 0.109051, 22
3.93181, -0.15723, 0.623235, 30
3.88271, -0.155267, 0.546115, 47
0.773568, -0.0309345, 0.0950581, 40
0.755233, -0.0302013, 0.0794416, 44
0.732614, -0.0292967, 0.0641466, 34
0.72166, -0.0288587, 0.0505037, 22
0.734404, -0.0293683, 0.0385193, 35
0.726975, -0.0290713, 0.0254068, 41
0.727308, -0.0290846, 0.0127054, 26
3.47322, -0.138892, 0, 8
0.567437, -0.0244772, 0.152186, 40
0.566126, -0.0244206, 0.141282, 33
0.556822, -0.0240193, 0.128672, 25
0.574616, -0.0247869, 0.122252, 21
0.588429, -0.0253827, 0.114485, 27
0.617885, -0.0266533, 0.109051, 21
3.93129, -0.169582, 0.623235, 32
3.8822, -0.167464, 0.546115, 47
0.777433, -0.0335356, 0.0955456, 39
0.755134, -0.0325737, 0.0794416, 47
0.732518, -0.0315982, 0.0641466, 32
0.721565, -0.0311257, 0.0505037, 24
0.726327, -0.0313311, 0.0381006, 27
0.726881, -0.031355, 0.0254068, 35
0.727213, -0.0313693, 0.0127054, 24
3.46877, -0.14963, 0, 9
0.567357, -0.0262597, 0.152186, 38
0.56217, -0.0260196, 0.140315, 35
0.560637, -0.0259487, 0.129572, 25
0.570627, -0.026411, 0.12142, 20
0.592269, -0.0274127, 0.115249, 27
0.621733, -0.0287764, 0.109746, 21
3.9268, -0.181749, 0.622609, 37
3.88561, -0.179843, 0.546672, 46
0.769392, -0.0356107, 0.0945706, 38
0.755028, -0.0349459, 0.0794416, 46
0.736396, -0.0340835, 0.0644953, 33
0.713492, -0.0330234, 0.0499456, 26
0.730215, -0.0337974, 0.0383099, 21
0.726778, -0.0336384, 0.0254068, 31
0.731106, -0.0338387, 0.0127752, 25
3.46829, -0.160527, 0, 9
0.567272, -0.028042, 0.152186, 38
0.569838, -0.0281688, 0.14225, 36
0.55666, -0.0275174, 0.128672, 25
0.574449, -0.0283968, 0.122252, 19
0.588258, -0.0290794, 0.114485, 27
0.617705, -0.030535, 0.109051, 20
3.92621, -0.194084, 0.622609, 40
3.88503, -0.192049, 0.546672, 48
0.769276, -0.0380277, 0.0945706, 36
0.754915, -0.0373177, 0.0794416, 44
0.736285, -0.0363968, 0.0644953, 34
0.71737, -0.0354618, 0.0502247, 30
0.722126, -0.0356969, 0.0378912, 18
0.722677, -0.0357241, 0.0252672, 24
0.723007, -0.0357404, 0.0126355, 27
3.47975, -0.172015, 0, 10
0.567181, -0.029824, 0.152186, 38
0.565871, -0.0297551, 0.141282, 37
0.564355, -0.0296754, 0.130472, 25
0.57045, -0.0299959, 0.12142, 18
0.584243, -0.0307211, 0.113722, 27
0.617606, -0.0324755, 0.109051, 18
3.92558, -0.206418, 0.622609, 41
3.88836, -0.204461, 0.547229, 48
0.773118, -0.0406527, 0.0950581, 34
0.754794, -0.0396892, 0.0794416, 43
0.736167, -0.0387097, 0.0644953, 33
0.713271, -0.0375058, 0.0499456, 32
0.72201, -0.0379653, 0.0378912, 18
0.718569, -0.0377844, 0.0251276, 21
0.726885, -0.0382216, 0.0127054, 30
3.4712, -0.182526, 0, 10
0.563227, -0.0313906, 0.15115, 36
0.56965, -0.0317486, 0.14225, 37
0.560368, -0.0312313, 0.129572, 25
0.570353, -0.0317878, 0.12142, 18
0.588064, -0.0327749, 0.114485, 27
0.617501, -0.0344156, 0.109051, 17
3.92885, -0.218969, 0.623235, 42
3.8877, -0.216676, 0.547229, 47
0.769022, -0.0428604, 0.0945706, 34
0.754665, -0.0420602, 0.0794416, 39
0.732063, -0.0408005, 0.0641466, 34
0.713149, -0.0397464, 0.0499456, 33
0.709922, -0.0395665, 0.0372632, 20
0.710464, -0.0395967, 0.0248484, 21
0.718775, -0.0400599, 0.0125657, 32
3.47061, -0.19343, 0, 11
0.563125, -0.0331599, 0.15115, 37
0.565673, -0.0333099, 0.141282, 38
0.560267, -0.0329916, 0.129572, 25
0.57025, -0.0335795, 0.12142, 17
0.595797, -0.0350838, 0.116012, 28
0.613457, -0.0361238, 0.108356, 16
3.9242, -0.231079, 0.622609, 43
3.89491, -0.229354, 0.548342, 46
0.764921, -0.0450427, 0.0940831, 37
0.758501, -0.0446647, 0.0798597, 39
0.739887, -0.0435686, 0.0648439, 34
0.709037, -0.041752, 0.0496666, 31
0.713782, -0.0420314, 0.0374725, 24
0.710336, -0.0418285, 0.0248484, 24
0.722638, -0.0425529, 0.0126355, 34
3.47798, -0.204802, 0, 12
0.563018, -0.0349289, 0.15115, 37
0.569439, -0.0353272, 0.14225, 38
0.56405, -0.0349929, 0.130472, 26
0.574047, -0.0356131, 0.122252, 18
0.587846, -0.0364692, 0.114485, 27
0.617273, -0.0382947, 0.109051, 16
3.9274, -0.24365, 0.623235, 44
3.89022, -0.241344, 0.547785, 45
0.764775, -0.0474456, 0.0940831, 36
0.758357, -0.0470474, 0.0798597, 38
0.73577, -0.0456461, 0.0644953, 33
0.708903, -0.0439793, 0.0496666, 30
0.713647, -0.0442736, 0.0374725, 29
0.706211, -0.0438123, 0.0247088, 28
0.722501, -0.0448229, 0.0126355, 34
3.48131, -0.215975, 0, 22
0.562906, -0.0366975, 0.15115, 37
0.573198, -0.0373685, 0.143218, 37
0.560048, -0.0365112, 0.129572, 27
0.573932, -0.0374163, 0.122252, 18
0.595565, -0.0388266, 0.116012, 27
0.613218, -0.0399775, 0.108356, 15
3.93056, -0.256244, 0.623861, 45
3.88944, -0.253564, 0.547785, 45
0.760661, -0.0495897, 0.0935957, 36
0.754236, -0.0491708, 0.0794416, 34
0.735623, -0.0479574, 0.0644953, 32
0.716725, -0.0467254, 0.0502247, 30
0.709518, -0.0462555, 0.0372632, 32
0.70607, -0.0460307, 0.0247088, 32
0.726347, -0.0473527, 0.0127054, 32
3.47662, -0.226651, 0, 77
0.566642, -0.0387292, 0.152186, 38
0.569206, -0.0389044, 0.14225, 37
0.567708, -0.038802, 0.131371, 29
0.569909, -0.0389524, 0.12142, 18
0.591523, -0.0404297, 0.115249, 27
0.61702, -0.0421724, 0.109051, 15
3.92973, -0.268591, 0.623861, 45
3.89257, -0.266052, 0.548342, 45
0.760501, -0.0519791, 0.0935957, 38
0.74614, -0.0509975, 0.0786054, 34
0.735468, -0.0502682, 0.0644953, 32
0.712593, -0.0487047, 0.0499456, 29
0.709369, -0.0484843, 0.0372632, 32
0.705922, -0.0482487, 0.0247088, 35
0.718215, -0.0490889, 0.0125657, 32
3.47589, -0.237572, 0, 23
0.562664, -0.0402336, 0.15115, 38
0.569081, -0.0406924, 0.14225, 36
0.567583, -0.0405853, 0.131371, 30
0.569783, -0.0407426, 0.12142, 18
0.591393, -0.0422878, 0.115249, 27
0.612955, -0.0438296, 0.108356, 15
3.93281, -0.281217, 0.624486, 45
3.89172, -0.278279, 0.548342, 45
0.760334, -0.054368, 0.0935957, 36
0.749944, -0.0536251, 0.0790235, 35
0.735307, -0.0525784, 0.0644953, 32
0.716417, -0.0512277, 0.0502247, 29
0.705229, -0.0504277, 0.0370539, 33
0.701779, -0.0501811, 0.0245692, 35
0.722046, -0.0516302, 0.0126355, 31
3.46715, -0.24792, 0, 15
0.562535, -0.042001, 0.15115, 38
0.56895, -0.04248, 0.14225, 34
0.567453, -0.0423682, 0.131371, 32
0.569653, -0.0425325, 0.12142, 19
0.595173, -0.0444379, 0.116012, 27
0.616743, -0.0460484, 0.109051, 15
3.92797, -0.293277, 0.623861, 45
3.89478, -0.290799, 0.548899, 45
0.76016, -0.0567564, 0.0935957, 35
0.745805, -0.0556846, 0.0786054, 36
0.735138, -0.0548882, 0.0644953, 32
0.716253, -0.0534782, 0.0502247, 29
0.705067, -0.052643, 0.0370539, 35
0.709591, -0.0529808, 0.0248484, 34
0.72188, -0.0538984, 0.0126355, 29
3.45438, -0.257918, 0, 9
0.566244, -0.0441667, 0.152186, 36
0.564937, -0.0440647, 0.141282, 33
0.571195, -0.0445528, 0.132271, 33
0.565608, -0.044117, 0.120589, 20
0.591107, -0.046106, 0.115249, 27
0.612659, -0.047787, 0.108356, 16
3.93091, -0.306608, 0.624486, 46
3.89774, -0.304021, 0.549455, 44
0.756009, -0.0589682, 0.0931082, 35
0.745616, -0.0581575, 0.0786054, 37
0.738925, -0.0576356, 0.0648439, 33
0.708115, -0.0552325, 0.0496666, 29
0.708871, -0.0552914, 0.0372632, 34
0.705426, -0.0550227, 0.0247088, 34
0.721698, -0.0562919, 0.0126355, 28
3.41363, -0.266261, 0, 6
0.56226, -0.0455347, 0.15115, 33
0.564804, -0.0457407, 0.141282, 30
0.567175, -0.0459327, 0.131371, 33
0.565474, -0.045795, 0.120589, 21
0.590968, -0.0478596, 0.115249, 26
0.608588, -0.0492866, 0.107662, 16
3.93392, -0.318589, 0.625112, 46
3.89287, -0.315265, 0.548899, 44
0.755831, -0.061211, 0.0931082, 36
0.74544, -0.0603695, 0.0786054, 38
0.734779, -0.0595061, 0.0644953, 34
0.711925, -0.0576553, 0.0499456, 30
0.708704, -0.0573945, 0.0372632, 34
0.70526, -0.0571155, 0.0247088, 34
0.725514, -0.0587558, 0.0127054, 28
3.24936, -0.26315, 0, 2
0.562114, -0.0473008, 0.15115, 29
0.56079, -0.0471894, 0.140315, 27
0.570912, -0.0480412, 0.132271, 31
0.565328, -0.0475712, 0.120589, 22
0.594727, -0.0500452, 0.116012, 24
0.612356, -0.0515286, 0.108356, 17
3.92897, -0.330615, 0.624486, 48
3.89581, -0.327825, 0.549455, 42
0.747722, -0.0629194, 0.0921332, 37
0.745247, -0.0627111, 0.0786054, 39
0.734588, -0.0618142, 0.0644953, 34
0.71174, -0.0598916, 0.0499456, 31
0.70454, -0.0592857, 0.0370539, 35
0.705077, -0.0593309, 0.0247088, 33
0.733296, -0.0617055, 0.012845, 29
3.10503, -0.261282, 0, 2
0.558114, -0.0487305, 0.150115, 24
0.564505, -0.0492885, 0.141282, 24
0.562993, -0.0491565, 0.130472, 30
0.565175, -0.049347, 0.120589, 22
0.590656, -0.0515718, 0.115249, 24
0.608267, -0.0531095, 0.107662, 16
3.93184, -0.3433, 0.625112, 47
3.89476, -0.340062, 0.549455, 42
0.751476, -0.0656135, 0.0926207, 37
0.745046, -0.065052, 0.0786054, 40
0.73042, -0.063775, 0.0641466, 34
0.715524, -0.0624744, 0.0502247, 31
0.712309, -0.0621937, 0.0374725, 35
0.712852, -0.0622411, 0.024988, 34
0.733099, -0.0640089, 0.012845, 30
3.03246, -0.264773, 0, 4
0.561797, -0.0509298, 0.15115, 21
0.556608, -0.0504594, 0.139347, 22
0.562827, -0.0510231, 0.130472, 29
0.557215, -0.0505145, 0.118925, 23
0.590481, -0.0535302, 0.115249, 23
0.608087, -0.0551263, 0.107662, 17
3.93462, -0.356694, 0.625738, 47
3.89361, -0.352976, 0.549455, 41
0.743346, -0.0673882, 0.0916457, 38
0.748788, -0.0678815, 0.0790235, 40
0.730205, -0.0661969, 0.0641466, 34
0.719287, -0.0652071, 0.0505037, 31
0.70812, -0.0641948, 0.0372632, 34
0.70866, -0.0642437, 0.0248484, 34
0.736866, -0.0668007, 0.0129148, 32
3.03555, -0.275189, 0, 22
0.55394, -0.0519726, 0.14908, 18
0.564175, -0.0529329, 0.141282, 21
0.566544, -0.0531551, 0.131371, 27
0.564845, -0.0529957, 0.120589, 23
0.59422, -0.0557518, 0.116012, 22
0.615755, -0.0577723, 0.109051, 17
3.93741, -0.369422, 0.626364, 48
3.90037, -0.365946, 0.550569, 40
0.747084, -0.070094, 0.0921332, 38
0.74461, -0.0698619, 0.0786054, 38
0.733961, -0.0688628, 0.0644953, 33
0.715106, -0.0670937, 0.0502247, 32
0.703938, -0.0660459, 0.0370539, 35
0.712435, -0.0668431, 0.024988, 35
0.740634, -0.0694889, 0.0129846, 36
3.33336, -0.312748, 0, 4
0.549929, -0.0533396, 0.148044, 18
0.560143, -0.0543303, 0.140315, 21
0.558616, -0.0541822, 0.129572, 25
0.564676, -0.05477, 0.120589, 22
0.590133, -0.0572392, 0.115249, 22
0.607729, -0.0589459, 0.107662, 17
3.94016, -0.382171, 0.626989, 49
3.89132, -0.377433, 0.549455, 38
0.750812, -0.072824, 0.0926207, 37
0.744387, -0.0722009, 0.0786054, 40
0.729775, -0.0707835, 0.0641466, 34
0.722834, -0.0701104, 0.0507827, 32
0.707703, -0.0686427, 0.0372632, 34
0.712221, -0.069081, 0.024988, 33
0.740412, -0.0718153, 0.0129846, 39
0, 0, 0, 0
0.553613, -0.0553555, 0.14908, 18
0.556117, -0.0556059, 0.139347, 21
0.566209, -0.056615, 0.131371, 24
0.560618, -0.0560559, 0.119757, 22
0.589961, -0.0589899, 0.115249, 22
0.611471, -0.0611407, 0.108356, 17
3.93115, -0.393074, 0.625738, 48
3.902, -0.39016, 0.551126, 33
0.750592, -0.0750514, 0.0926207, 38
0.74417, -0.0744092, 0.0786054, 39
0.733526, -0.073345, 0.0644953, 34
0.714682, -0.0714608, 0.0502247, 33
0.707496, -0.0707422, 0.0372632, 34
0.708036, -0.0707962, 0.0248484, 31
0.736216, -0.0736139, 0.0129148, 41
0, 0, 0, 0
0.549583, -0.0567939, 0.148044, 21
0.55593, -0.0574498, 0.139347, 22
0.562141, -0.0580916, 0.130472, 24
0.56432, -0.0583168, 0.120589, 23
0.589762, -0.060946, 0.115249, 22
0.615183, -0.063573, 0.109051, 17
3.93769, -0.40692, 0.626989, 51
3.90069, -0.403097, 0.551126, 32
0.74639, -0.0771319, 0.0921332, 39
0.743919, -0.0768765, 0.0786054, 41
0.733279, -0.075777, 0.0644953, 37
0.718411, -0.0742405, 0.0505037, 32
0.707258, -0.073088, 0.0372632, 34
0.703821, -0.0727328, 0.0247088, 28
0.735968, -0.0760549, 0.0129148, 43
0, 0, 0, 0
0.549402, -0.0585201, 0.148044, 23
0.555747, -0.059196, 0.139347, 23
0.565831, -0.0602702, 0.131371, 23
0.564134, -0.0600894, 0.120589, 23
0.593472, -0.0632144, 0.116012, 21
0.61498, -0.0655053, 0.109051, 17
3.93639, -0.419289, 0.626989, 50
3.90728, -0.416188, 0.552239, 29
0.742196, -0.0790559, 0.0916457, 39
0.743674, -0.0792132, 0.0786054, 42
0.729075, -0.0776583, 0.0641466, 39
0.714206, -0.0760745, 0.0502247, 33
0.710997, -0.0757326, 0.0374725, 33
0.699614, -0.0745201, 0.0245692, 27
0.743679, -0.0792138, 0.0130544, 42
0, 0, 0, 0
0.545374, -0.0598245, 0.147009, 27
0.555558, -0.0609416, 0.139347, 25
0.561765, -0.0616225, 0.130472, 25
0.563943, -0.0618614, 0.120589, 22
0.593271, -0.0650785, 0.116012, 21
0.610856, -0.0670075, 0.108356, 17
3.93898, -0.432084, 0.627615, 51
3.90202, -0.42803, 0.551682, 28
0.745891, -0.0818201, 0.0921332, 42
0.743421, -0.0815492, 0.0786054, 42
0.728827, -0.0799483, 0.0641466, 40
0.71793, -0.0787529, 0.0505037, 33
0.710755, -0.0779659, 0.0374725, 33
0.695402, -0.0762818, 0.0244296, 27
0.739451, -0.0811137, 0.0129846, 41
0.779325, -0.0854876, 0, 0
0.545184, -0.0615376, 0.147009, 28
0.551507, -0.0622513, 0.138379, 25
0.557696, -0.0629499, 0.129572, 25
0.567634, -0.0640716, 0.12142, 22
0.593063, -0.066942, 0.116012, 20
0.622385, -0.0702517, 0.11044, 16
3.9376, -0.444457, 0.627615, 49
3.90852, -0.441175, 0.552796, 24
0.741685, -0.0837176, 0.0916457, 41
0.739208, -0.0834381, 0.0781873, 38
0.736492, -0.0831315, 0.0648439, 41
0.717679, -0.081008, 0.0505037, 34
0.706538, -0.0797504, 0.0372632, 34
0.699131, -0.0789144, 0.0245692, 29
0.743167, -0.0838849, 0.0130544, 38
0.790977, -0.0892815, 0, 0
0.548826, -0.0636955, 0.148044, 30
0.551309, -0.0639836, 0.138379, 26
0.557495, -0.0647016, 0.129572, 27
0.563543, -0.0654035, 0.120589, 21
0.59285, -0.0688048, 0.116012, 19
0.618249, -0.0717525, 0.109746, 17
3.94403, -0.457736, 0.628867, 50
3.91499, -0.454365, 0.553909, 21
0.741418, -0.0860473, 0.0916457, 39
0.742894, -0.0862186, 0.0786054, 37
0.736227, -0.0854448, 0.0648439, 42
0.717421, -0.0832622, 0.0505037, 35
0.706284, -0.0819696, 0.0372632, 33
0.694909, -0.0806496, 0.0244296, 31
0.746872, -0.0866803, 0.0131242, 35
0.782746, -0.0908437, 0, 1
0.544786, -0.0649619, 0.147009, 30
0.551105, -0.0657153, 0.138379, 26
0.561159, -0.0669142, 0.130472, 26
0.563335, -0.0671736, 0.120589, 21
0.588732, -0.070202, 0.115249, 19
0.61802, -0.0736945, 0.109746, 18
3.94258, -0.470124, 0.628867, 50
3.91748, -0.467131, 0.554466, 18
0.741144, -0.0883761, 0.0916457, 40
0.738669, -0.088081, 0.0781873, 34
0.731998, -0.0872855, 0.0644953, 42
0.717156, -0.0855157, 0.0505037, 36
0.702056, -0.0837151, 0.0370539, 33
0.698622, -0.0833056, 0.0245692, 33
0.742625, -0.0885527, 0.0130544, 30
0.766569, -0.0914079, 0, 1
0.548415, -0.0671426, 0.148044, 30
0.550896, -0.0674463, 0.138379, 26
0.557078, -0.0682032, 0.129572, 25
0.570888, -0.069894, 0.122252, 20
0.588509, -0.0720512, 0.115249, 18
0.617786, -0.0756357, 0.109746, 19
3.945, -0.482988, 0.629492, 50
3.92385, -0.480398, 0.555579, 15
0.744804, -0.0911865, 0.0921332, 42
0.730492, -0.0894343, 0.0773511, 33
0.727765, -0.0891005, 0.0641466, 42
0.720844, -0.0882531, 0.0507827, 37
0.709719, -0.0868911, 0.0374725, 33
0.698357, -0.0855, 0.0245692, 34
0.734404, -0.0899132, 0.0129148, 27
0.770249, -0.0943018, 0, 1
0.544367, -0.0683835, 0.147009, 29
0.554532, -0.0696604, 0.139347, 25
0.560728, -0.0704387, 0.130472, 24
0.570666, -0.0716871, 0.122252, 19
0.588279, -0.0738997, 0.115249, 18
0.621454, -0.0780671, 0.11044, 19
3.94347, -0.495379, 0.629492, 52
3.92232, -0.492723, 0.555579, 12
0.744514, -0.0935259, 0.0921332, 42
0.738101, -0.0927204, 0.0781873, 33
0.735389, -0.0923797, 0.0648439, 40
0.720563, -0.0905173, 0.0507827, 40
0.70548, -0.0886225, 0.0372632, 33
0.698085, -0.0876935, 0.0245692, 36
0.73015, -0.0917215, 0.012845, 25
0.76598, -0.0962225, 0, 2
0.54415, -0.0700934, 0.147009, 29
0.554311, -0.0714022, 0.139347, 23
0.556638, -0.071702, 0.129572, 22
0.562677, -0.0724799, 0.120589, 19
0.588044, -0.0757475, 0.115249, 17
0.617298, -0.0795158, 0.109746, 19
3.94973, -0.508775, 0.630744, 51
3.92468, -0.505549, 0.556136, 10
0.740278, -0.0953572, 0.0916457, 40
0.733861, -0.0945306, 0.0777692, 34
0.727191, -0.0936714, 0.0641466, 39
0.724233, -0.0932904, 0.0510617, 41
0.70916, -0.0913487, 0.0374725, 34
0.689876, -0.0888647, 0.02429, 38
0.733824, -0.0945258, 0.0129148, 25
0.761707, -0.0981174, 0, 2
0.543927, -0.0718025, 0.147009, 27
0.550236, -0.0726353, 0.138379, 22
0.560274, -0.0739605, 0.130472, 20
0.570204, -0.0752713, 0.122252, 19
0.587803, -0.0775945, 0.115249, 17
0.620951, -0.0819702, 0.11044, 18
3.94811, -0.52118, 0.630744, 51
3.927, -0.518394, 0.556692, 9
0.739975, -0.0976824, 0.0916457, 41
0.729617, -0.096315, 0.0773511, 34
0.730844, -0.096477, 0.0644953, 38
0.719981, -0.0950429, 0.0507827, 41
0.712829, -0.0940989, 0.0376819, 33
0.693557, -0.0915548, 0.0244296, 38
0.729559, -0.0963073, 0.012845, 26
0.777257, -0.102604, 0, 2
0.543699, -0.073511, 0.147009, 27
0.550005, -0.0743636, 0.138379, 22
0.560039, -0.0757202, 0.130472, 19
0.573842, -0.0775865, 0.123084, 18
0.587557, -0.0794408, 0.115249, 17
0.62069, -0.0839206, 0.11044, 18
3.95037, -0.53411, 0.631369, 52
0.765444, -0.103492, 0.108555, 7
0.739665, -0.100007, 0.0916457, 41
0.72931, -0.0986066, 0.0773511, 34
0.726588, -0.0982386, 0.0641466, 36
0.723633, -0.097839, 0.0510617, 40
0.708572, -0.0958026, 0.0374725, 34
0.697227, -0.0942688, 0.0245692, 39
0.721326, -0.0975271, 0.0127054, 27
0.761075, -0.102901, 0, 2
0.547292, -0.0757484, 0.148044, 27
0.553613, -0.0766232, 0.139347, 21
0.563659, -0.0780136, 0.131371, 19
0.573596, -0.0793889, 0.123084, 18
0.579525, -0.0802096, 0.113722, 18
0.624325, -0.0864102, 0.111135, 19
3.94476, -0.545977, 0.630744, 51
0.772963, -0.106982, 0.109668, 8
0.735414, -0.101786, 0.0911583, 39
0.725056, -0.100352, 0.076933, 34
0.73417, -0.101613, 0.0648439, 35
0.719369, -0.0995648, 0.0507827, 39
0.720137, -0.0996711, 0.0381006, 34
0.692968, -0.0959107, 0.0244296, 39
0.721016, -0.0997927, 0.0127054, 27
0.772635, -0.106937, 0, 1
0.543226, -0.0769257, 0.147009, 26
0.557212, -0.0789062, 0.140315, 21
0.563411, -0.079784, 0.131371, 20
0.577217, -0.0817391, 0.123915, 19
0.587046, -0.0831309, 0.115249, 17
0.620151, -0.0878188, 0.11044, 19
3.94693, -0.558921, 0.631369, 53
0.768701, -0.108855, 0.109112, 9
0.735091, -0.104095, 0.0911583, 38
0.724738, -0.102629, 0.076933, 35
0.725957, -0.102802, 0.0641466, 35
0.719053, -0.101824, 0.0507827, 37
0.715866, -0.101373, 0.0378912, 36
0.688705, -0.0975267, 0.02429, 40
0.720699, -0.102057, 0.0127054, 27
0.760414, -0.107681, 0, 0
0.550629, -0.0797394, 0.14908, 25
0.560803, -0.0812126, 0.141282, 22
0.567015, -0.0821122, 0.132271, 21
0.569213, -0.0824305, 0.122252, 18
0.582896, -0.084412, 0.114485, 18
0.619872, -0.0897667, 0.11044, 17
3.94516, -0.571317, 0.631369, 53
0.764435, -0.110702, 0.108555, 11
0.73476, -0.106404, 0.0911583, 37
0.724412, -0.104906, 0.076933, 36
0.721686, -0.104511, 0.063798, 35
0.718729, -0.104083, 0.0507827, 37
0.715544, -0.103621, 0.0378912, 37
0.688395, -0.0996899, 0.02429, 39
0.720375, -0.104321, 0.0127054, 28
0.783824, -0.113509, 0, 0
0.546554, -0.0809031, 0.148044, 24
0.556706, -0.0824057, 0.140315, 23
0.562899, -0.0833224, 0.131371, 22
0.580563, -0.0859371, 0.124747, 19
0.586512, -0.0868178, 0.115249, 18
0.623483, -0.0922904, 0.111135, 17
3.95116, -0.584866, 0.632621, 54
0.764084, -0.113103, 0.108555, 12
0.730495, -0.108131, 0.0906708, 39
0.724078, -0.107181, 0.076933, 37
0.721355, -0.106778, 0.063798, 34
0.714452, -0.105756, 0.0505037, 36
0.711263, -0.105284, 0.0376819, 38
0.692033, -0.102437, 0.0244296, 39
0.716087, -0.105998, 0.0126355, 28
0, 0, 0, 0
0.553938, -0.0837752, 0.150115, 25
0.556444, -0.0841542, 0.140315, 24
0.570341, -0.086256, 0.133171, 24
0.576421, -0.0871755, 0.123915, 20
0.582354, -0.0880728, 0.114485, 18
0.627085, -0.0948377, 0.111829, 17
3.9493, -0.597276, 0.632621, 53
0.759808, -0.11491, 0.107998, 13
0.734077, -0.111019, 0.0911583, 40
0.723738, -0.109455, 0.076933, 38
0.721016, -0.109043, 0.063798, 34
0.718061, -0.108597, 0.0507827, 35
0.714878, -0.108115, 0.0378912, 40
0.691708, -0.104611, 0.0244296, 39
0.715751, -0.108247, 0.0126355, 29
0, 0, 0, 0
0.549854, -0.0849253, 0.14908, 26
0.556177, -0.0859019, 0.140315, 24
0.562364, -0.0868576, 0.131371, 25
0.580011, -0.0895832, 0.124747, 21
0.582075, -0.0899019, 0.114485, 17
0.630677, -0.0974086, 0.112524, 16
3.95131, -0.610283, 0.633247, 52
0.755529, -0.116692, 0.107442, 16
0.733725, -0.113324, 0.0911583, 40
0.719459, -0.111121, 0.0765148, 39
0.724607, -0.111916, 0.0641466, 34
0.713773, -0.110243, 0.0505037, 34
0.714535, -0.110361, 0.0378912, 40
0.699277, -0.108004, 0.0247088, 37
0.715407, -0.110495, 0.0126355, 30
0, 0, 0, 0
0.549584, -0.0866523, 0.14908, 28
0.555904, -0.0876488, 0.140315, 25
0.565938, -0.0892309, 0.132271, 26
0.575862, -0.0907955, 0.123915, 21
0.581789, -0.0917301, 0.114485, 17
0.630368, -0.0993894, 0.112524, 15
3.95328, -0.623309, 0.633872, 52
0.747333, -0.117831, 0.106328, 20
0.729443, -0.11501, 0.0906708, 40
0.723036, -0.114, 0.076933, 38
0.720316, -0.113571, 0.063798, 34
0.709482, -0.111863, 0.0502247, 33
0.714185, -0.112605, 0.0378912, 40
0.694986, -0.109578, 0.0245692, 37
0.711106, -0.112119, 0.0125657, 29
0, 0, 0, 0
0.553124, -0.0889922, 0.150115, 28
0.555626, -0.0893948, 0.140315, 26
0.573351, -0.0922466, 0.134071, 27
0.575574, -0.0926042, 0.123915, 22
0.585375, -0.0941811, 0.115249, 17
0.633942, -0.101995, 0.113219, 16
3.9513, -0.635725, 0.633872, 51
0.75087, -0.120808, 0.106885, 22
0.725159, -0.116671, 0.0901833, 39
0.718747, -0.115639, 0.0765148, 35
0.72389, -0.116467, 0.0641466, 32
0.713066, -0.114725, 0.0505037, 32
0.713828, -0.114848, 0.0378912, 40
0.694638, -0.11176, 0.0245692, 37
0.71075, -0.114353, 0.0125657, 29
0, 0, 0, 0
0.541403, -0.0888523, 0.147009, 28
0.555342, -0.0911399, 0.140315, 27
0.565367, -0.092785, 0.132271, 28
0.571419, -0.0937783, 0.123084, 23
0.588951, -0.0966555, 0.116012, 18
0.629731, -0.103348, 0.112524, 16
3.95708, -0.649415, 0.635124, 51
0.746578, -0.122524, 0.106328, 24
0.728706, -0.119591, 0.0906708, 36
0.722306, -0.118541, 0.076933, 33
0.715656, -0.11745, 0.0634494, 31
0.712702, -0.116965, 0.0505037, 31
0.713463, -0.11709, 0.0378912, 39
0.690339, -0.113295, 0.0244296, 38
0.710387, -0.116585, 0.0125657, 28
0, 0, 0, 0
0.552554, -0.0924658, 0.150115, 29
0.555053, -0.0928841, 0.140315, 27
0.568916, -0.0952039, 0.133171, 28
0.57884, -0.0968646, 0.124747, 23
0.588644, -0.0985052, 0.116012, 18
0.629403, -0.105326, 0.112524, 17
3.95502, -0.661843, 0.635124, 49
0.742282, -0.124215, 0.105772, 25
0.724411, -0.121225, 0.0901833, 39
0.714083, -0.119496, 0.0760967, 33
0.715284, -0.119697, 0.0634494, 33
0.708396, -0.118545, 0.0502247, 32
0.713092, -0.119331, 0.0378912, 40
0.693922, -0.116123, 0.0245692, 38
0.710018, -0.118816, 0.0125657, 28
0, 0, 0, 0
0.544643, -0.0929019, 0.148044, 29
0.554759, -0.0946274, 0.140315, 27
0.564772, -0.0963354, 0.132271, 27
0.578533, -0.0986826, 0.124747, 23
0.588332, -0.100354, 0.116012, 18
0.632953, -0.107965, 0.113219, 17
3.95682, -0.674929, 0.63575, 46
0.737984, -0.125881, 0.105215, 25
0.731854, -0.124835, 0.0911583, 37
0.713704, -0.121739, 0.0760967, 31
0.707048, -0.120604, 0.0627521, 29
0.711953, -0.121441, 0.0505037, 30
0.708776, -0.120899, 0.0376819, 39
0.697495, -0.118974, 0.0247088, 38
0.709641, -0.121046, 0.0125657, 28
0, 0, 0, 0
0.548155, -0.0952741, 0.14908, 30
0.558283, -0.0970344, 0.141282, 26
0.568307, -0.0987766, 0.133171, 26
0.574365, -0.0998296, 0.123915, 23
0.588014, -0.102202, 0.116012, 19
0.63261, -0.109953, 0.113219, 17
3.95857, -0.688033, 0.636375, 44
0.737585, -0.128199, 0.105215, 29
0.723635, -0.125774, 0.0901833, 36
0.713318, -0.123981, 0.0760967, 34
0.706666, -0.122825, 0.0627521, 34
0.703706, -0.12231, 0.0499456, 32
0.712328, -0.123809, 0.0378912, 40
0.697117, -0.121165, 0.0247088, 37
0.705317, -0.12259, 0.0124959, 26
0, 0, 0, 0
0.551658, -0.0976693, 0.150115, 29
0.554153, -0.0981111, 0.140315, 27
0.564156, -0.0998821, 0.132271, 25
0.577901, -0.102316, 0.124747, 23
0.591556, -0.104733, 0.116775, 19
0.632262, -0.11194, 0.113219, 17
3.96417, -0.701844, 0.637627, 42
0.733278, -0.129825, 0.104658, 33
0.723236, -0.128047, 0.0901833, 40
0.712925, -0.126221, 0.0760967, 38
0.7102, -0.125739, 0.0631008, 37
0.707247, -0.125216, 0.0502247, 35
0.711936, -0.126046, 0.0378912, 39
0.696733, -0.123354, 0.0247088, 38
0.708866, -0.125503, 0.0125657, 28
0, 0, 0, 0
0.547546, -0.0987163, 0.14908, 30
0.557662, -0.10054, 0.141282, 26
0.567675, -0.102345, 0.133171, 25
0.577577, -0.104131, 0.124747, 24
0.591224, -0.106591, 0.116775, 19
0.631907, -0.113926, 0.113219, 17
3.95417, -0.712892, 0.636375, 36
0.732866, -0.132128, 0.104658, 37
0.722831, -0.130318, 0.0901833, 42
0.712525, -0.12846, 0.0760967, 38
0.70588, -0.127262, 0.0627521, 37
0.698996, -0.126021, 0.0496666, 36
0.711536, -0.128282, 0.0378912, 38
0.692408, -0.124833, 0.0245692, 37
0.708468, -0.127729, 0.0125657, 27
0, 0, 0, 0
0.554833, -0.101831, 0.15115, 29
0.557343, -0.102292, 0.141282, 27
0.563517, -0.103425, 0.132271, 25
0.577247, -0.105945, 0.124747, 23
0.590886, -0.108448, 0.116775, 19
0.635421, -0.116621, 0.113913, 16
3.96357, -0.72745, 0.638253, 32
0.728552, -0.133714, 0.104101, 39
0.722418, -0.132588, 0.0901833, 41
0.712117, -0.130698, 0.0760967, 39
0.709396, -0.130199, 0.0631008, 37
0.702522, -0.128937, 0.0499456, 36
0.707201, -0.129796, 0.0376819, 39
0.695944, -0.12773, 0.0247088, 37
0.711997, -0.130676, 0.0126355, 28
3.23005, -0.592825, 0, 1
0.546915, -0.102155, 0.14908, 29
0.560835, -0.104755, 0.14225, 26
0.56319, -0.105195, 0.132271, 25
0.576911, -0.107758, 0.124747, 23
0.590543, -0.110304, 0.116775, 19
0.627306, -0.117171, 0.112524, 16
3.96514, -0.740624, 0.638878, 28
0.728128, -0.136002, 0.104101, 40
0.7259, -0.135586, 0.0906708, 41
0.715614, -0.133665, 0.0765148, 39
0.705066, -0.131695, 0.0627521, 38
0.702113, -0.131143, 0.0499456, 35
0.710716, -0.13275, 0.0378912, 37
0.69554, -0.129915, 0.0247088, 37
0.711583, -0.132912, 0.0126355, 28
3.22031, -0.601501, 0, 1
0.550387, -0.104594, 0.150115, 30
0.55669, -0.105792, 0.141282, 26
0.566685, -0.107691, 0.133171, 25
0.57657, -0.109569, 0.124747, 22
0.590193, -0.112158, 0.116775, 18
0.634675, -0.120612, 0.113913, 17
3.96668, -0.753815, 0.639504, 24
0.727697, -0.138289, 0.104101, 40
0.729371, -0.138607, 0.0911583, 40
0.711282, -0.13517, 0.0760967, 40
0.708564, -0.134653, 0.0631008, 39
0.697778, -0.132603, 0.0496666, 34
0.706371, -0.134237, 0.0376819, 37
0.699055, -0.132846, 0.0248484, 37
0.707233, -0.1344, 0.0125657, 28
3.2184, -0.611614, 0, 1
0.546262, -0.105589, 0.14908, 30
0.556355, -0.10754, 0.141282, 26
0.566344, -0.109471, 0.133171, 25
0.572381, -0.110638, 0.123915, 22
0.593693, -0.114757, 0.117538, 18
0.634293, -0.122605, 0.113913, 17
3.96817, -0.767023, 0.64013, 20
0.727259, -0.140575, 0.104101, 38
0.725034, -0.140145, 0.0906708, 39
0.706948, -0.136649, 0.0756786, 38
0.704225, -0.136122, 0.0627521, 38
0.697358, -0.134795, 0.0496666, 35
0.705946, -0.136455, 0.0376819, 37
0.690785, -0.133524, 0.0245692, 38
0.706807, -0.136621, 0.0125657, 27
0, 0, 0, 0
0.549719, -0.10805, 0.150115, 30
0.552206, -0.108539, 0.140315, 25
0.565997, -0.111249, 0.133171, 25
0.57587, -0.11319, 0.124747, 22
0.59333, -0.116622, 0.117538, 18
0.63777, -0.125357, 0.114608, 16
3.97349, -0.781009, 0.641381, 17
0.7307, -0.143623, 0.104658, 39
0.72459, -0.142422, 0.0906708, 39
0.706515, -0.138869, 0.0756786, 37
0.711614, -0.139871, 0.0634494, 37
0.696931, -0.136985, 0.0496666, 36
0.709434, -0.139443, 0.0378912, 36
0.698207, -0.137236, 0.0248484, 38
0.710299, -0.139613, 0.0126355, 27
0, 0, 0, 0
0.549377, -0.109776, 0.150115, 29
0.551862, -0.110273, 0.140315, 25
0.561823, -0.112263, 0.132271, 25
0.575512, -0.114999, 0.124747, 21
0.58526, -0.116946, 0.116012, 18
0.641236, -0.128132, 0.115302, 16
3.97877, -0.795036, 0.642633, 12
0.722477, -0.144365, 0.103545, 39
0.720246, -0.143919, 0.0901833, 39
0.706076, -0.141088, 0.0756786, 38
0.707263, -0.141325, 0.0631008, 39
0.70041, -0.139956, 0.0499456, 36
0.701158, -0.140105, 0.0374725, 36
0.693852, -0.138645, 0.0247088, 38
0.705935, -0.14106, 0.0125657, 28
0, 0, 0, 0
0.549029, -0.111502, 0.150115, 28
0.555316, -0.112779, 0.141282, 26
0.565287, -0.114804, 0.133171, 26
0.571313, -0.116027, 0.123915, 21
0.588737, -0.119566, 0.116775, 17
0.63697, -0.129361, 0.114608, 17
3.984, -0.809105, 0.643884, 9
0.725902, -0.147423, 0.104101, 39
0.7159, -0.145391, 0.0896958, 40
0.709528, -0.144097, 0.0760967, 39
0.706816, -0.143546, 0.0631008, 39
0.699967, -0.142155, 0.0499456, 35
0.704629, -0.143102, 0.0376819, 37
0.693413, -0.140824, 0.0247088, 38
0.705488, -0.143277, 0.0125657, 27
3.7475, -0.761075, 0, 45
0.548676, -0.113226, 0.150115, 28
0.551158, -0.113738, 0.140315, 25
0.564924, -0.116579, 0.133171, 25
0.574778, -0.118612, 0.124747, 21
0.592204, -0.122208, 0.117538, 17
0.63656, -0.131362, 0.114608, 17
0.746761, -0.154103, 0.120767, 7
0.729314, -0.150503, 0.104658, 41
0.719327, -0.148442, 0.0901833, 42
0.705175, -0.145521, 0.0756786, 38
0.710264, -0.146572, 0.0634494, 39
0.695609, -0.143547, 0.0496666, 35
0.704176, -0.145315, 0.0376819, 37
0.689052, -0.142194, 0.0245692, 39
0.705035, -0.145492, 0.0125657, 27
3.75292, -0.774461, 0, 47
0.548318, -0.114949, 0.150115, 28
0.554597, -0.116265, 0.141282, 25
0.56074, -0.117553, 0.132271, 24
0.578231, -0.12122, 0.125579, 21
0.591817, -0.124068, 0.117538, 16
0.632289, -0.132553, 0.113913, 17
0.742406, -0.155638, 0.120142, 8
0.721084, -0.151168, 0.103545, 42
0.718858, -0.150701, 0.0901833, 44
0.704715, -0.147736, 0.0756786, 39
0.7059, -0.147985, 0.0631008, 40
0.69906, -0.146551, 0.0499456, 35
0.699806, -0.146707, 0.0374725, 38
0.696427, -0.145999, 0.0248484, 39
0.708488, -0.148527, 0.0126355, 27
3.75047, -0.786247, 0, 63
0.551733, -0.117476, 0.15115, 28
0.554229, -0.118007, 0.141282, 25
0.567992, -0.120938, 0.134071, 24
0.581675, -0.123851, 0.12641, 20
0.595265, -0.126745, 0.118302, 16
0.635722, -0.135359, 0.114608, 17
0.741914, -0.157969, 0.120142, 8
0.72448, -0.154257, 0.104101, 42
0.722264, -0.153785, 0.0906708, 45
0.704247, -0.149949, 0.0756786, 39
0.709329, -0.151031, 0.0634494, 40
0.698596, -0.148746, 0.0499456, 34
0.699342, -0.148905, 0.0374725, 39
0.692055, -0.147353, 0.0247088, 40
0.708018, -0.150752, 0.0126355, 27
3.7519, -0.798859, 0, 66
0.543808, -0.117575, 0.14908, 27
0.553855, -0.119748, 0.141282, 26
0.571419, -0.123545, 0.134971, 24
0.573634, -0.124024, 0.124747, 21
0.594864, -0.128614, 0.118302, 17
0.635294, -0.137355, 0.114608, 16
0.741414, -0.160299, 0.120142, 9
0.72012, -0.155696, 0.103545, 40
0.714016, -0.154376, 0.0896958, 45
0.703773, -0.152161, 0.0756786, 40
0.704956, -0.152417, 0.0631008, 40
0.698125, -0.15094, 0.0499456, 34
0.698871, -0.151101, 0.0374725, 39
0.691589, -0.149527, 0.0247088, 40
0.703632, -0.152131, 0.0125657, 26
3.74937, -0.810642, 0, 64
0.543436, -0.119283, 0.14908, 27
0.553476, -0.121487, 0.141282, 25
0.563414, -0.123668, 0.133171, 24
0.577063, -0.126664, 0.125579, 20
0.594457, -0.130482, 0.118302, 18
0.638707, -0.140195, 0.115302, 16
0.72933, -0.160087, 0.118264, 12
0.723497, -0.158806, 0.104101, 38
0.717405, -0.157469, 0.0901833, 42
0.703291, -0.154371, 0.0756786, 39
0.708366, -0.155485, 0.0634494, 39
0.697647, -0.153132, 0.0499456, 35
0.702294, -0.154152, 0.0376819, 37
0.691116, -0.151699, 0.0247088, 39
0.703151, -0.15434, 0.0125657, 26
3.75852, -0.82499, 0, 65
0.54683, -0.12183, 0.150115, 26
0.55688, -0.124069, 0.14225, 26
0.566827, -0.126285, 0.134071, 24
0.580482, -0.129328, 0.12641, 20
0.597877, -0.133203, 0.119065, 18
0.634418, -0.141344, 0.114608, 17
0.732679, -0.163236, 0.11889, 17
0.719128, -0.160217, 0.103545, 36
0.716907, -0.159722, 0.0901833, 39
0.702803, -0.15658, 0.0756786, 38
0.703985, -0.156843, 0.0631008, 40
0.697163, -0.155323, 0.0499456, 35
0.697908, -0.155489, 0.0374725, 39
0.690636, -0.153869, 0.0247088, 38
0.706566, -0.157418, 0.0126355, 26
3.7481, -0.835054, 0, 66
0.546444, -0.123547, 0.150115, 26
0.552702, -0.124962, 0.141282, 25
0.566428, -0.128066, 0.134071, 24
0.583889, -0.132013, 0.127242, 20
0.597455, -0.135081, 0.119065, 18
0.637814, -0.144205, 0.115302, 17
0.728309, -0.164666, 0.118264, 18
0.722485, -0.163349, 0.104101, 36
0.712529, -0.161098, 0.0896958, 39
0.706187, -0.159664, 0.0760967, 38
0.703488, -0.159054, 0.0631008, 38
0.696672, -0.157513, 0.0499456, 35
0.697416, -0.157681, 0.0374725, 37
0.694048, -0.15692, 0.0248484, 37
0.706068, -0.159637, 0.0126355, 25
3.75717, -0.849471, 0, 69
0.546054, -0.125264, 0.150115, 26
0.55609, -0.127566, 0.14225, 26
0.569821, -0.130716, 0.134971, 24
0.575844, -0.132097, 0.125579, 21
0.597028, -0.136957, 0.119065, 18
0.641197, -0.147089, 0.115997, 18
0.727789, -0.166953, 0.118264, 19
0.718107, -0.164732, 0.103545, 35
0.71202, -0.163336, 0.0896958, 39
0.705682, -0.161882, 0.0760967, 37
0.702985, -0.161263, 0.0631008, 39
0.696173, -0.159701, 0.0499456, 36
0.70081, -0.160764, 0.0376819, 37
0.689655, -0.158206, 0.0247088, 36
0.709461, -0.162749, 0.0127054, 24
3.75058, -0.860376, 0, 67
0.54942, -0.127854, 0.15115, 26
0.551906, -0.128433, 0.141282, 26
0.569408, -0.132505, 0.134971, 24
0.579237, -0.134793, 0.12641, 21
0.596595, -0.138832, 0.119065, 18
0.636895, -0.14821, 0.115302, 18
0.723413, -0.168343, 0.117639, 20
0.70987, -0.165192, 0.102431, 37
0.711503, -0.165572, 0.0896958, 37
0.70517, -0.164098, 0.0760967, 35
0.698594, -0.162568, 0.0627521, 37
0.699555, -0.162791, 0.0502247, 36
0.69252, -0.161155, 0.0372632, 37
0.689155, -0.160371, 0.0247088, 36
0.705051, -0.164071, 0.0126355, 23
3.75565, -0.873967, 0, 66
0.545256, -0.128692, 0.150115, 26
0.555277, -0.131057, 0.14225, 25
0.561402, -0.132503, 0.133171, 24
0.578811, -0.136612, 0.12641, 20
0.599977, -0.141607, 0.119828, 19
0.636426, -0.15021, 0.115302, 18
0.726725, -0.171523, 0.118264, 23
0.709348, -0.167421, 0.102431, 41
0.703251, -0.165982, 0.0887209, 40
0.704651, -0.166313, 0.0760967, 36
0.701958, -0.165677, 0.0631008, 37
0.702923, -0.165905, 0.0505037, 35
0.699786, -0.165165, 0.0376819, 37
0.684757, -0.161617, 0.0245692, 36
0.708425, -0.167203, 0.0127054, 22
3.75289, -0.885762, 0, 69
0.548606, -0.131304, 0.15115, 27
0.554863, -0.132801, 0.14225, 24
0.560983, -0.134266, 0.133171, 24
0.582184, -0.13934, 0.127242, 20
0.599529, -0.143492, 0.119828, 20
0.639782, -0.153126, 0.115997, 18
0.726183, -0.173805, 0.118264, 25
0.71267, -0.170571, 0.102988, 43
0.710449, -0.170039, 0.0896958, 44
0.700256, -0.1676, 0.0756786, 38
0.701434, -0.167882, 0.0631008, 38
0.694637, -0.166255, 0.0499456, 35
0.695379, -0.166432, 0.0374725, 37
0.692021, -0.165629, 0.0248484, 36
0.711785, -0.170359, 0.0127752, 21
3.75398, -0.898479, 0, 69
0.551946, -0.133938, 0.152186, 26
0.554443, -0.134544, 0.14225, 23
0.568134, -0.137866, 0.134971, 24
0.585545, -0.142091, 0.128074, 21
0.602891, -0.1463, 0.120591, 20
0.63547, -0.154206, 0.115302, 19
0.721794, -0.175154, 0.117639, 27
0.708282, -0.171875, 0.102431, 45
0.709911, -0.17227, 0.0896958, 45
0.703592, -0.170737, 0.0760967, 38
0.704776, -0.171024, 0.0634494, 38
0.701867, -0.170318, 0.0505037, 35
0.694853, -0.168616, 0.0374725, 36
0.691498, -0.167802, 0.0248484, 37
0.70736, -0.171651, 0.0127054, 21
3.75891, -0.912154, 0, 68
0.551522, -0.135671, 0.152186, 24
0.550249, -0.135358, 0.141282, 21
0.567698, -0.13965, 0.134971, 23
0.581297, -0.142995, 0.127242, 22
0.602429, -0.148194, 0.120591, 19
0.642633, -0.158084, 0.116692, 19
0.713567, -0.175533, 0.116387, 31
0.711585, -0.175045, 0.102988, 44
0.709366, -0.1745, 0.0896958, 45
0.69919, -0.171996, 0.0756786, 38
0.704235, -0.173237, 0.0634494, 39
0.697454, -0.171569, 0.0502247, 35
0.702077, -0.172707, 0.0378912, 35
0.687085, -0.169019, 0.0247088, 38
0.702934, -0.172917, 0.0126355, 18
3.75603, -0.923959, 0, 71
0.554842, -0.138338, 0.153221, 22
0.557352, -0.138964, 0.143218, 21
0.567256, -0.141433, 0.134971, 22
0.580845, -0.144821, 0.127242, 21
0.59815, -0.149136, 0.119828, 19
0.63831, -0.159149, 0.115997, 20
0.720679, -0.179685, 0.117639, 32
0.711031, -0.17728, 0.102988, 43
0.708815, -0.176727, 0.0896958, 46
0.702506, -0.175154, 0.0760967, 40
0.699821, -0.174485, 0.0631008, 39
0.700783, -0.174725, 0.0505037, 35
0.697655, -0.173945, 0.0376819, 34
0.698187, -0.174078, 0.0251276, 39
0.706268, -0.176092, 0.0127054, 16
3.75698, -0.936722, 0, 70
0.554405, -0.14008, 0.153221, 20
0.55315, -0.139763, 0.14225, 19
0.566809, -0.143214, 0.134971, 20
0.58418, -0.147603, 0.128074, 20
0.601486, -0.151976, 0.120591, 19
0.641627, -0.162118, 0.116692, 19
0.716281, -0.180981, 0.117013, 29
0.714311, -0.180483, 0.103545, 41
0.708256, -0.178953, 0.0896958, 44
0.705809, -0.178335, 0.0765148, 41
0.699269, -0.176683, 0.0631008, 39
0.692493, -0.174971, 0.0499456, 36
0.697106, -0.176136, 0.0376819, 34
0.689885, -0.174312, 0.0248484, 38
0.717344, -0.181249, 0.0129148, 14
3.7579, -0.9495, 0, 72
0.561448, -0.143738, 0.155291, 19
0.556468, -0.142463, 0.143218, 20
0.562581, -0.144028, 0.134071, 20
0.579923, -0.148467, 0.127242, 20
0.601005, -0.153865, 0.120591, 20
0.637298, -0.163156, 0.115997, 18
0.715709, -0.18323, 0.117013, 30
0.706066, -0.180762, 0.102431, 37
0.70769, -0.181177, 0.0896958, 40
0.697537, -0.178578, 0.0756786, 41
0.698711, -0.178879, 0.0631008, 39
0.699671, -0.179124, 0.0505037, 37
0.700418, -0.179316, 0.0378912, 34
0.689335, -0.176478, 0.0248484, 39
0.709022, -0.181518, 0.0127752, 13
3.75878, -0.962293, 0, 72
0.553514, -0.143561, 0.153221, 18
0.556018, -0.14421, 0.143218, 20
0.565898, -0.146773, 0.134971, 19
0.575667, -0.149306, 0.12641, 19
0.596718, -0.154766, 0.119828, 20
0.640595, -0.166146, 0.116692, 19
0.715129, -0.185478, 0.117013, 32
0.70166, -0.181984, 0.101875, 37
0.699431, -0.181406, 0.0887209, 40
0.700824, -0.181767, 0.0760967, 39
0.698145, -0.181073, 0.0631008, 40
0.699105, -0.181322, 0.0505037, 36
0.695985, -0.180512, 0.0376819, 36
0.688777, -0.178643, 0.0248484, 38
3.79, -0.982985, 0.0683436, 15
3.75186, -0.973092, 0, 73
0.556797, -0.146281, 0.154256, 19
0.559316, -0.146943, 0.144185, 20
0.565434, -0.14855, 0.134971, 19
0.575195, -0.151114, 0.12641, 16
0.600027, -0.157638, 0.120591, 20
0.64388, -0.169159, 0.117386, 20
0.714543, -0.187724, 0.117013, 30
0.704916, -0.185194, 0.102431, 36
0.698858, -0.183603, 0.0887209, 40
0.700249, -0.183968, 0.0760967, 39
0.697573, -0.183265, 0.0631008, 39
0.694673, -0.182503, 0.0502247, 37
0.699278, -0.183713, 0.0378912, 35
0.688212, -0.180806, 0.0248484, 38
3.78303, -0.99387, 0.0682738, 18
3.75652, -0.986907, 0, 72
0.563802, -0.150016, 0.156327, 22
0.562602, -0.149697, 0.145153, 23
0.564965, -0.150326, 0.134971, 19
0.578498, -0.153926, 0.127242, 16
0.595734, -0.158513, 0.119828, 19
0.639539, -0.170168, 0.116692, 20
0.706314, -0.187936, 0.115762, 30
0.708159, -0.188426, 0.102988, 36
0.702115, -0.186818, 0.0892084, 39
0.691979, -0.184121, 0.0752605, 37
0.700845, -0.18648, 0.0634494, 40
0.694096, -0.184685, 0.0502247, 36
0.698697, -0.185909, 0.0378912, 35
0.691504, -0.183995, 0.024988, 38
3.79535, -1.00986, 0.0685531, 21
3.75727, -0.999732, 0, 73
0.559598, -0.150781, 0.155291, 24
0.558382, -0.150454, 0.144185, 24
0.568253, -0.153114, 0.13587, 19
0.58179, -0.156761, 0.128074, 16
0.595233, -0.160383, 0.119828, 18
0.639001, -0.172176, 0.116692, 21
0.709535, -0.191182, 0.116387, 29
0.696089, -0.187559, 0.101318, 40
0.701524, -0.189023, 0.0892084, 40
0.695238, -0.187329, 0.0756786, 36
0.696408, -0.187644, 0.0631008, 38
0.697365, -0.187902, 0.0505037, 36
0.701967, -0.189142, 0.0381006, 36
0.694782, -0.187206, 0.0251276, 38
3.79216, -1.02178, 0.0685531, 23
3.75411, -1.01153, 0, 73
0.562849, -0.153556, 0.156327, 27
0.557906, -0.152207, 0.144185, 24
0.567769, -0.154898, 0.13587, 19
0.585069, -0.159618, 0.128905, 18
0.598514, -0.163286, 0.120591, 16
0.634657, -0.173146, 0.115997, 21
0.705119, -0.19237, 0.115762, 30
0.70314, -0.19183, 0.102431, 41
0.700927, -0.191226, 0.0892084, 43
0.694646, -0.189513, 0.0756786, 37
0.699659, -0.19088, 0.0634494, 37
0.692922, -0.189042, 0.0502247, 35
0.697515, -0.190295, 0.0378912, 37
0.690334, -0.188336, 0.024988, 38
3.78893, -1.03369, 0.0685531, 24
3.75863, -1.02543, 0, 73
0.566088, -0.156352, 0.157362, 28
0.557425, -0.153959, 0.144185, 24
0.571037, -0.157719, 0.13677, 18
0.584565, -0.161455, 0.128905, 18
0.601783, -0.166211, 0.121355, 15
0.641704, -0.177237, 0.117386, 21
0.704511, -0.194584, 0.115762, 29
0.698715, -0.192983, 0.101875, 41
0.70415, -0.194484, 0.0896958, 44
0.694048, -0.191694, 0.0756786, 38
0.699056, -0.193077, 0.0634494, 37
0.692325, -0.191218, 0.0502247, 34
0.700765, -0.193549, 0.0381006, 38
0.693592, -0.191568, 0.0251276, 39
3.78952, -1.04665, 0.0686229, 30
3.75925, -1.03829, 0, 74
0.565594, -0.158129, 0.157362, 29
0.564415, -0.1578, 0.146121, 25
0.570538, -0.159512, 0.13677, 19
0.580286, -0.162237, 0.128074, 19
0.60504, -0.169158, 0.122118, 16
0.641144, -0.179252, 0.117386, 20
0.700092, -0.195733, 0.115136, 29
0.698106, -0.195177, 0.101875, 40
0.699712, -0.195626, 0.0892084, 45
0.697273, -0.194945, 0.0760967, 37
0.698446, -0.195272, 0.0634494, 37
0.69172, -0.193392, 0.0502247, 36
0.700153, -0.19575, 0.0381006, 37
0.689137, -0.19267, 0.024988, 40
3.78621, -1.05855, 0.0686229, 32
3.75597, -1.0501, 0, 77
0.568812, -0.160958, 0.158397, 30
0.563916, -0.159572, 0.146121, 24
0.566284, -0.160242, 0.13587, 18
0.587303, -0.16619, 0.129737, 19
0.600727, -0.169989, 0.121355, 17
0.640577, -0.181265, 0.117386, 20
0.707076, -0.200082, 0.116387, 29
0.693677, -0.196291, 0.101318, 39
0.699094, -0.197824, 0.0892084, 44
0.696657, -0.197134, 0.0760967, 39
0.697829, -0.197466, 0.0634494, 36
0.694949, -0.196651, 0.0505037, 35
0.695691, -0.196861, 0.0378912, 37
0.692375, -0.195922, 0.0251276, 40
3.78671, -1.07153, 0.0686927, 39
3.7565, -1.06298, 0, 73
0.560875, -0.160616, 0.156327, 30
0.559681, -0.160274, 0.145153, 23
0.569525, -0.163093, 0.13677, 19
0.586778, -0.168034, 0.129737, 19
0.603965, -0.172956, 0.122118, 18
0.643792, -0.184361, 0.118081, 20
0.698848, -0.200128, 0.115136, 29
0.696865, -0.19956, 0.101875, 37
0.698469, -0.200019, 0.0892084, 43
0.696035, -0.199322, 0.0760967, 39
0.697205, -0.199657, 0.0634494, 38
0.690492, -0.197734, 0.0502247, 35
0.695069, -0.199045, 0.0378912, 36
0.691756, -0.198097, 0.0251276, 39
3.78717, -1.08452, 0.0687625, 44
3.76083, -1.07698, 0, 76
0.564078, -0.163453, 0.157362, 29
0.559175, -0.162032, 0.145153, 22
0.572753, -0.165967, 0.13767, 20
0.58249, -0.168788, 0.128905, 19
0.599647, -0.17376, 0.121355, 18
0.639426, -0.185286, 0.117386, 20
0.705805, -0.204521, 0.116387, 28
0.696235, -0.201748, 0.101875, 35
0.697837, -0.202212, 0.0892084, 41
0.695405, -0.201507, 0.0760967, 39
0.704229, -0.204065, 0.0641466, 39
0.689867, -0.199903, 0.0502247, 36
0.69444, -0.201228, 0.0378912, 36
0.69497, -0.201381, 0.0252672, 38
3.77222, -1.09308, 0.0685531, 49
3.76127, -1.0899, 0, 74
0.563562, -0.165224, 0.157362, 30
0.558663, -0.163788, 0.145153, 22
0.568489, -0.166669, 0.13677, 20
0.581956, -0.170617, 0.128905, 18
0.610402, -0.178957, 0.123644, 18
0.642621, -0.188403, 0.118081, 21
0.701368, -0.205626, 0.115762, 29
0.695598, -0.203934, 0.101875, 33
0.693388, -0.203286, 0.0887209, 40
0.694768, -0.203691, 0.0760967, 37
0.699761, -0.205155, 0.063798, 39
0.689236, -0.202069, 0.0502247, 35
0.697638, -0.204532, 0.0381006, 35
0.686662, -0.201314, 0.024988, 37
3.77645, -1.10717, 0.0686927, 60
3.75783, -1.10171, 0, 75
0.559336, -0.165895, 0.156327, 30
0.561866, -0.166646, 0.146121, 21
0.571699, -0.169562, 0.13767, 21
0.58892, -0.17467, 0.130569, 19
0.606072, -0.179757, 0.122881, 18
0.638249, -0.1893, 0.117386, 21
0.700719, -0.207828, 0.115762, 29
0.691156, -0.204992, 0.101318, 34
0.68894, -0.204335, 0.0882334, 40
0.694125, -0.205873, 0.0760967, 38
0.699113, -0.207352, 0.063798, 40
0.692423, -0.205368, 0.0505037, 36
0.693162, -0.205587, 0.0378912, 34
0.689858, -0.204607, 0.0251276, 37
3.76911, -1.11789, 0.0686229, 67
3.76202, -1.11579, 0, 76
0.562513, -0.168762, 0.157362, 29
0.56134, -0.16841, 0.146121, 20
0.571163, -0.171357, 0.13767, 21
0.584621, -0.175395, 0.129737, 18
0.605505, -0.18166, 0.122881, 19
0.641424, -0.192437, 0.118081, 22
0.700062, -0.210029, 0.115762, 29
0.686715, -0.206024, 0.100761, 35
0.688294, -0.206498, 0.0882334, 41
0.697285, -0.209196, 0.0765148, 38
0.694641, -0.208402, 0.0634494, 39
0.699418, -0.209836, 0.0510617, 35
0.692513, -0.207764, 0.0378912, 34
0.685383, -0.205625, 0.024988, 36
3.77325, -1.13203, 0.0687625, 69
3.75466, -1.12645, 0, 75
0.565677, -0.17165, 0.158397, 29
0.564522, -0.1713, 0.147089, 19
0.574352, -0.174282, 0.13857, 21
0.584067, -0.17723, 0.129737, 19
0.601174, -0.182421, 0.122118, 19
0.640817, -0.194451, 0.118081, 23
0.699399, -0.212227, 0.115762, 27
0.689855, -0.209331, 0.101318, 36
0.691442, -0.209812, 0.0887209, 42
0.689011, -0.209075, 0.0756786, 38
0.697796, -0.211741, 0.063798, 39
0.691119, -0.209714, 0.0505037, 36
0.695679, -0.211098, 0.0381006, 33
0.688559, -0.208938, 0.0251276, 37
3.76967, -1.14388, 0.0687625, 71
3.76259, -1.14173, 0, 75
0.561441, -0.172293, 0.157362, 28
0.571402, -0.17535, 0.149024, 18
0.570076, -0.174943, 0.13767, 21
0.590988, -0.18136, 0.1314, 19
0.600598, -0.184309, 0.122118, 18
0.640203, -0.196463, 0.118081, 22
0.698729, -0.214423, 0.115762, 26
0.68162, -0.209173, 0.100205, 37
0.686983, -0.210819, 0.0882334, 43
0.688351, -0.211238, 0.0756786, 38
0.697128, -0.213932, 0.063798, 40
0.694271, -0.213055, 0.0507827, 35
0.691194, -0.212111, 0.0378912, 34
0.691721, -0.212273, 0.0252672, 34
3.76606, -1.15571, 0.0687625, 72
3.75898, -1.15354, 0, 77
0.560897, -0.174056, 0.157362, 28
0.567142, -0.175994, 0.148056, 19
0.573245, -0.177888, 0.13857, 22
0.586678, -0.182056, 0.130569, 18
0.603766, -0.187359, 0.122881, 18
0.643344, -0.199641, 0.118775, 23
0.698052, -0.216617, 0.115762, 26
0.680959, -0.211313, 0.100205, 38
0.69011, -0.214153, 0.0887209, 43
0.691483, -0.214579, 0.0760967, 38
0.696452, -0.216121, 0.063798, 40
0.689788, -0.214053, 0.0505037, 35
0.698154, -0.216649, 0.0383099, 34
0.691051, -0.214445, 0.0252672, 32
3.77387, -1.1711, 0.0689719, 72
3.76298, -1.16772, 0, 74
0.564034, -0.176974, 0.158397, 27
0.562883, -0.176613, 0.147089, 19
0.576403, -0.180855, 0.13947, 22
0.589837, -0.18507, 0.1314, 18
0.60692, -0.19043, 0.123644, 18
0.638955, -0.200481, 0.118081, 23
0.697368, -0.218809, 0.115762, 27
0.684072, -0.214637, 0.100761, 37
0.693222, -0.217508, 0.0892084, 43
0.68701, -0.215559, 0.0756786, 39
0.69577, -0.218308, 0.063798, 41
0.689112, -0.216219, 0.0505037, 35
0.693659, -0.217645, 0.0381006, 36
0.686559, -0.215418, 0.0251276, 31
3.77017, -1.18295, 0.0689719, 71
3.76311, -1.18073, 0, 74
0.563475, -0.178745, 0.158397, 27
0.566025, -0.179554, 0.148056, 19
0.575832, -0.182665, 0.13947, 22
0.589252, -0.186922, 0.1314, 18
0.606319, -0.192336, 0.123644, 18
0.638323, -0.202488, 0.118081, 23
0.696677, -0.220999, 0.115762, 28
0.683394, -0.216785, 0.100761, 36
0.684966, -0.217284, 0.0882334, 42
0.68633, -0.217717, 0.0756786, 38
0.695081, -0.220493, 0.063798, 41
0.688429, -0.218383, 0.0505037, 35
0.696779, -0.221031, 0.0383099, 36
0.6935, -0.219991, 0.0254068, 32
3.77406, -1.1972, 0.0691115, 73
3.75938, -1.19255, 0, 76
0.562911, -0.180514, 0.158397, 25
0.569154, -0.182516, 0.149024, 19
0.571544, -0.183282, 0.13857, 21
0.588662, -0.188772, 0.1314, 19
0.61319, -0.196638, 0.125171, 18
0.633932, -0.203289, 0.117386, 22
0.695979, -0.223187, 0.115762, 29
0.678938, -0.217722, 0.100205, 35
0.688061, -0.220647, 0.0887209, 42
0.685642, -0.219872, 0.0756786, 37
0.694384, -0.222675, 0.063798, 39
0.691539, -0.221763, 0.0507827, 35
0.692278, -0.222, 0.0381006, 35
0.700419, -0.22461, 0.025686, 32
3.77028, -1.20905, 0.0691115, 73
3.75943, -1.20557, 0, 75
0.566017, -0.183473, 0.159433, 24
0.564885, -0.183106, 0.148056, 20
0.57838, -0.187481, 0.140369, 22
0.588066, -0.19062, 0.1314, 19
0.601364, -0.194931, 0.122881, 19
0.637038, -0.206494, 0.118081, 23
0.695275, -0.225372, 0.115762, 29
0.682018, -0.221075, 0.100761, 34
0.687364, -0.222808, 0.0887209, 43
0.688732, -0.223251, 0.0760967, 38
0.693681, -0.224855, 0.063798, 40
0.687043, -0.222704, 0.0505037, 34
0.695377, -0.225405, 0.0383099, 37
0.692104, -0.224344, 0.0254068, 33
3.77027, -1.22212, 0.0691813, 74
3.76323, -1.21984, 0, 76
0.561766, -0.184048, 0.158397, 23
0.567995, -0.186089, 0.149024, 21
0.581492, -0.19051, 0.141269, 21
0.591183, -0.193685, 0.132232, 20
0.608211, -0.199264, 0.124407, 20
0.643873, -0.210948, 0.11947, 23
0.690809, -0.226325, 0.115136, 30
0.673792, -0.22075, 0.0996479, 35
0.682888, -0.22373, 0.0882334, 41
0.688028, -0.225414, 0.0760967, 38
0.696758, -0.228274, 0.0641466, 40
0.690132, -0.226103, 0.0507827, 34
0.690869, -0.226345, 0.0381006, 37
0.698994, -0.229007, 0.025686, 32
3.77401, -1.23645, 0.069321, 75
3.76698, -1.23415, 0, 76
0.557517, -0.184597, 0.157362, 24
0.571093, -0.189092, 0.149992, 21
0.577191, -0.191111, 0.140369, 22
0.590571, -0.195541, 0.132232, 20
0.611309, -0.202408, 0.125171, 22
0.635728, -0.210493, 0.118081, 24
0.690094, -0.228494, 0.115136, 29
0.676856, -0.224111, 0.100205, 35
0.682182, -0.225874, 0.0882334, 41
0.683539, -0.226324, 0.0756786, 38
0.692255, -0.22921, 0.063798, 39
0.693206, -0.229525, 0.0510617, 32
0.697739, -0.231025, 0.0385193, 36
0.694476, -0.229945, 0.0255464, 33
3.7739, -1.24956, 0.0693908, 75
3.76309, -1.24598, 0, 76
0.560598, -0.187574, 0.158397, 25
0.574176, -0.192117, 0.150959, 23
0.580283, -0.19416, 0.141269, 22
0.593664, -0.198637, 0.133063, 21
0.606947, -0.203082, 0.124407, 23
0.635063, -0.212489, 0.118081, 25
0.68188, -0.228154, 0.113884, 30
0.672392, -0.224979, 0.0996479, 35
0.681469, -0.228016, 0.0882334, 41
0.686598, -0.229732, 0.0760967, 39
0.69531, -0.232648, 0.0641466, 39
0.688698, -0.230435, 0.0507827, 33
0.693222, -0.231949, 0.0383099, 35
0.697541, -0.233394, 0.025686, 33
3.77375, -1.26268, 0.0694606, 76
3.76674, -1.26033, 0, 74
0.563666, -0.190571, 0.159433, 23
0.569893, -0.192677, 0.149992, 26
0.583363, -0.19723, 0.142169, 21
0.593037, -0.200501, 0.133063, 21
0.613745, -0.207503, 0.125934, 24
0.634392, -0.214483, 0.118081, 25
0.68116, -0.230295, 0.113884, 27
0.667929, -0.225822, 0.0990913, 37
0.680749, -0.230156, 0.0882334, 42
0.689641, -0.233162, 0.0765148, 39
0.690801, -0.233555, 0.063798, 40
0.691751, -0.233876, 0.0510617, 33
0.696274, -0.235405, 0.0385193, 35
0.696804, -0.235584, 0.025686, 31
3.78113, -1.27837, 0.06967, 75
3.75897, -1.27088, 0, 77
0.566721, -0.19359, 0.160468, 22
0.572958, -0.195721, 0.150959, 27
0.58274, -0.199062, 0.142169, 22
0.592405, -0.202363, 0.133063, 22
0.609375, -0.20816, 0.125171, 24
0.633716, -0.216475, 0.118081, 25
0.680433, -0.232434, 0.113884, 27
0.667217, -0.227919, 0.0990913, 37
0.680022, -0.232293, 0.0882334, 41
0.681376, -0.232756, 0.0756786, 40
0.693835, -0.237012, 0.0641466, 40
0.691013, -0.236048, 0.0510617, 33
0.695531, -0.237591, 0.0385193, 36
0.699844, -0.239064, 0.0258256, 31
3.7771, -1.29024, 0.06967, 77
3.76632, -1.28656, 0, 76
0.56611, -0.19537, 0.160468, 20
0.57234, -0.19752, 0.150959, 27
0.582112, -0.200892, 0.142169, 25
0.599163, -0.206776, 0.134727, 22
0.608718, -0.210074, 0.125171, 25
0.629309, -0.21718, 0.117386, 26
0.675965, -0.233281, 0.113259, 27
0.662753, -0.228722, 0.0985346, 37
0.683042, -0.235724, 0.0887209, 40
0.688162, -0.237491, 0.0765148, 40
0.693087, -0.23919, 0.0641466, 40
0.694039, -0.239519, 0.0513408, 33
0.694781, -0.239775, 0.0385193, 35
0.699089, -0.241262, 0.0258256, 31
3.77681, -1.30341, 0.0697398, 77
3.76226, -1.29839, 0, 74
0.569142, -0.198419, 0.161503, 20
0.571717, -0.199317, 0.150959, 24
0.581478, -0.20272, 0.142169, 27
0.591121, -0.206082, 0.133063, 22
0.611762, -0.213278, 0.125934, 24
0.636063, -0.221749, 0.118775, 26
0.675228, -0.235404, 0.113259, 27
0.665771, -0.232107, 0.0990913, 37
0.678549, -0.236562, 0.0882334, 40
0.683657, -0.238342, 0.0760967, 40
0.692332, -0.241366, 0.0641466, 39
0.693284, -0.241698, 0.0513408, 34
0.694024, -0.241956, 0.0385193, 38
0.694553, -0.242141, 0.025686, 32
3.77647, -1.31658, 0.0698096, 79
3.76194, -1.31152, 0, 75
0.57216, -0.201489, 0.162538, 22
0.567427, -0.199823, 0.149992, 19
0.580838, -0.204545, 0.142169, 28
0.594161, -0.209237, 0.133895, 24
0.611089, -0.215199, 0.125934, 24
0.631647, -0.222438, 0.118081, 27
0.674486, -0.237524, 0.113259, 27
0.668775, -0.235513, 0.0996479, 36
0.674058, -0.237373, 0.0877459, 40
0.686657, -0.24181, 0.0765148, 40
0.687812, -0.242217, 0.063798, 39
0.692521, -0.243875, 0.0513408, 34
0.689493, -0.242809, 0.0383099, 38
0.69756, -0.24565, 0.0258256, 31
3.77986, -1.3311, 0.0699492, 75
3.76534, -1.32599, 0, 74
0.560603, -0.199401, 0.159433, 23
0.570453, -0.202905, 0.150959, 18
0.576521, -0.205063, 0.141269, 25
0.597188, -0.212414, 0.134727, 25
0.606711, -0.215801, 0.125171, 24
0.630945, -0.224421, 0.118081, 26
0.670014, -0.238318, 0.112633, 28
0.6643, -0.236285, 0.0990913, 36
0.67705, -0.24082, 0.0882334, 39
0.682146, -0.242633, 0.0760967, 38
0.690802, -0.245712, 0.0641466, 38
0.687992, -0.244712, 0.0510617, 34
0.696254, -0.247651, 0.0387286, 37
0.700551, -0.249179, 0.0259652, 33
3.77566, -1.34297, 0.0699492, 76
3.76493, -1.33915, 0, 77
0.570883, -0.20508, 0.162538, 23
0.569813, -0.204696, 0.150959, 19
0.579542, -0.208191, 0.142169, 22
0.596517, -0.214289, 0.134727, 24
0.60603, -0.217706, 0.125171, 26
0.62653, -0.225071, 0.117386, 25
0.669262, -0.240421, 0.112633, 28
0.663554, -0.238371, 0.0990913, 37
0.67629, -0.242946, 0.0882334, 39
0.68138, -0.244775, 0.0760967, 36
0.686276, -0.246534, 0.063798, 37
0.69473, -0.249571, 0.0516198, 34
0.695472, -0.249837, 0.0387286, 38
0.699765, -0.251379, 0.0259652, 33
3.77895, -1.35753, 0.0700889, 74
3.7607, -1.35097, 0, 74
0.566604, -0.205555, 0.161503, 25
0.576464, -0.209132, 0.152895, 21
0.578885, -0.210011, 0.142169, 18
0.588485, -0.213493, 0.133063, 24
0.605343, -0.219609, 0.125171, 24
0.633226, -0.229725, 0.118775, 26
0.664789, -0.241175, 0.112007, 28
0.659078, -0.239104, 0.0985346, 38
0.675523, -0.24507, 0.0882334, 39
0.673128, -0.244201, 0.0752605, 37
0.689244, -0.250047, 0.0641466, 37
0.690192, -0.250391, 0.0513408, 35
0.690929, -0.250658, 0.0385193, 38
0.695213, -0.252213, 0.0258256, 31
3.77843, -1.37076, 0.0701587, 76
3.76772, -1.36687, 0, 74
0.569583, -0.208663, 0.162538, 26
0.575804, -0.210942, 0.152895, 22
0.585541, -0.21451, 0.143969, 16
0.591485, -0.216687, 0.133895, 22
0.608337, -0.222861, 0.125934, 24
0.632501, -0.231713, 0.118775, 27
0.667738, -0.244622, 0.112633, 27
0.662043, -0.242536, 0.0990913, 38
0.667294, -0.244459, 0.0872585, 37
0.679829, -0.249051, 0.0760967, 35
0.688455, -0.252211, 0.0641466, 36
0.693148, -0.253931, 0.0516198, 35
0.690138, -0.252828, 0.0385193, 38
0.698171, -0.255771, 0.0259652, 31
3.78161, -1.38537, 0.0702983, 75
3.76716, -1.38008, 0, 74
0.568925, -0.210452, 0.162538, 26
0.571499, -0.211404, 0.151927, 20
0.58852, -0.2177, 0.144868, 18
0.594471, -0.219902, 0.134727, 18
0.607634, -0.224771, 0.125934, 24
0.628075, -0.232332, 0.118081, 26
0.670672, -0.248089, 0.113259, 27
0.657563, -0.24324, 0.0985346, 38
0.670247, -0.247932, 0.0877459, 38
0.679043, -0.251186, 0.0760967, 35
0.68766, -0.254373, 0.0641466, 35
0.688605, -0.254723, 0.0513408, 35
0.68934, -0.254995, 0.0385193, 38
0.697364, -0.257963, 0.0259652, 30
3.77724, -1.39724, 0.0702983, 75
3.76656, -1.39329, 0, 70
0.57188, -0.21359, 0.163574, 26
0.574468, -0.214556, 0.152895, 19
0.584182, -0.218184, 0.143969, 21
0.593777, -0.221768, 0.134727, 15
0.599568, -0.223931, 0.124407, 22
0.627342, -0.234304, 0.118081, 25
0.658786, -0.246048, 0.111381, 27
0.664217, -0.248076, 0.0996479, 39
0.665745, -0.248647, 0.0872585, 38
0.670797, -0.250534, 0.0752605, 35
0.686857, -0.256532, 0.0641466, 35
0.687801, -0.256885, 0.0513408, 33
0.69602, -0.259954, 0.038938, 37
0.700295, -0.261551, 0.0261048, 27
3.77658, -1.4105, 0.0703681, 76
3.76966, -1.40792, 0, 72
0.567591, -0.214022, 0.162538, 26
0.577422, -0.217729, 0.153862, 19
0.583494, -0.220019, 0.143969, 24
0.596739, -0.225013, 0.135558, 16
0.60621, -0.228584, 0.125934, 20
0.626603, -0.236274, 0.118081, 25
0.665403, -0.250904, 0.112633, 28
0.656022, -0.247367, 0.0985346, 39
0.67239, -0.253539, 0.0882334, 39
0.673729, -0.254044, 0.0756786, 35
0.678591, -0.255877, 0.0634494, 35
0.690724, -0.260452, 0.0516198, 33
0.691462, -0.26073, 0.0387286, 36
0.69947, -0.26375, 0.0261048, 25
3.77961, -1.42518, 0.0705077, 76
3.76896, -1.42117, 0, 73
0.570527, -0.217179, 0.163574, 28
0.573108, -0.218161, 0.152895, 19
0.586442, -0.223237, 0.144868, 25
0.592372, -0.225494, 0.134727, 19
0.605488, -0.230487, 0.125934, 18
0.622176, -0.23684, 0.117386, 25
0.653535, -0.248777, 0.110756, 28
0.655241, -0.249426, 0.0985346, 37
0.66417, -0.252825, 0.0872585, 39
0.672927, -0.256159, 0.0756786, 36
0.685232, -0.260843, 0.0641466, 35
0.689903, -0.262621, 0.0516198, 33
0.694373, -0.264322, 0.038938, 34
0.702374, -0.267368, 0.0262444, 23
3.78259, -1.4399, 0.0706473, 77
3.77195, -1.43585, 0, 72
0.569842, -0.21897, 0.163574, 27
0.576043, -0.221353, 0.153862, 20
0.585738, -0.225078, 0.144868, 26
0.595313, -0.228758, 0.135558, 22
0.604761, -0.232388, 0.125934, 17
0.621429, -0.238793, 0.117386, 23
0.656438, -0.252246, 0.111381, 28
0.66185, -0.254325, 0.0996479, 37
0.663372, -0.25491, 0.0872585, 39
0.672119, -0.258272, 0.0756786, 36
0.688128, -0.264423, 0.0644953, 35
0.689074, -0.264787, 0.0516198, 35
0.693539, -0.266502, 0.038938, 32
0.701531, -0.269573, 0.0262444, 21
3.78179, -1.45321, 0.0707171, 76
3.76743, -1.44769, 0, 74
0.569151, -0.220759, 0.163574, 27
0.575345, -0.223161, 0.153862, 21
0.592295, -0.229736, 0.146668, 25
0.594592, -0.230627, 0.135558, 23
0.600368, -0.232867, 0.125171, 18
0.628021, -0.243593, 0.118775, 22
0.651959, -0.252878, 0.110756, 28
0.661047, -0.256403, 0.0996479, 37
0.662568, -0.256993, 0.0872585, 39
0.663887, -0.257505, 0.0748424, 36
0.687294, -0.266584, 0.0644953, 35
0.691959, -0.268393, 0.0518988, 37
0.692698, -0.26868, 0.038938, 32
0.696953, -0.27033, 0.0261048, 20
3.77347, -1.46363, 0.0706473, 74
3.77032, -1.46241, 0, 73
0.568455, -0.222546, 0.163574, 26
0.574641, -0.224968, 0.153862, 22
0.587941, -0.230175, 0.145768, 24
0.597507, -0.23392, 0.13639, 23
0.606946, -0.237615, 0.126697, 20
0.623585, -0.244129, 0.118081, 22
0.65484, -0.256365, 0.111381, 31
0.660239, -0.258479, 0.0996479, 39
0.661757, -0.259073, 0.0872585, 39
0.666779, -0.261039, 0.0752605, 36
0.686453, -0.268742, 0.0644953, 36
0.691113, -0.270566, 0.0518988, 37
0.691851, -0.270855, 0.038938, 33
0.703546, -0.275433, 0.026384, 19
3.78003, -1.47985, 0.0708568, 77
3.7657, -1.47425, 0, 73
0.57494, -0.227171, 0.165644, 26
0.577541, -0.228198, 0.15483, 21
0.59084, -0.233453, 0.146668, 24
0.589492, -0.23292, 0.134727, 23
0.6135, -0.242406, 0.128224, 22
0.626478, -0.247535, 0.118775, 24
0.654031, -0.258421, 0.111381, 33
0.663107, -0.262007, 0.100205, 38
0.66094, -0.261151, 0.0872585, 40
0.673355, -0.266057, 0.0760967, 36
0.685606, -0.270897, 0.0644953, 36
0.690259, -0.272736, 0.0518988, 37
0.694712, -0.274495, 0.0391473, 36
0.698959, -0.276173, 0.0262444, 19
3.7828, -1.49466, 0.0709964, 77
3.76849, -1.48901, 0, 72
0.567045, -0.226113, 0.163574, 25
0.584031, -0.232887, 0.156765, 22
0.586484, -0.233865, 0.145768, 25
0.596026, -0.23767, 0.13639, 23
0.609088, -0.242878, 0.12746, 23
0.625698, -0.249501, 0.118775, 25
0.656886, -0.261938, 0.112007, 32
0.658601, -0.262622, 0.0996479, 38
0.660117, -0.263226, 0.0872585, 39
0.668821, -0.266697, 0.0756786, 36
0.684751, -0.27305, 0.0644953, 36
0.693105, -0.276381, 0.0521778, 38
0.693846, -0.276676, 0.0391473, 35
0.701801, -0.279848, 0.026384, 19
3.7818, -1.50802, 0.0710662, 73
3.77123, -1.50381, 0, 71
0.573501, -0.230778, 0.165644, 24
0.579696, -0.233271, 0.155798, 22
0.592977, -0.238616, 0.147568, 27
0.595276, -0.239541, 0.13639, 24
0.611964, -0.246256, 0.128224, 23
0.628565, -0.252936, 0.11947, 26
0.659725, -0.265475, 0.112633, 30
0.661448, -0.266169, 0.100205, 39
0.66297, -0.266781, 0.0877459, 39
0.66798, -0.268797, 0.0756786, 37
0.68389, -0.275199, 0.0644953, 36
0.692234, -0.278557, 0.0521778, 37
0.689267, -0.277363, 0.038938, 35
0.704627, -0.283544, 0.0265236, 19
3.78446, -1.52288, 0.0712058, 73
3.7702, -1.51714, 0, 72
0.572773, -0.232579, 0.165644, 22
0.582556, -0.236552, 0.156765, 23
0.585003, -0.237545, 0.145768, 27
0.601771, -0.244354, 0.138053, 24
0.60755, -0.2467, 0.12746, 22
0.624118, -0.253428, 0.118775, 27
0.658888, -0.267546, 0.112633, 29
0.660608, -0.268245, 0.100205, 39
0.662128, -0.268862, 0.0877459, 40
0.667132, -0.270894, 0.0756786, 38
0.683022, -0.277347, 0.0644953, 36
0.691355, -0.28073, 0.0521778, 38
0.692094, -0.28103, 0.0391473, 35
0.711141, -0.288764, 0.0268028, 18
3.78707, -1.53777, 0.0713454, 73
3.76912, -1.53048, 0, 71
0.575615, -0.235842, 0.166679, 22
0.585402, -0.239852, 0.157733, 24
0.58786, -0.240859, 0.146668, 25
0.59376, -0.243276, 0.13639, 23
0.614038, -0.251585, 0.128987, 22
0.626963, -0.256881, 0.11947, 27
0.6617, -0.271113, 0.113259, 30
0.659763, -0.270319, 0.100205, 39
0.66128, -0.270941, 0.0877459, 39
0.666278, -0.272989, 0.0756786, 37
0.682148, -0.279491, 0.0644953, 35
0.69047, -0.282901, 0.0521778, 38
0.691207, -0.283203, 0.0391473, 34
0.706531, -0.289481, 0.0266632, 19
3.78962, -1.55269, 0.0714851, 73
3.7754, -1.54686, 0, 75
0.5713, -0.236173, 0.165644, 22
0.581059, -0.240207, 0.156765, 26
0.5871, -0.242705, 0.146668, 26
0.596608, -0.246635, 0.137222, 22
0.609616, -0.252013, 0.128224, 22
0.626153, -0.258849, 0.11947, 27
0.657193, -0.271681, 0.112633, 31
0.65891, -0.272391, 0.100205, 39
0.660426, -0.273017, 0.0877459, 39
0.665417, -0.275081, 0.0756786, 37
0.684949, -0.283155, 0.0648439, 35
0.689578, -0.285069, 0.0521778, 39
0.690314, -0.285373, 0.0391473, 33
0.716701, -0.296281, 0.027082, 18
3.78103, -1.56306, 0.0714152, 75
3.77421, -1.56024, 0, 73
0.574122, -0.239454, 0.166679, 23
0.583883, -0.243526, 0.157733, 26
0.586335, -0.244548, 0.146668, 27
0.59583, -0.248508, 0.137222, 21
0.612446, -0.255438, 0.128987, 23
0.621701, -0.259299, 0.118775, 26
0.65269, -0.272224, 0.112007, 30
0.658051, -0.274459, 0.100205, 39
0.659565, -0.275091, 0.0877459, 38
0.668221, -0.278701, 0.0760967, 36
0.680378, -0.283771, 0.0644953, 35
0.688679, -0.287234, 0.0521778, 37
0.693101, -0.289078, 0.0393566, 32
0.712077, -0.296992, 0.0269424, 16
3.78718, -1.57955, 0.0716247, 71
3.77668, -1.57517, 0, 72
0.580489, -0.244254, 0.16875, 23
0.586693, -0.246864, 0.158701, 26
0.589156, -0.247901, 0.147568, 28
0.595047, -0.250379, 0.137222, 21
0.608021, -0.255838, 0.128224, 23
0.628145, -0.264306, 0.120165, 26
0.651832, -0.274273, 0.112007, 30
0.660837, -0.278062, 0.100761, 40
0.662357, -0.278701, 0.0882334, 38
0.667342, -0.280799, 0.0760967, 36
0.683156, -0.287453, 0.0648439, 34
0.687773, -0.289396, 0.0521778, 37
0.692189, -0.291254, 0.0393566, 31
0.714825, -0.300778, 0.027082, 15
3.78588, -1.59299, 0.0716945, 72
3.77171, -1.58703, 0, 70
0.579719, -0.246076, 0.16875, 24
0.585914, -0.248706, 0.158701, 27
0.584787, -0.248227, 0.146668, 27
0.597859, -0.253776, 0.138053, 21
0.610829, -0.259281, 0.128987, 22
0.627312, -0.266278, 0.120165, 26
0.64733, -0.274775, 0.111381, 29
0.652667, -0.277041, 0.0996479, 42
0.657823, -0.279229, 0.0877459, 39
0.666457, -0.282894, 0.0760967, 37
0.678582, -0.288041, 0.0644953, 34
0.690533, -0.293114, 0.0524569, 38
0.691271, -0.293427, 0.0393566, 29
0.713877, -0.303023, 0.027082, 14
3.78454, -1.60644, 0.0717643, 71
3.77407, -1.602, 0, 71
0.578943, -0.247896, 0.16875, 23
0.58513, -0.250545, 0.158701, 29
0.587587, -0.251597, 0.147568, 27
0.597058, -0.255653, 0.138053, 21
0.613621, -0.262745, 0.12975, 23
0.626472, -0.268248, 0.120165, 26
0.646464, -0.276808, 0.111381, 28
0.662718, -0.283767, 0.101318, 42
0.660592, -0.282857, 0.0882334, 39
0.665564, -0.284986, 0.0760967, 37
0.681336, -0.29174, 0.0648439, 33
0.689609, -0.295282, 0.0524569, 38
0.694018, -0.29717, 0.039566, 29
0.716596, -0.306837, 0.0272216, 13
3.78683, -1.62147, 0.0719039, 72
3.77637, -1.617, 0, 68
0.578161, -0.249714, 0.16875, 24
0.58434, -0.252382, 0.158701, 30
0.590372, -0.254987, 0.148468, 27
0.603436, -0.26063, 0.139717, 22
0.612792, -0.264671, 0.12975, 23
0.632859, -0.273338, 0.121554, 28
0.645591, -0.278837, 0.111381, 29
0.661823, -0.285848, 0.101318, 43
0.663345, -0.286506, 0.0887209, 39
0.664666, -0.287076, 0.0760967, 37
0.680417, -0.293879, 0.0648439, 34
0.685015, -0.295865, 0.0521778, 37
0.693081, -0.299349, 0.039566, 28
0.715628, -0.309087, 0.0272216, 10
3.78539, -1.63495, 0.0719737, 73
3.77495, -1.63044, 0, 70
0.580916, -0.253072, 0.169785, 24
0.579986, -0.252667, 0.157733, 30
0.585995, -0.255284, 0.147568, 25
0.599027, -0.260962, 0.138885, 22
0.608358, -0.265027, 0.128987, 24
0.635609, -0.276898, 0.122248, 29
0.644712, -0.280864, 0.111381, 29
0.65729, -0.286344, 0.100761, 42
0.662442, -0.288588, 0.0887209, 40
0.663761, -0.289163, 0.0760967, 37
0.67949, -0.296015, 0.0648439, 35
0.68774, -0.299609, 0.0524569, 38
0.688475, -0.299929, 0.0393566, 27
3.84447, -1.67482, 0.146438, 9
3.78023, -1.64683, 0.0719737, 73
3.77347, -1.64389, 0, 73
0.580118, -0.254896, 0.169785, 24
0.582743, -0.256049, 0.158701, 30
0.588758, -0.258692, 0.148468, 25
0.594623, -0.261269, 0.138053, 22
0.611117, -0.268516, 0.12975, 24
0.638342, -0.280478, 0.122943, 32
0.640209, -0.281299, 0.110756, 30
0.656387, -0.288407, 0.100761, 44
0.661532, -0.290668, 0.0887209, 41
0.666491, -0.292847, 0.0765148, 36
0.674908, -0.296545, 0.0644953, 35
0.686796, -0.301768, 0.0524569, 38
0.694843, -0.305304, 0.0397753, 27
3.83187, -1.68367, 0.146159, 14
3.78968, -1.66513, 0.072253, 72
3.77195, -1.65734, 0, 68
0.582847, -0.258282, 0.170821, 26
0.574839, -0.254733, 0.156765, 29
0.587942, -0.26054, 0.148468, 25
0.597376, -0.264721, 0.138885, 22
0.606681, -0.268844, 0.128987, 23
0.644661, -0.285674, 0.124332, 33
0.635711, -0.281708, 0.11013, 30
0.6591, -0.292073, 0.101318, 43
0.660616, -0.292745, 0.0887209, 42
0.665568, -0.294939, 0.0765148, 36
0.677617, -0.300278, 0.0648439, 35
0.682196, -0.302308, 0.0521778, 37
0.693881, -0.307486, 0.0397753, 26
3.8156, -1.69084, 0.14574, 7
3.78809, -1.67865, 0.0723228, 71
3.77038, -1.6708, 0, 69
0.582033, -0.260112, 0.170821, 27
0.581122, -0.259705, 0.158701, 26
0.587121, -0.262386, 0.148468, 25
0.596541, -0.266596, 0.138885, 22
0.616587, -0.275555, 0.131277, 22
0.640164, -0.286091, 0.123638, 33
0.638429, -0.285316, 0.110756, 30
0.654562, -0.292526, 0.100761, 43
0.663318, -0.296438, 0.0892084, 42
0.66827, -0.298652, 0.076933, 36
0.67667, -0.302406, 0.0648439, 36
0.688529, -0.307706, 0.0527359, 38
0.692911, -0.309664, 0.0397753, 26
3.79202, -1.69466, 0.145042, 9
3.78645, -1.69218, 0.0723926, 75
3.76877, -1.68427, 0, 69
0.581213, -0.261939, 0.170821, 29
0.580304, -0.26153, 0.158701, 25
0.589847, -0.265831, 0.149367, 24
0.592134, -0.266861, 0.138053, 23
0.619298, -0.279104, 0.13204, 23
0.646445, -0.291338, 0.125027, 32
0.63753, -0.28732, 0.110756, 29
0.65364, -0.294581, 0.100761, 42
0.658763, -0.29689, 0.0887209, 43
0.667328, -0.30075, 0.076933, 37
0.675717, -0.30453, 0.0648439, 36
0.680283, -0.306588, 0.0521778, 36
0.695577, -0.313481, 0.0399847, 25
3.76116, -1.69507, 0.144065, 11
3.7957, -1.71064, 0.0726718, 79
3.77075, -1.69939, 0, 68
0.580387, -0.263764, 0.170821, 30
0.583013, -0.264957, 0.159668, 25
0.589009, -0.267682, 0.149367, 27
0.594854, -0.270339, 0.138885, 22
0.618419, -0.281048, 0.13204, 24
0.645526, -0.293367, 0.125027, 32
0.636624, -0.289322, 0.110756, 29
0.652711, -0.296633, 0.100761, 41
0.661442, -0.3006, 0.0892084, 41
0.662759, -0.301199, 0.0765148, 37
0.674756, -0.306651, 0.0648439, 36
0.682949, -0.310375, 0.0524569, 37
0.694589, -0.315664, 0.0399847, 25
3.73762, -1.69861, 0.143367, 15
3.79031, -1.72255, 0.0726718, 128
3.77268, -1.71454, 0, 69
0.576043, -0.263976, 0.169785, 30
0.585706, -0.268404, 0.160636, 25
0.584622, -0.267908, 0.148468, 28
0.601116, -0.275466, 0.140548, 21
0.621102, -0.284625, 0.132803, 27
0.64102, -0.293753, 0.124332, 33
0.639304, -0.292966, 0.111381, 29
0.651776, -0.298682, 0.100761, 41
0.656885, -0.301023, 0.0887209, 41
0.669042, -0.306594, 0.0773511, 38
0.67379, -0.30877, 0.0648439, 36
0.685598, -0.314181, 0.0527359, 36
0.689962, -0.316181, 0.0397753, 25
3.7141, -1.70202, 0.142669, 21
3.78124, -1.73278, 0.072602, 45
3.77091, -1.72805, 0, 72
0.582226, -0.269026, 0.171856, 32
0.581336, -0.268615, 0.159668, 25
0.590854, -0.273013, 0.150267, 27
0.607351, -0.280636, 0.142212, 21
0.620205, -0.286575, 0.132803, 28
0.64367, -0.297417, 0.125027, 32
0.634794, -0.293316, 0.110756, 30
0.650835, -0.300728, 0.100761, 40
0.655936, -0.303085, 0.0887209, 41
0.660853, -0.305357, 0.0765148, 38
0.676434, -0.312556, 0.0651925, 37
0.680986, -0.31466, 0.0524569, 34
0.699844, -0.323373, 0.0404034, 25
3.70148, -1.71032, 0.14239, 30
3.75037, -1.73291, 0.0721133, 39
3.77999, -1.7466, 0, 76
0.581378, -0.270854, 0.171856, 35
0.584008, -0.272079, 0.160636, 26
0.589993, -0.274868, 0.150267, 26
0.599373, -0.279238, 0.140548, 22
0.622861, -0.29018, 0.133566, 26
0.642733, -0.299438, 0.125027, 32
0.63745, -0.296977, 0.111381, 31
0.649887, -0.302771, 0.100761, 40
0.654981, -0.305144, 0.0887209, 40
0.663496, -0.309112, 0.076933, 38
0.675448, -0.31468, 0.0651925, 37
0.687228, -0.320168, 0.0530149, 36
0.698824, -0.32557, 0.0404034, 25
3.67797, -1.7135, 0.141692, 39
3.72678, -1.73624, 0.0717643, 39
3.77811, -1.76015, 0, 84
0.584021, -0.274321, 0.172891, 34
0.58315, -0.273912, 0.160636, 27
0.592654, -0.278377, 0.151167, 24
0.602035, -0.282783, 0.14138, 22
0.621946, -0.292135, 0.133566, 27
0.638223, -0.299781, 0.124332, 32
0.632938, -0.297299, 0.110756, 32
0.652518, -0.306495, 0.101318, 38
0.654019, -0.3072, 0.0887209, 39
0.662522, -0.311194, 0.076933, 38
0.674457, -0.3168, 0.0651925, 38
0.678995, -0.318932, 0.0524569, 35
0.697798, -0.327764, 0.0404034, 27
3.66533, -1.72165, 0.141413, 47
3.7032, -1.73944, 0.0714152, 42
3.78342, -1.77712, 0, 156
0.579616, -0.274602, 0.171856, 33
0.578731, -0.274183, 0.159668, 30
0.591728, -0.28034, 0.151167, 24
0.604629, -0.286453, 0.142212, 24
0.624522, -0.295877, 0.13433, 30
0.640786, -0.303582, 0.125027, 33
0.635519, -0.301087, 0.111381, 33
0.644338, -0.305266, 0.100205, 39
0.652996, -0.309367, 0.0887209, 37
0.661486, -0.31339, 0.076933, 35
0.673402, -0.319035, 0.0651925, 37
0.685146, -0.324599, 0.0530149, 36
0.703927, -0.333497, 0.040822, 27
3.64876, -1.72866, 0.140994, 54
3.68296, -1.74486, 0.071136, 50
3.7775, -1.78965, 0, 86
0.578751, -0.276422, 0.171856, 31
0.581369, -0.277673, 0.160636, 30
0.587327, -0.280518, 0.150267, 26
0.603727, -0.288351, 0.142212, 24
0.62359, -0.297838, 0.13433, 29
0.632719, -0.302198, 0.123638, 32
0.638135, -0.304785, 0.112007, 33
0.643376, -0.307288, 0.100205, 39
0.655604, -0.313128, 0.0892084, 35
0.664088, -0.317181, 0.0773511, 33
0.668801, -0.319432, 0.0648439, 35
0.680522, -0.32503, 0.0527359, 34
0.699272, -0.333985, 0.0406127, 29
3.63971, -1.73839, 0.140854, 59
3.67024, -1.75297, 0.0709964, 58
3.75743, -1.79462, 0, 43
0.577879, -0.278239, 0.171856, 31
0.580494, -0.279498, 0.160636, 29
0.593466, -0.285744, 0.152067, 27
0.602818, -0.290246, 0.142212, 25
0.622651, -0.299796, 0.13433, 33
0.631767, -0.304185, 0.123638, 29
0.633615, -0.305074, 0.111381, 34
0.642408, -0.309308, 0.100205, 39
0.65104, -0.313464, 0.0887209, 34
0.666673, -0.320991, 0.0777692, 28
0.671384, -0.32326, 0.0651925, 31
0.675902, -0.325435, 0.0524569, 31
0.701818, -0.337913, 0.040822, 28
3.62702, -1.74635, 0.140575, 62
3.65751, -1.76103, 0.0708568, 68
3.72654, -1.79426, 0, 35
0.580478, -0.28174, 0.172891, 32
0.583105, -0.283015, 0.161604, 25
0.589059, -0.285905, 0.151167, 28
0.598383, -0.29043, 0.14138, 28
0.618174, -0.300036, 0.133566, 30
0.62372, -0.302728, 0.122248, 27
0.639762, -0.310514, 0.112633, 34
0.641433, -0.311325, 0.100205, 40
0.653624, -0.317242, 0.0892084, 33
0.662082, -0.321347, 0.0773511, 26
0.666781, -0.323628, 0.0648439, 28
0.678467, -0.329299, 0.0527359, 27
0.700753, -0.340116, 0.040822, 25
3.62152, -1.75773, 0.140575, 65
3.64116, -1.76727, 0.0706473, 73
3.6957, -1.79374, 0, 38
0.57959, -0.283562, 0.172891, 33
0.585699, -0.286551, 0.162572, 23
0.581156, -0.284328, 0.149367, 27
0.597468, -0.292309, 0.14138, 26
0.624282, -0.305427, 0.135093, 28
0.622766, -0.304686, 0.122248, 27
0.642332, -0.314258, 0.113259, 33
0.640452, -0.313338, 0.100205, 40
0.649057, -0.317549, 0.0887209, 30
0.664643, -0.325174, 0.0777692, 26
0.66934, -0.327472, 0.0651925, 28
0.681013, -0.333183, 0.0530149, 25
0.696093, -0.34056, 0.0406127, 20
3.61239, -1.76735, 0.140436, 75
3.632, -1.77694, 0.0705775, 77
3.68286, -1.80182, 0, 45
0.578697, -0.285382, 0.172891, 31
0.584796, -0.288389, 0.162572, 24
0.594242, -0.293048, 0.152967, 26
0.603565, -0.297645, 0.143043, 27
0.619798, -0.30565, 0.13433, 26
0.618273, -0.304899, 0.121554, 28
0.637798, -0.314527, 0.112633, 34
0.643017, -0.317101, 0.100761, 40
0.655178, -0.323098, 0.0896958, 30
0.670754, -0.330779, 0.0786054, 27
0.671882, -0.331335, 0.0655411, 27
0.679963, -0.335321, 0.0530149, 24
0.702185, -0.346279, 0.0410314, 20
3.61399, -1.78222, 0.140715, 64
3.62281, -1.78657, 0.0705077, 83
3.66283, -1.80631, 0, 52
0.577797, -0.287198, 0.172891, 27
0.580411, -0.288498, 0.161604, 25
0.593319, -0.294913, 0.152967, 25
0.60613, -0.301281, 0.143875, 25
0.625867, -0.311092, 0.135856, 22
0.62084, -0.308593, 0.122248, 29
0.633269, -0.314771, 0.112007, 32
0.642017, -0.319119, 0.100761, 39
0.657715, -0.326922, 0.0901833, 32
0.669711, -0.332885, 0.0786054, 27
0.674406, -0.335218, 0.0658897, 29
0.678906, -0.337455, 0.0530149, 26
0.701093, -0.348483, 0.0410314, 20
3.59405, -1.78645, 0.140156, 39
3.6136, -1.79617, 0.0704379, 83
3.64997, -1.81424, 0, 58
0.583801, -0.292473, 0.174962, 27
0.589912, -0.295535, 0.164507, 26
0.599359, -0.300267, 0.154766, 25
0.608679, -0.304936, 0.144707, 22
0.617865, -0.309539, 0.13433, 20
0.619867, -0.310542, 0.122248, 29
0.635809, -0.318528, 0.112633, 31
0.63747, -0.31936, 0.100205, 38
0.660234, -0.330765, 0.0906708, 33
0.668662, -0.334987, 0.0786054, 31
0.669787, -0.33555, 0.0655411, 32
0.68141, -0.341374, 0.0532939, 28
0.707138, -0.354263, 0.0414501, 20
3.592, -1.79952, 0.140296, 60
3.60437, -1.80572, 0.0703681, 84
3.63353, -1.82033, 0, 64
0.582879, -0.294306, 0.174962, 28
0.59591, -0.300885, 0.166442, 27
0.601892, -0.303905, 0.155666, 26
0.607718, -0.306847, 0.144707, 23
0.61689, -0.311478, 0.13433, 25
0.615372, -0.310712, 0.121554, 26
0.638332, -0.322305, 0.113259, 30
0.639999, -0.323147, 0.100761, 38
0.659192, -0.332837, 0.0906708, 32
0.671157, -0.338879, 0.0790235, 32
0.668729, -0.337653, 0.0655411, 33
0.680334, -0.343513, 0.0532939, 28
0.702456, -0.354682, 0.0412407, 19
3.58989, -1.8126, 0.140436, 56
3.60225, -1.81884, 0.0704379, 87
3.61708, -1.82632, 0, 71
0.592282, -0.301392, 0.178068, 28
0.594962, -0.302756, 0.166442, 29
0.600934, -0.305795, 0.155666, 30
0.613725, -0.312304, 0.14637, 26
0.612409, -0.311634, 0.133566, 27
0.621414, -0.316217, 0.122943, 24
0.637316, -0.324309, 0.113259, 29
0.638981, -0.325156, 0.100761, 36
0.654605, -0.333106, 0.0901833, 33
0.666544, -0.339182, 0.0786054, 33
0.671217, -0.341559, 0.0658897, 33
0.682808, -0.347458, 0.053573, 28
0.708458, -0.36051, 0.0416594, 18
3.59131, -1.82749, 0.140715, 56
3.59295, -1.82833, 0.0703681, 80
3.61132, -1.83768, 0, 77
0.591333, -0.303252, 0.178068, 32
0.600915, -0.308166, 0.168378, 34
0.59997, -0.307681, 0.155666, 32
0.605778, -0.310659, 0.144707, 23
0.607933, -0.311765, 0.132803, 23
0.616913, -0.31637, 0.122248, 24
0.636294, -0.326309, 0.113259, 29
0.637956, -0.327162, 0.100761, 34
0.657088, -0.336973, 0.0906708, 34
0.665475, -0.341274, 0.0786054, 33
0.673686, -0.345485, 0.0662384, 32
0.685264, -0.351422, 0.053852, 28
0.707322, -0.362734, 0.0416594, 18
3.59266, -1.84242, 0.140994, 56
3.58719, -1.83961, 0.0703681, 23
3.60197, -1.84719, 0, 77
0.593809, -0.306882, 0.179103, 35
0.599944, -0.310052, 0.168378, 36
0.605926, -0.313143, 0.157466, 31
0.601323, -0.310765, 0.143875, 25
0.599974, -0.310068, 0.131277, 24
0.615916, -0.318306, 0.122248, 24
0.631756, -0.326493, 0.112633, 27
0.640444, -0.330983, 0.101318, 34
0.652499, -0.337213, 0.0901833, 34
0.6644, -0.343363, 0.0786054, 33
0.672597, -0.347599, 0.0662384, 30
0.680611, -0.351741, 0.053573, 26
0.716825, -0.370456, 0.0422875, 17
3.59396, -1.85736, 0.141273, 56
3.58494, -1.8527, 0.0704379, 41
3.59615, -1.8585, 0, 79
0.592842, -0.308746, 0.179103, 35
0.598967, -0.311935, 0.168378, 36
0.598025, -0.311445, 0.155666, 33
0.603814, -0.31446, 0.144707, 26
0.598997, -0.311951, 0.131277, 26
0.6219, -0.323879, 0.123638, 24
0.630728, -0.328476, 0.112633, 27
0.635888, -0.331164, 0.100761, 34
0.658479, -0.342928, 0.0911583, 32
0.666846, -0.347286, 0.0790235, 34
0.67857, -0.353392, 0.0669356, 29
0.683042, -0.355721, 0.053852, 26
0.708572, -0.369016, 0.0418688, 17
3.5952, -1.87234, 0.141552, 55
3.57911, -1.86396, 0.0704379, 61
3.59384, -1.87163, 0, 80
0.59187, -0.310607, 0.179103, 36
0.594547, -0.312012, 0.16741, 37
0.600495, -0.315133, 0.156566, 28
0.599358, -0.314537, 0.143875, 24
0.601491, -0.315656, 0.13204, 25
0.613904, -0.32217, 0.122248, 25
0.629693, -0.330456, 0.112633, 28
0.64186, -0.336841, 0.101875, 33
0.653883, -0.34315, 0.0906708, 33
0.669274, -0.351228, 0.0794416, 33
0.6704, -0.351819, 0.0662384, 29
0.678388, -0.356011, 0.053573, 25
0.71802, -0.376809, 0.0424968, 16
3.59284, -1.88548, 0.141692, 55
3.58031, -1.87891, 0.0705775, 64
3.58086, -1.8792, 0, 78
0.590891, -0.312465, 0.179103, 38
0.590133, -0.312064, 0.166442, 36
0.596057, -0.315196, 0.155666, 29
0.59145, -0.31276, 0.142212, 22
0.600496, -0.317544, 0.13204, 20
0.612889, -0.324097, 0.122248, 27
0.628651, -0.332432, 0.112633, 28
0.640798, -0.338856, 0.101875, 33
0.656311, -0.347059, 0.0911583, 33
0.668168, -0.353329, 0.0794416, 35
0.676337, -0.357648, 0.0669356, 29
0.687849, -0.363736, 0.05441, 24
0.716833, -0.379063, 0.0424968, 16
3.59396, -1.9005, 0.141971, 55
3.57439, -1.89015, 0.0705775, 63
3.57847, -1.89231, 0, 24
0.589906, -0.314319, 0.179103, 38
0.592575, -0.315741, 0.16741, 33
0.595063, -0.317067, 0.155666, 32
0.590464, -0.314617, 0.142212, 24
0.602961, -0.321275, 0.132803, 19
0.611867, -0.326021, 0.122248, 28
0.631091, -0.336264, 0.113259, 27
0.643226, -0.34273, 0.102431, 35
0.655218, -0.349119, 0.0911583, 33
0.670565, -0.357297, 0.0798597, 35
0.67521, -0.359772, 0.0669356, 29
0.690224, -0.367772, 0.0546891, 23
0.712113, -0.379435, 0.0422875, 15
3.59503, -1.91554, 0.14225, 56
3.58256, -1.90889, 0.0708568, 62
3.56898, -1.90166, 0, 19
0.585512, -0.314344, 0.178068, 33
0.588161, -0.315766, 0.166442, 31
0.594064, -0.318935, 0.155666, 26
0.59292, -0.318321, 0.143043, 23
0.605408, -0.325025, 0.133566, 22
0.614311, -0.329805, 0.122943, 30
0.630031, -0.338245, 0.113259, 27
0.638656, -0.342875, 0.101875, 35
0.65062, -0.349298, 0.0906708, 33
0.665934, -0.35752, 0.0794416, 36
0.677587, -0.363776, 0.0672842, 29
0.68555, -0.368051, 0.05441, 23
0.710918, -0.38167, 0.0422875, 14
3.59604, -1.9306, 0.14253, 56
3.58007, -1.92203, 0.0709266, 62
3.56651, -1.91475, 0, 52
0.577725, -0.312505, 0.175997, 30
0.587166, -0.317612, 0.166442, 25
0.589631, -0.318945, 0.154766, 23
0.595359, -0.322044, 0.143875, 17
0.60093, -0.325057, 0.132803, 24
0.609807, -0.329859, 0.122248, 29
0.62549, -0.338342, 0.112633, 27
0.64106, -0.346765, 0.102431, 34
0.649519, -0.35134, 0.0906708, 33
0.668307, -0.361503, 0.0798597, 36
0.676441, -0.365903, 0.0672842, 32
0.691409, -0.374, 0.0549681, 25
0.720255, -0.389603, 0.0429155, 13
3.60051, -1.9476, 0.142948, 55
3.57753, -1.93517, 0.0709964, 63
3.56752, -1.92975, 0, 57
0.583525, -0.318016, 0.178068, 26
0.586165, -0.319455, 0.166442, 21
0.585204, -0.318931, 0.153867, 27
0.59778, -0.325785, 0.144707, 16
0.599906, -0.326944, 0.132803, 24
0.612226, -0.333658, 0.122943, 25
0.627893, -0.342196, 0.113259, 27
0.643446, -0.350672, 0.102988, 35
0.651898, -0.355279, 0.0911583, 32
0.670661, -0.365504, 0.0802779, 33
0.675288, -0.368026, 0.0672842, 34
0.693735, -0.378079, 0.0552471, 24
0.719028, -0.391864, 0.0429155, 14
3.60139, -1.96273, 0.143228, 54
3.57845, -1.95023, 0.071136, 62
3.56846, -1.94478, 0, 59
0.579136, -0.317988, 0.177032, 26
0.585159, -0.321295, 0.166442, 26
0.591032, -0.32452, 0.155666, 22
0.600183, -0.329544, 0.145538, 18
0.598876, -0.328827, 0.132803, 24
0.614628, -0.337476, 0.123638, 24
0.626815, -0.344167, 0.113259, 26
0.638869, -0.350786, 0.102431, 36
0.650779, -0.357325, 0.0911583, 30
0.669509, -0.36761, 0.0802779, 32
0.677621, -0.372064, 0.0676329, 32
0.692543, -0.380257, 0.0552471, 24
0.728297, -0.399888, 0.0435435, 12
3.59871, -1.97595, 0.143367, 55
3.57932, -1.96531, 0.0712756, 62
3.57285, -1.96176, 0, 58
0.581516, -0.321676, 0.178068, 21
0.587543, -0.32501, 0.16741, 22
0.59342, -0.328262, 0.156566, 20
0.595721, -0.329534, 0.144707, 21
0.604712, -0.334508, 0.13433, 24
0.613565, -0.339405, 0.123638, 25
0.622274, -0.344222, 0.112633, 28
0.64123, -0.354708, 0.102988, 35
0.649653, -0.359368, 0.0911583, 27
0.668351, -0.369711, 0.0802779, 33
0.676449, -0.374191, 0.0676329, 29
0.691345, -0.382431, 0.0552471, 22
0.727038, -0.402175, 0.0435435, 10
3.59948, -1.99112, 0.143646, 55
3.58363, -1.98235, 0.0714851, 62
3.57017, -1.97491, 0, 57
0.583877, -0.325382, 0.179103, 17
0.589909, -0.328744, 0.168378, 18
0.592386, -0.330124, 0.156566, 22
0.601518, -0.335213, 0.14637, 22
0.596798, -0.332583, 0.132803, 23
0.619378, -0.345166, 0.125027, 24
0.62464, -0.348099, 0.113259, 25
0.640112, -0.356721, 0.102988, 34
0.648521, -0.361407, 0.0911583, 27
0.667186, -0.371809, 0.0802779, 33
0.678751, -0.378254, 0.0679815, 29
0.690141, -0.384601, 0.0552471, 24
3.87659, -2.16034, 0.232581, 8
3.60019, -2.00631, 0.143926, 55
3.58088, -1.99555, 0.0715549, 60
3.57443, -1.99196, 0, 57
0.586221, -0.329106, 0.180138, 18
0.592258, -0.332495, 0.169345, 22
0.594744, -0.333892, 0.157466, 23
0.600462, -0.337101, 0.14637, 20
0.599174, -0.336378, 0.133566, 21
0.621725, -0.349039, 0.125721, 21
0.626989, -0.351994, 0.113884, 24
0.638988, -0.35873, 0.102988, 33
0.647382, -0.363443, 0.0911583, 27
0.669484, -0.37585, 0.080696, 33
0.681034, -0.382335, 0.0683301, 26
0.695888, -0.390674, 0.0558052, 21
3.87675, -2.17642, 0.233, 12
3.60433, -2.02348, 0.144344, 55
3.58156, -2.0107, 0.0716945, 59
3.57165, -2.00513, 0, 57
0.588547, -0.332849, 0.181173, 18
0.59121, -0.334354, 0.169345, 23
0.593693, -0.335758, 0.157466, 23
0.5994, -0.338986, 0.14637, 22
0.601532, -0.340192, 0.13433, 19
0.620626, -0.35099, 0.125721, 21
0.629319, -0.355906, 0.11451, 26
0.641306, -0.362686, 0.103545, 33
0.649693, -0.367429, 0.0916457, 27
0.678688, -0.383827, 0.0819503, 33
0.679829, -0.384472, 0.0683301, 26
0.69813, -0.394822, 0.0560842, 20
3.87337, -2.19056, 0.233209, 15
3.66755, -2.07415, 0.147136, 57
3.58915, -2.02982, 0.0719737, 58
3.56881, -2.01831, 0, 57
0.594213, -0.338521, 0.183244, 19
0.590157, -0.33621, 0.169345, 22
0.596021, -0.339551, 0.158366, 22
0.598332, -0.340867, 0.14637, 23
0.603872, -0.344024, 0.135093, 18
0.622943, -0.354888, 0.126416, 24
0.63163, -0.359837, 0.115136, 28
0.643605, -0.366659, 0.104101, 36
0.648535, -0.369468, 0.0916457, 26
0.670566, -0.382019, 0.0811141, 35
0.682081, -0.388579, 0.0686787, 29
0.693419, -0.395038, 0.0558052, 22
3.86994, -2.20469, 0.233418, 20
3.79648, -2.16284, 0.152581, 58
3.58276, -2.04108, 0.0719737, 59
3.5694, -2.03348, 0, 57
0.596498, -0.342309, 0.184279, 20
0.59583, -0.341926, 0.171281, 19
0.594952, -0.341422, 0.158366, 22
0.600652, -0.344693, 0.147201, 22
0.606194, -0.347873, 0.135856, 16
0.621825, -0.356843, 0.126416, 24
0.633923, -0.363786, 0.115762, 29
0.639015, -0.366708, 0.103545, 36
0.650815, -0.37348, 0.0921332, 28
0.669362, -0.384123, 0.0811141, 35
0.684313, -0.392703, 0.0690273, 30
0.695636, -0.399201, 0.0560842, 22
3.863, -2.21684, 0.233418, 28
3.81047, -2.18669, 0.153418, 58
3.58674, -2.0583, 0.0721832, 58
3.57341, -2.05065, 0, 56
0.60211, -0.348049, 0.18635, 21
0.598113, -0.345738, 0.172248, 18
0.59725, -0.34524, 0.159265, 21
0.599566, -0.346578, 0.147201, 22
0.611897, -0.353706, 0.137382, 17
0.624111, -0.360766, 0.12711, 26
0.636198, -0.367753, 0.116387, 29
0.641289, -0.370696, 0.104101, 35
0.649638, -0.375523, 0.0921332, 30
0.668152, -0.386224, 0.0811141, 34
0.679626, -0.392857, 0.0686787, 29
0.701287, -0.405378, 0.0566423, 21
0.740078, -0.427801, 0.0447996, 4
3.82088, -2.20866, 0.154116, 55
3.58718, -2.07356, 0.0723228, 60
3.57041, -2.06387, 0, 57
0.597674, -0.347994, 0.185314, 26
0.597024, -0.347616, 0.172248, 20
0.599531, -0.349075, 0.160165, 22
0.605237, -0.352398, 0.148865, 20
0.610783, -0.355627, 0.137382, 21
0.629783, -0.36669, 0.1285, 30
0.631625, -0.367762, 0.115762, 30
0.643544, -0.374702, 0.104658, 35
0.645025, -0.375564, 0.0916457, 29
0.666935, -0.388322, 0.0811141, 32
0.685275, -0.399, 0.069376, 27
0.70001, -0.407579, 0.0566423, 20
0.75599, -0.440174, 0.0458463, 3
3.82083, -2.22467, 0.154395, 56
3.59101, -2.09086, 0.0725322, 58
3.57428, -2.08111, 0, 57
0.596578, -0.34987, 0.185314, 26
0.602625, -0.353417, 0.174184, 22
0.598431, -0.350957, 0.160165, 23
0.604127, -0.354297, 0.148865, 17
0.616437, -0.361517, 0.138909, 22
0.62523, -0.366673, 0.127805, 31
0.637283, -0.373742, 0.117013, 29
0.642364, -0.376722, 0.104658, 34
0.654116, -0.383614, 0.0931082, 28
0.669144, -0.392427, 0.0815322, 31
0.677144, -0.397119, 0.0686787, 26
0.705611, -0.413814, 0.0572003, 19
0.764941, -0.448609, 0.0464743, 1
3.82072, -2.24071, 0.154675, 55
3.77417, -2.21341, 0.0763717, 65
3.57117, -2.09436, 0, 57
0.602129, -0.355673, 0.187385, 24
0.604853, -0.357282, 0.175151, 25
0.597326, -0.352836, 0.160165, 24
0.609748, -0.360173, 0.150528, 19
0.622059, -0.367445, 0.140435, 23
0.630858, -0.372643, 0.129194, 33
0.632704, -0.373733, 0.116387, 33
0.641177, -0.378738, 0.104658, 36
0.656326, -0.387686, 0.0935957, 28
0.671333, -0.396551, 0.0819503, 30
0.686186, -0.405324, 0.0697246, 26
0.707743, -0.418058, 0.0574793, 19
0.777285, -0.459136, 0.0473117, 0
3.82399, -2.2588, 0.155093, 57
3.7913, -2.23949, 0.0768604, 62
3.57491, -2.11167, 0, 57
0.601009, -0.357563, 0.187385, 25
0.600392, -0.357196, 0.174184, 26
0.602914, -0.358696, 0.161965, 23
0.618701, -0.368088, 0.153023, 19
0.617527, -0.36739, 0.139672, 26
0.629684, -0.374623, 0.129194, 35
0.631526, -0.375719, 0.116387, 32
0.639984, -0.380751, 0.104658, 35
0.651692, -0.387716, 0.0931082, 29
0.663246, -0.39459, 0.0811141, 32
0.688333, -0.409515, 0.0700732, 28
0.702997, -0.418239, 0.0572003, 17
3.43978, -2.04645, 0.209762, 3
3.70007, -2.20131, 0.150347, 8
3.80143, -2.26162, 0.0772094, 64
3.58544, -2.13311, 0, 56
0.596568, -0.357463, 0.18635, 27
0.599267, -0.35908, 0.174184, 25
0.601784, -0.360588, 0.161965, 20
0.614185, -0.368019, 0.152191, 21
0.623106, -0.373365, 0.141199, 27
0.625125, -0.374575, 0.1285, 35
0.630343, -0.377701, 0.116387, 33
0.638785, -0.382759, 0.104658, 37
0.653877, -0.391802, 0.0935957, 29
0.668828, -0.400761, 0.0819503, 34
0.687044, -0.411676, 0.0700732, 29
0.705102, -0.422496, 0.0574793, 17
3.43676, -2.0593, 0.209972, 3
3.4771, -2.08348, 0.141552, 3
3.8046, -2.27971, 0.0774189, 62
3.57872, -2.14437, 0, 56
0.59875, -0.361332, 0.187385, 27
0.604782, -0.364972, 0.176119, 23
0.607322, -0.366504, 0.163764, 21
0.616376, -0.371969, 0.153023, 23
0.625292, -0.377349, 0.141962, 29
0.627318, -0.378572, 0.129194, 35
0.629153, -0.379679, 0.116387, 35
0.637579, -0.384764, 0.104658, 38
0.652643, -0.393855, 0.0935957, 31
0.667566, -0.40286, 0.0819503, 34
0.689158, -0.415891, 0.0704218, 29
0.707188, -0.426771, 0.0577584, 19
3.43369, -2.07215, 0.210181, 2
3.4192, -2.06341, 0.139458, 4
3.80427, -2.29579, 0.0775585, 62
3.74663, -2.261, 0, 71
0.600914, -0.365218, 0.18842, 26
0.606949, -0.368886, 0.177087, 24
0.612828, -0.372459, 0.165564, 21
0.611861, -0.371871, 0.152191, 26
0.620748, -0.377272, 0.141199, 30
0.626126, -0.380541, 0.129194, 36
0.627957, -0.381654, 0.116387, 35
0.639752, -0.388822, 0.105215, 39
0.651402, -0.395903, 0.0935957, 32
0.669696, -0.407022, 0.0823684, 34
0.681038, -0.413915, 0.0697246, 30
0.712663, -0.433136, 0.0583164, 17
3.49544, -2.12442, 0.214368, 0
3.40587, -2.06999, 0.139179, 2
3.80387, -2.31188, 0.0776981, 59
3.76685, -2.28938, 0, 67
0.606355, -0.371138, 0.190491, 24
0.609098, -0.372817, 0.178055, 23
0.61498, -0.376417, 0.166464, 23
0.617364, -0.377877, 0.153855, 29
0.616211, -0.377171, 0.140435, 32
0.624927, -0.382506, 0.129194, 38
0.623385, -0.381562, 0.115762, 35
0.638528, -0.39083, 0.105215, 37
0.653541, -0.40002, 0.0940831, 34
0.661628, -0.40497, 0.0815322, 32
0.686532, -0.420213, 0.0704218, 29
0.711299, -0.435372, 0.0583164, 15
3.49215, -2.13748, 0.214577, 0
3.41981, -2.0932, 0.140017, 3
3.8, -2.32591, 0.0777679, 53
3.79035, -2.32, 0, 63
0.601897, -0.371014, 0.189456, 22
0.611227, -0.376765, 0.179022, 22
0.610476, -0.376302, 0.165564, 27
0.616174, -0.379814, 0.153855, 30
0.615023, -0.379105, 0.140435, 33
0.620369, -0.3824, 0.1285, 38
0.625547, -0.385592, 0.116387, 34
0.637297, -0.392834, 0.105215, 40
0.652281, -0.402071, 0.0940831, 34
0.663739, -0.409134, 0.0819503, 31
0.685208, -0.422368, 0.0704218, 25
0.716721, -0.441792, 0.0588745, 15
3.48542, -2.14844, 0.214577, 0
3.41662, -2.10603, 0.140156, 3
3.55776, -2.19303, 0.0729511, 3
3.78304, -2.3319, 0, 65
0.604011, -0.37494, 0.190491, 27
0.613338, -0.380731, 0.17999, 29
0.609291, -0.378218, 0.165564, 31
0.614977, -0.381748, 0.153855, 32
0.613829, -0.381035, 0.140435, 33
0.622512, -0.386425, 0.129194, 37
0.627689, -0.389639, 0.117013, 35
0.636059, -0.394835, 0.105215, 40
0.654388, -0.406212, 0.0945706, 34
0.66583, -0.413315, 0.0823684, 29
0.690649, -0.428721, 0.0711191, 24
0.71533, -0.444042, 0.0588745, 16
3.46508, -2.15095, 0.21374, 0
3.41338, -2.11886, 0.140296, 3
3.42513, -2.12616, 0.0703681, 4
3.78589, -2.3501, 0, 63
0.606106, -0.378884, 0.191526, 33
0.612139, -0.382656, 0.17999, 32
0.6081, -0.380131, 0.165564, 33
0.610457, -0.381604, 0.153023, 32
0.619288, -0.387124, 0.141962, 33
0.621294, -0.388379, 0.129194, 37
0.623112, -0.389515, 0.116387, 34
0.634816, -0.396831, 0.105215, 40
0.643009, -0.401953, 0.0931082, 32
0.667902, -0.417514, 0.0827865, 26
0.689299, -0.430889, 0.0711191, 25
0.724082, -0.452632, 0.0597115, 16
3.44814, -2.15548, 0.213112, 0
3.41348, -2.13381, 0.140575, 3
3.38791, -2.11783, 0.0697398, 3
3.78867, -2.36834, 0, 62
0.608183, -0.382845, 0.192561, 30
0.607649, -0.382509, 0.179022, 31
0.610201, -0.384115, 0.166464, 33
0.612567, -0.385605, 0.153855, 31
0.614746, -0.386976, 0.141199, 32
0.620071, -0.390329, 0.129194, 36
0.618542, -0.389366, 0.115762, 33
0.636918, -0.400933, 0.105772, 36
0.645103, -0.406086, 0.0935957, 29
0.669954, -0.421729, 0.0832047, 25
0.691314, -0.435175, 0.0714677, 23
0.719279, -0.452779, 0.0594325, 15
3.43459, -2.16204, 0.212693, 0
3.48119, -2.19138, 0.143646, 0
3.40155, -2.14124, 0.0701587, 3
3.78798, -2.38449, 0, 58
0.603713, -0.382685, 0.191526, 26
0.609723, -0.386494, 0.17999, 28
0.608991, -0.38603, 0.166464, 29
0.614657, -0.389622, 0.154686, 29
0.606894, -0.384701, 0.139672, 30
0.618842, -0.392275, 0.129194, 35
0.620652, -0.393422, 0.116387, 32
0.63231, -0.400812, 0.105215, 34
0.650531, -0.412362, 0.0945706, 29
0.665265, -0.421702, 0.0827865, 25
0.689943, -0.437345, 0.0714677, 24
0.727964, -0.461446, 0.0602696, 16
3.40754, -2.15999, 0.211437, 0
3.46754, -2.19802, 0.143367, 0
3.39819, -2.15406, 0.0702285, 3
3.75006, -2.37711, 0, 7
0.612279, -0.390816, 0.194632, 21
0.611777, -0.390496, 0.180958, 24
0.607776, -0.387942, 0.166464, 26
0.610132, -0.389446, 0.153855, 25
0.612302, -0.390831, 0.141199, 29
0.614286, -0.392097, 0.1285, 34
0.619413, -0.39537, 0.116387, 31
0.631048, -0.402796, 0.105215, 32
0.649232, -0.414403, 0.0945706, 27
0.667291, -0.42593, 0.0832047, 26
0.688566, -0.43951, 0.0714677, 28
0.723147, -0.461583, 0.0599906, 17
3.3738, -2.15349, 0.209762, 0
3.44714, -2.2003, 0.142809, 0
3.39814, -2.16903, 0.0703681, 3
3.62119, -2.3114, 0, 4
0.611048, -0.392738, 0.194632, 19
0.610547, -0.392416, 0.180958, 19
0.609832, -0.391957, 0.167364, 24
0.612197, -0.393476, 0.154686, 24
0.614374, -0.394876, 0.141962, 25
0.622993, -0.400415, 0.130583, 32
0.618168, -0.397314, 0.116387, 30
0.633111, -0.406918, 0.105772, 29
0.651267, -0.418588, 0.0950581, 26
0.669296, -0.430175, 0.0836228, 27
0.693886, -0.44598, 0.072165, 26
0.728407, -0.468168, 0.0605486, 16
3.36366, -2.16192, 0.209553, 2
3.43348, -2.2068, 0.14253, 0
3.39131, -2.17969, 0.0703681, 3
3.41875, -2.19733, 0, 4
0.619542, -0.400953, 0.197738, 24
0.61257, -0.396441, 0.181925, 20
0.608598, -0.39387, 0.167364, 20
0.614242, -0.397523, 0.155518, 20
0.609834, -0.394671, 0.141199, 23
0.618425, -0.40023, 0.129889, 31
0.616917, -0.399254, 0.116387, 28
0.635155, -0.411058, 0.106328, 26
0.656615, -0.424946, 0.096033, 27
0.667941, -0.432276, 0.0836228, 27
0.695827, -0.450323, 0.0725136, 23
0.733633, -0.47479, 0.0611067, 17
3.37362, -2.18333, 0.2106, 1
3.40975, -2.20671, 0.141832, 0
3.43481, -2.22293, 0.0714152, 1
3.38161, -2.1885, 0, 3
0.615042, -0.400788, 0.196702, 25
0.617825, -0.402601, 0.183861, 23
0.617154, -0.402164, 0.170063, 21
0.61299, -0.399451, 0.155518, 18
0.611881, -0.398728, 0.141962, 23
0.617164, -0.402171, 0.129889, 28
0.622279, -0.405504, 0.117639, 25
0.633861, -0.413051, 0.106328, 24
0.648624, -0.422671, 0.0950581, 27
0.66658, -0.434372, 0.0836228, 27
0.694409, -0.452507, 0.0725136, 27
0.73548, -0.479271, 0.0613857, 24
3.3567, -2.18737, 0.209972, 1
3.3961, -2.21305, 0.141552, 0
3.45127, -2.24899, 0.0719039, 0
3.39482, -2.21221, 0, 3
0.617011, -0.404838, 0.197738, 26
0.610067, -0.400282, 0.181925, 26
0.615887, -0.404101, 0.170063, 23
0.615004, -0.403521, 0.15635, 20
0.613909, -0.402803, 0.142725, 22
0.622485, -0.40843, 0.131278, 25
0.617699, -0.40529, 0.117013, 24
0.639184, -0.419386, 0.107442, 23
0.650612, -0.426885, 0.0955456, 26
0.668538, -0.438646, 0.0840409, 25
0.696315, -0.456872, 0.0728622, 28
0.730635, -0.47939, 0.0611067, 26
3.35315, -2.2001, 0.210181, 1
3.36908, -2.21055, 0.140715, 0
3.44419, -2.25983, 0.0719039, 0
3.37448, -2.21409, 0, 4
0.612512, -0.404645, 0.196702, 28
0.615283, -0.406475, 0.183861, 26
0.611363, -0.403885, 0.169163, 24
0.613733, -0.405451, 0.15635, 20
0.615916, -0.406894, 0.143488, 21
0.614625, -0.406041, 0.129889, 24
0.616423, -0.407228, 0.117013, 26
0.631253, -0.417025, 0.106328, 22
0.649268, -0.428927, 0.0955456, 24
0.673795, -0.44513, 0.0848771, 29
0.698201, -0.461254, 0.0732108, 23
0.739113, -0.488281, 0.0619437, 22
1.0132, -0.669352, 0.0636405, 0
3.34211, -2.2079, 0.139877, 1
3.4304, -2.26623, 0.0717643, 0
3.37418, -2.22909, 0, 3
0.617672, -0.410846, 0.198773, 19
0.610771, -0.406257, 0.182893, 26
0.619826, -0.41228, 0.171863, 24
0.618972, -0.411711, 0.158013, 20
0.617904, -0.411001, 0.144252, 20
0.623186, -0.414514, 0.131973, 21
0.611851, -0.406975, 0.116387, 25
0.639834, -0.425588, 0.107998, 21
0.654529, -0.435362, 0.0965205, 27
0.672393, -0.447244, 0.0848771, 29
0.696749, -0.463445, 0.0732108, 25
0.734253, -0.488391, 0.0616647, 21
0.977832, -0.650409, 0.0615471, 0
3.34181, -2.22282, 0.140156, 1
3.40661, -2.26592, 0.0714152, 0
3.38381, -2.25076, 0, 3
0.622799, -0.417085, 0.200844, 18
0.619167, -0.414652, 0.185796, 22
0.61529, -0.412056, 0.170963, 26
0.617675, -0.413654, 0.158013, 23
0.61661, -0.41294, 0.144252, 23
0.625154, -0.418662, 0.132667, 23
0.613852, -0.411093, 0.117013, 22
0.645076, -0.432004, 0.109112, 22
0.656456, -0.439625, 0.097008, 31
0.680901, -0.455995, 0.0861315, 25
0.701911, -0.470066, 0.0739081, 29
0.736031, -0.492916, 0.0619437, 27
0.98906, -0.662368, 0.0623845, 1
3.33149, -2.23108, 0.140017, 1
3.38286, -2.26548, 0.0710662, 0
3.41993, -2.29031, 0, 1
0.631096, -0.425519, 0.203949, 20
0.624297, -0.420935, 0.187731, 19
0.620455, -0.418345, 0.172762, 22
0.619617, -0.417779, 0.158845, 20
0.618565, -0.41707, 0.145015, 20
0.627102, -0.422826, 0.133362, 22
0.619109, -0.417437, 0.118264, 22
0.643716, -0.434028, 0.109112, 25
0.664948, -0.448344, 0.0984704, 29
0.676166, -0.455908, 0.0857133, 28
0.700431, -0.472269, 0.0739081, 32
0.737787, -0.497456, 0.0622228, 32
0.990287, -0.667705, 0.0625938, 8
3.34104, -2.25271, 0.140715, 1
3.35583, -2.26268, 0.0706473, 0
0, 0, 0, 0
0.629756, -0.4275, 0.203949, 20
0.622971, -0.422894, 0.187731, 22
0.625587, -0.42467, 0.174562, 25
0.621538, -0.421921, 0.159676, 22
0.626998, -0.425628, 0.147305, 21
0.632289, -0.429219, 0.134751, 25
0.621063, -0.421599, 0.11889, 22
0.648904, -0.440498, 0.110225, 28
0.656966, -0.445971, 0.0974955, 32
0.678022, -0.460265, 0.0861315, 31
0.702241, -0.476705, 0.0742567, 34
0.736221, -0.499772, 0.0622228, 25
0.984879, -0.66857, 0.0623845, 11
3.33725, -2.26544, 0.140854, 1
3.32554, -2.25749, 0.0701587, 0
0, 0, 0, 0
0.6316, -0.431656, 0.204985, 22
0.628048, -0.429229, 0.189667, 21
0.62425, -0.426633, 0.174562, 25
0.62344, -0.42608, 0.160508, 23
0.6289, -0.429811, 0.148068, 27
0.630937, -0.431203, 0.134751, 32
0.626259, -0.428006, 0.120142, 21
0.647517, -0.442534, 0.110225, 33
0.662117, -0.452513, 0.0984704, 35
0.679857, -0.464637, 0.0865496, 31
0.70732, -0.483406, 0.0749539, 33
0.741236, -0.506585, 0.0627808, 18
0.976178, -0.667153, 0.0619658, 15
3.34002, -2.28268, 0.141273, 2
3.31513, -2.26567, 0.0700889, 4
0, 0, 0, 0
0.633424, -0.435828, 0.20602, 21
0.629894, -0.4334, 0.190634, 22
0.622907, -0.428592, 0.174562, 25
0.625322, -0.430254, 0.161339, 26
0.627546, -0.431784, 0.148068, 28
0.632825, -0.435416, 0.135446, 31
0.631421, -0.434451, 0.121393, 23
0.649386, -0.446812, 0.110782, 35
0.667234, -0.459092, 0.0994454, 37
0.681671, -0.469025, 0.0869677, 36
0.705797, -0.485625, 0.0749539, 35
0.756077, -0.52022, 0.064176, 21
0.974077, -0.670216, 0.0619658, 19
3.31307, -2.27957, 0.140436, 0
3.32117, -2.28514, 0.0703681, 1
0, 0, 0, 0
0.644756, -0.446617, 0.210161, 25
0.62853, -0.435377, 0.190634, 26
0.631169, -0.437205, 0.177261, 28
0.6304, -0.436672, 0.163003, 26
0.629414, -0.43599, 0.148831, 28
0.641168, -0.444132, 0.137529, 33
0.633301, -0.438682, 0.122019, 25
0.654492, -0.453361, 0.111895, 40
0.665788, -0.461186, 0.0994454, 42
0.680194, -0.471165, 0.0869677, 35
0.700993, -0.485571, 0.0746053, 39
0.754439, -0.522593, 0.064176, 23
0.9654, -0.668724, 0.0615471, 19
3.29603, -2.28313, 0.140017, 2
3.32384, -2.3024, 0.0705775, 1
0, 0, 0, 0
0.64018, -0.44643, 0.209126, 27
0.630342, -0.439569, 0.191602, 24
0.632989, -0.441415, 0.178161, 27
0.635443, -0.443126, 0.164666, 25
0.634483, -0.442457, 0.150357, 29
0.636539, -0.44389, 0.136835, 39
0.63516, -0.442929, 0.122645, 29
0.649815, -0.453149, 0.111338, 45
0.667593, -0.465546, 0.0999329, 41
0.678711, -0.473299, 0.0869677, 35
0.699464, -0.487771, 0.0746053, 37
0.765885, -0.53409, 0.0652921, 23
0.960018, -0.669468, 0.0613377, 16
3.29212, -2.29576, 0.140156, 2
3.31987, -2.31511, 0.0706473, 2
0, 0, 0, 0
0.645099, -0.452879, 0.211196, 32
0.632135, -0.443777, 0.19257, 27
0.637979, -0.44788, 0.179961, 27
0.630846, -0.442872, 0.163834, 27
0.629876, -0.442192, 0.149594, 31
0.638365, -0.448151, 0.137529, 41
0.630532, -0.442652, 0.122019, 30
0.65163, -0.457464, 0.111895, 43
0.666127, -0.467641, 0.0999329, 42
0.680477, -0.477715, 0.0873858, 39
0.701189, -0.492256, 0.0749539, 40
0.793596, -0.557128, 0.0678033, 16
0.951371, -0.667891, 0.0609191, 15
3.28817, -2.30839, 0.140296, 2
3.32568, -2.33472, 0.0709266, 3
0, 0, 0, 0
0.643673, -0.454903, 0.211196, 38
0.637077, -0.450241, 0.194505, 29
0.633386, -0.447633, 0.179061, 30
0.629451, -0.444852, 0.163834, 30
0.628484, -0.444168, 0.149594, 35
0.633737, -0.447881, 0.136835, 42
0.632365, -0.446911, 0.122645, 32
0.65019, -0.459509, 0.111895, 43
0.664655, -0.469731, 0.0999329, 46
0.675724, -0.477554, 0.0869677, 41
0.696385, -0.492156, 0.0746053, 40
0.860273, -0.607981, 0.0736628, 14
0.942744, -0.666265, 0.0605004, 15
3.36251, -2.37639, 0.143786, 19
3.30853, -2.33824, 0.0707171, 1
3.30903, -2.33859, 0, 1
0.645389, -0.459163, 0.212232, 35
0.632497, -0.449991, 0.193538, 33
0.635152, -0.45188, 0.179961, 30
0.628051, -0.446827, 0.163834, 30
0.633484, -0.450693, 0.151121, 32
0.635537, -0.452153, 0.137529, 40
0.630957, -0.448895, 0.122645, 34
0.645516, -0.459253, 0.111338, 46
0.663176, -0.471817, 0.0999329, 47
0.67422, -0.479675, 0.0869677, 39
0.701329, -0.498962, 0.0753026, 37
0.881118, -0.626873, 0.075616, 14
0.940646, -0.669224, 0.0605004, 16
3.33874, -2.37535, 0.143088, 19
3.29139, -2.34166, 0.0705077, 1
3.30167, -2.34898, 0, 1
0.643943, -0.461188, 0.212232, 32
0.63739, -0.456495, 0.195473, 37
0.63373, -0.453873, 0.179961, 36
0.633006, -0.453355, 0.165498, 35
0.632065, -0.452681, 0.151121, 36
0.637316, -0.456441, 0.138224, 40
0.629544, -0.450875, 0.122645, 34
0.64407, -0.461279, 0.111338, 44
0.664918, -0.47621, 0.10042, 45
0.67271, -0.481791, 0.0869677, 35
0.702998, -0.503483, 0.0756512, 38
0.888876, -0.636608, 0.0764531, 16
0.932044, -0.667524, 0.0600817, 16
3.32477, -2.38118, 0.142809, 22
3.27426, -2.34501, 0.0702983, 1
3.31378, -2.37331, 0, 1
0.642491, -0.463209, 0.212232, 25
0.632805, -0.456225, 0.194505, 33
0.632301, -0.455862, 0.179961, 39
0.628404, -0.453053, 0.164666, 36
0.63064, -0.454665, 0.151121, 38
0.635879, -0.458441, 0.138224, 41
0.631329, -0.455161, 0.12327, 33
0.64583, -0.465616, 0.111895, 44
0.663419, -0.478297, 0.10042, 44
0.677647, -0.488554, 0.0878039, 38
0.701413, -0.505689, 0.0756512, 41
0.899819, -0.648731, 0.0775692, 17
0.923462, -0.665777, 0.059663, 17
3.30754, -2.3846, 0.14239, 18
3.27661, -2.3623, 0.0705077, 1
3.30956, -2.38605, 0, 2
0.653541, -0.474303, 0.216373, 24
0.63451, -0.460491, 0.195473, 31
0.63402, -0.460135, 0.180861, 36
0.630145, -0.457323, 0.165498, 35
0.629208, -0.456643, 0.151121, 38
0.637623, -0.462751, 0.138919, 42
0.623501, -0.452502, 0.122019, 33
0.64757, -0.46997, 0.112452, 44
0.655486, -0.475715, 0.0994454, 43
0.676108, -0.490681, 0.0878039, 39
0.703046, -0.51023, 0.0759998, 40
0.894547, -0.649211, 0.0772902, 19
0.921366, -0.668675, 0.059663, 17
3.30974, -2.40202, 0.142809, 13
3.39541, -2.46419, 0.0732303, 12
3.31176, -2.40348, 0, 3
0.652048, -0.476353, 0.216373, 25
0.636194, -0.464771, 0.196441, 30
0.629424, -0.459826, 0.179961, 30
0.625545, -0.456992, 0.164666, 33
0.6246, -0.456302, 0.150357, 36
0.629805, -0.460104, 0.137529, 41
0.625267, -0.456789, 0.122645, 36
0.642892, -0.469665, 0.111895, 44
0.657194, -0.480113, 0.0999329, 39
0.677776, -0.495149, 0.088222, 34
0.695004, -0.507735, 0.0753026, 36
0.898947, -0.656726, 0.0778482, 20
0.909584, -0.664497, 0.059035, 17
3.32154, -2.42655, 0.143646, 12
3.40703, -2.489, 0.0736491, 35
3.28804, -2.40208, 0, 15
0.659886, -0.485267, 0.219479, 29
0.637857, -0.469067, 0.197408, 24
0.631116, -0.46411, 0.180861, 30
0.630411, -0.463591, 0.166329, 30
0.62, -0.455935, 0.149594, 35
0.63153, -0.464414, 0.138224, 40
0.620646, -0.45641, 0.122019, 35
0.638222, -0.469336, 0.111338, 43
0.658881, -0.484528, 0.10042, 33
0.676217, -0.497276, 0.088222, 30
0.703036, -0.516998, 0.0763484, 32
0.890451, -0.654819, 0.0772902, 21
0.904274, -0.664984, 0.0588256, 17
3.33967, -2.45592, 0.144763, 12
3.41208, -2.50917, 0.0739284, 35
3.2547, -2.39344, 0, 3
0.655253, -0.485039, 0.218443, 28
0.645739, -0.477996, 0.200311, 27
0.632788, -0.468409, 0.18176, 30
0.622662, -0.460914, 0.164666, 26
0.621721, -0.460217, 0.150357, 32
0.626901, -0.464052, 0.137529, 39
0.622384, -0.460708, 0.122645, 34
0.639929, -0.473695, 0.111895, 41
0.654165, -0.484233, 0.0999329, 38
0.677849, -0.501765, 0.0886401, 33
0.704611, -0.521575, 0.0766971, 33
0.891596, -0.659987, 0.0775692, 21
0.89897, -0.665445, 0.0586163, 17
3.33836, -2.47116, 0.145042, 13
3.41704, -2.5294, 0.0742076, 38
3.26967, -2.42031, 0, 1
0.66302, -0.49402, 0.221549, 31
0.644234, -0.480023, 0.200311, 26
0.643814, -0.479709, 0.18536, 26
0.624348, -0.465205, 0.165498, 25
0.620272, -0.462168, 0.150357, 28
0.62544, -0.466019, 0.137529, 36
0.617766, -0.460301, 0.122019, 34
0.638437, -0.475703, 0.111895, 40
0.659008, -0.49103, 0.100908, 37
0.676269, -0.503892, 0.0886401, 30
0.718946, -0.53569, 0.0784402, 35
0.883119, -0.658017, 0.0770111, 22
0.900078, -0.670653, 0.0588256, 17
3.34661, -2.49358, 0.14574, 12
3.4187, -2.54729, 0.0744171, 38
3.32941, -2.48076, 0, 2
0.664556, -0.498419, 0.222584, 29
0.648933, -0.486702, 0.202247, 29
0.645422, -0.484068, 0.186259, 30
0.632274, -0.474207, 0.167993, 23
0.621958, -0.46647, 0.151121, 24
0.623973, -0.467982, 0.137529, 33
0.616317, -0.462239, 0.122019, 33
0.63694, -0.477706, 0.111895, 36
0.657462, -0.493098, 0.100908, 27
0.68423, -0.513175, 0.0898945, 28
0.723635, -0.542728, 0.0791374, 32
0.88424, -0.663182, 0.0772902, 23
0.891575, -0.668684, 0.0584069, 17
3.35155, -2.51367, 0.146299, 12
3.41707, -2.56282, 0.0745567, 36
3.4048, -2.55361, 0, 32
0.678405, -0.512144, 0.227761, 27
0.647401, -0.488738, 0.202247, 32
0.647009, -0.488442, 0.187159, 32
0.640149, -0.483263, 0.170488, 24
0.623623, -0.470788, 0.151884, 23
0.616212, -0.465193, 0.13614, 31
0.614861, -0.464173, 0.122019, 35
0.632274, -0.477319, 0.111338, 34
0.662247, -0.499945, 0.101883, 27
0.688964, -0.520115, 0.0907307, 29
0.731467, -0.552202, 0.0801833, 32
0.875782, -0.661149, 0.0767321, 24
0.886282, -0.669075, 0.0581976, 18
3.35959, -2.53623, 0.146997, 12
3.4122, -2.57595, 0.0746265, 38
3.40633, -2.57152, 0, 35
0.676793, -0.514273, 0.227761, 31
0.655133, -0.497814, 0.20515, 36
0.645471, -0.490472, 0.187159, 35
0.641743, -0.487639, 0.171319, 29
0.625268, -0.47512, 0.152647, 19
0.621021, -0.471893, 0.137529, 25
0.616546, -0.468493, 0.122645, 32
0.633926, -0.481699, 0.111895, 29
0.663834, -0.504425, 0.10237, 30
0.690495, -0.524684, 0.0911488, 27
0.726556, -0.552086, 0.0798347, 34
0.867347, -0.659068, 0.0761741, 24
0.877815, -0.667022, 0.0577789, 18
3.36116, -2.55403, 0.147415, 12
3.41046, -2.59149, 0.0747661, 38
3.39824, -2.58221, 0, 37
0.684381, -0.523438, 0.230867, 33
0.6474, -0.495154, 0.203214, 38
0.650118, -0.497233, 0.188959, 36
0.643315, -0.49203, 0.172151, 34
0.636247, -0.486624, 0.1557, 18
0.628922, -0.481021, 0.139613, 21
0.615071, -0.470427, 0.122645, 29
0.641848, -0.490907, 0.113565, 25
0.662246, -0.506508, 0.10237, 28
0.698322, -0.534101, 0.0924032, 28
0.727983, -0.556787, 0.0801833, 35
0.865272, -0.66179, 0.0761741, 25
0.878888, -0.672204, 0.0579882, 18
3.36582, -2.57429, 0.147974, 11
3.41183, -2.60948, 0.0749755, 38
3.39646, -2.59773, 0, 35
0.679672, -0.523229, 0.229831, 31
0.651992, -0.50192, 0.20515, 34
0.645465, -0.496895, 0.188059, 40
0.641767, -0.494048, 0.172151, 35
0.634715, -0.48862, 0.1557, 28
0.633651, -0.4878, 0.141002, 19
0.619851, -0.477177, 0.123896, 25
0.652858, -0.502586, 0.115792, 26
0.663797, -0.511008, 0.102858, 26
0.696641, -0.536292, 0.0924032, 31
0.735703, -0.566363, 0.0812292, 33
0.863189, -0.664505, 0.0761741, 25
0.873606, -0.672525, 0.0577789, 18
3.36405, -2.58973, 0.148253, 11
3.40678, -2.62263, 0.0750453, 36
3.39462, -2.61327, 0, 37
0.684133, -0.530094, 0.231902, 28
0.662684, -0.513475, 0.209021, 34
0.643901, -0.498921, 0.188059, 42
0.64949, -0.503251, 0.174646, 35
0.642489, -0.497827, 0.15799, 29
0.650798, -0.504265, 0.14517, 24
0.618349, -0.479122, 0.123896, 21
0.660669, -0.511913, 0.117462, 20
0.671604, -0.520386, 0.10432, 32
0.694953, -0.538478, 0.0924032, 35
0.74022, -0.573553, 0.0819264, 32
0.854789, -0.662325, 0.075616, 26
0.871489, -0.675266, 0.0577789, 19
3.37486, -2.61498, 0.149091, 11
3.40485, -2.63822, 0.075185, 37
3.39588, -2.63127, 0, 36
0.691604, -0.539369, 0.235008, 25
0.67331, -0.525101, 0.212891, 31
0.64233, -0.500941, 0.188059, 42
0.647905, -0.505289, 0.174646, 36
0.640922, -0.499843, 0.15799, 39
0.649211, -0.506307, 0.14517, 30
0.623071, -0.485922, 0.125148, 17
0.655934, -0.51155, 0.116905, 15
0.673096, -0.524935, 0.104808, 31
0.693258, -0.540659, 0.0924032, 37
0.735272, -0.573425, 0.0815778, 29
0.852704, -0.665007, 0.075616, 25
0.859914, -0.670631, 0.0571509, 19
3.37608, -2.63294, 0.149509, 12
3.3997, -2.65136, 0.0752548, 38
3.39076, -2.64439, 0, 38
0.702063, -0.551082, 0.239149, 24
0.67471, -0.529611, 0.213859, 35
0.640753, -0.502957, 0.188059, 39
0.643237, -0.504907, 0.173814, 39
0.642437, -0.504278, 0.158753, 37
0.653814, -0.513209, 0.146559, 31
0.621542, -0.487877, 0.125148, 12
0.660555, -0.5185, 0.118019, 29
0.674567, -0.529499, 0.105295, 30
0.688426, -0.540378, 0.091985, 36
0.736601, -0.578192, 0.0819264, 25
0.847471, -0.665219, 0.075337, 25
0.860945, -0.675795, 0.0573602, 20
3.38352, -2.65588, 0.150207, 11
3.39765, -2.66697, 0.0753944, 37
3.39502, -2.6649, 0, 38
0.70336, -0.55568, 0.240184, 27
0.676088, -0.534134, 0.214827, 40
0.648345, -0.512215, 0.190758, 41
0.644718, -0.50935, 0.174646, 39
0.650092, -0.513596, 0.161043, 36
0.652199, -0.51526, 0.146559, 33
0.638606, -0.504522, 0.128902, 13
0.671356, -0.530395, 0.120246, 26
0.67913, -0.536537, 0.10627, 44
0.692968, -0.54747, 0.0928213, 36
0.750415, -0.592855, 0.0836695, 21
0.842246, -0.665405, 0.075058, 26
0.855683, -0.676021, 0.0571509, 19
3.37829, -2.66897, 0.150347, 14
3.39553, -2.68259, 0.075534, 35
3.38663, -2.67556, 0, 40
0.707659, -0.562696, 0.242255, 30
0.668331, -0.531424, 0.212891, 40
0.652833, -0.519101, 0.192558, 40
0.63699, -0.506503, 0.172983, 37
0.639256, -0.508305, 0.158753, 40
0.65366, -0.519758, 0.147254, 39
0.646295, -0.513902, 0.130779, 19
0.669686, -0.532501, 0.120246, 31
0.674334, -0.536197, 0.105783, 48
0.691245, -0.549644, 0.0928213, 39
0.767263, -0.61009, 0.0857613, 21
0.833905, -0.663081, 0.0744999, 26
0.856682, -0.681192, 0.0573602, 20
3.37302, -2.68206, 0.150487, 15
3.39334, -2.69822, 0.0756736, 36
3.38447, -2.69116, 0, 35
0.699855, -0.560088, 0.240184, 31
0.669688, -0.535946, 0.213859, 40
0.663371, -0.530891, 0.196157, 35
0.63845, -0.510946, 0.173814, 35
0.643787, -0.515217, 0.16028, 39
0.648948, -0.519348, 0.146559, 38
0.650847, -0.520867, 0.132031, 26
0.664917, -0.532128, 0.119689, 44
0.675746, -0.540794, 0.10627, 43
0.689515, -0.551813, 0.0928213, 39
0.765342, -0.612497, 0.0857613, 22
0.831818, -0.665697, 0.0744999, 26
0.8483, -0.678888, 0.0569415, 20
3.3677, -2.69514, 0.150626, 15
3.39422, -2.71636, 0.0758831, 39
3.38224, -2.70678, 0, 37
0.698092, -0.562284, 0.240184, 32
0.671024, -0.540482, 0.214827, 39
0.6617, -0.532972, 0.196157, 40
0.642936, -0.517858, 0.175477, 33
0.639107, -0.514774, 0.159516, 38
0.653449, -0.526326, 0.147948, 38
0.64613, -0.520431, 0.131405, 26
0.663242, -0.534214, 0.119689, 36
0.677136, -0.545405, 0.106758, 46
0.68468, -0.551481, 0.0924032, 37
0.766517, -0.617398, 0.0861099, 20
0.826615, -0.665804, 0.0742209, 26
0.843052, -0.679044, 0.0567322, 20
3.35921, -2.70571, 0.150626, 17
3.38567, -2.72701, 0.0758831, 41
3.37995, -2.72241, 0, 37
0.699323, -0.566907, 0.241219, 33
0.669323, -0.542587, 0.214827, 37
0.66305, -0.537503, 0.197057, 41
0.644345, -0.522339, 0.176309, 35
0.637487, -0.51678, 0.159516, 38
0.645672, -0.523415, 0.146559, 41
0.647561, -0.524946, 0.132031, 31
0.664638, -0.538789, 0.120246, 40
0.675419, -0.547529, 0.106758, 48
0.686034, -0.556134, 0.0928213, 38
0.764574, -0.619803, 0.0861099, 18
0.82142, -0.665885, 0.0739419, 26
0.840915, -0.681689, 0.0567322, 21
3.34759, -2.71373, 0.150487, 18
3.38019, -2.74016, 0.0759529, 42
3.3776, -2.73805, 0, 36
0.697539, -0.569102, 0.241219, 33
0.664607, -0.542234, 0.213859, 35
0.661358, -0.539583, 0.197057, 43
0.648764, -0.529308, 0.177972, 31
0.63586, -0.51878, 0.159516, 36
0.647077, -0.527931, 0.147254, 41
0.64897, -0.529476, 0.132656, 35
0.662942, -0.540875, 0.120246, 44
0.676772, -0.552158, 0.107245, 48
0.684284, -0.558287, 0.0928213, 36
0.765711, -0.624721, 0.0864585, 18
0.816232, -0.66594, 0.0736628, 27
0.838769, -0.684327, 0.0567322, 21
3.33595, -2.72171, 0.150347, 21
3.37156, -2.75076, 0.0759529, 43
3.37518, -2.75371, 0, 37
0.692761, -0.568838, 0.240184, 33
0.6659, -0.546782, 0.214827, 32
0.656648, -0.539185, 0.196157, 43
0.653146, -0.536309, 0.179636, 34
0.634227, -0.520775, 0.159516, 33
0.642371, -0.527462, 0.146559, 41
0.650357, -0.534019, 0.133282, 39
0.658178, -0.540441, 0.119689, 41
0.675034, -0.554282, 0.107245, 47
0.685601, -0.562958, 0.0932394, 34
0.760665, -0.624595, 0.0861099, 19
0.817219, -0.671033, 0.0739419, 26
0.833528, -0.684424, 0.0565228, 21
3.31812, -2.72456, 0.149928, 22
3.36291, -2.76134, 0.0759529, 41
3.37269, -2.76938, 0, 38
0.690971, -0.571012, 0.240184, 32
0.670163, -0.553816, 0.216762, 32
0.657955, -0.543728, 0.197057, 39
0.651458, -0.538359, 0.179636, 38
0.635615, -0.525266, 0.16028, 30
0.640711, -0.529477, 0.146559, 39
0.64563, -0.533543, 0.132656, 42
0.656477, -0.542506, 0.119689, 42
0.667168, -0.551341, 0.10627, 42
0.693028, -0.572712, 0.0944937, 36
0.76177, -0.62952, 0.0864585, 20
0.808956, -0.668513, 0.0733838, 27
0.828295, -0.684495, 0.0563135, 21
3.3003, -2.72733, 0.149509, 24
3.35113, -2.76934, 0.0758831, 40
3.37014, -2.78505, 0, 42
0.692144, -0.57565, 0.241219, 30
0.66842, -0.555919, 0.216762, 33
0.656244, -0.545792, 0.197057, 38
0.643747, -0.535399, 0.177972, 37
0.639999, -0.532282, 0.161806, 32
0.642073, -0.534006, 0.147254, 37
0.643951, -0.535568, 0.132656, 42
0.651724, -0.542033, 0.119132, 42
0.665433, -0.553435, 0.10627, 40
0.691226, -0.574886, 0.0944937, 36
0.759789, -0.63191, 0.0864585, 20
0.806851, -0.671051, 0.0733838, 28
0.82614, -0.687093, 0.0563135, 22
3.27942, -2.72746, 0.148951, 25
3.34241, -2.77986, 0.0758831, 35
3.36445, -2.79818, 0, 43
0.690333, -0.577821, 0.241219, 28
0.669646, -0.560507, 0.21773, 35
0.651537, -0.545349, 0.196157, 41
0.648063, -0.542441, 0.179636, 37
0.644346, -0.53933, 0.163333, 31
0.637372, -0.533492, 0.146559, 35
0.642266, -0.537588, 0.132656, 37
0.650018, -0.544077, 0.119132, 39
0.66978, -0.560618, 0.107245, 38
0.695518, -0.582161, 0.09533, 33
0.770023, -0.644524, 0.087853, 20
0.79862, -0.66846, 0.0728258, 28
0.817852, -0.684557, 0.0558948, 22
3.2647, -2.73262, 0.148672, 28
3.32447, -2.78264, 0.0756736, 33
3.35871, -2.81131, 0, 41
0.691469, -0.582477, 0.242255, 25
0.67085, -0.565108, 0.218697, 36
0.652801, -0.549904, 0.197057, 39
0.64037, -0.539433, 0.177972, 35
0.645651, -0.543881, 0.164096, 37
0.635692, -0.535492, 0.146559, 31
0.646616, -0.544694, 0.133908, 36
0.654364, -0.551221, 0.120246, 35
0.671052, -0.565278, 0.107732, 41
0.702812, -0.592033, 0.0965843, 31
0.780184, -0.657209, 0.0892475, 22
0.799567, -0.673537, 0.0731048, 28
0.818752, -0.689697, 0.0561041, 22
3.24081, -2.72999, 0.147974, 28
3.31265, -2.7905, 0.0756038, 30
3.34986, -2.82185, 0, 40
0.69553, -0.589643, 0.244325, 26
0.669072, -0.567213, 0.218697, 36
0.651071, -0.551952, 0.197057, 39
0.647626, -0.549032, 0.180467, 35
0.64394, -0.545907, 0.164096, 37
0.643021, -0.545128, 0.148643, 35
0.641889, -0.544168, 0.133282, 37
0.655651, -0.555835, 0.120802, 39
0.67533, -0.572518, 0.108707, 46
0.700949, -0.594237, 0.0965843, 34
0.81459, -0.690578, 0.093431, 26
0.794404, -0.673465, 0.0728258, 28
0.813534, -0.689682, 0.0558948, 21
3.22308, -2.7324, 0.147555, 28
3.29166, -2.79054, 0.0753246, 28
3.34098, -2.83235, 0, 41
0.693674, -0.591826, 0.244325, 26
0.670239, -0.571831, 0.219665, 36
0.649333, -0.553995, 0.197057, 38
0.648874, -0.553604, 0.181299, 34
0.645208, -0.550476, 0.164859, 36
0.641305, -0.547146, 0.148643, 36
0.646187, -0.551311, 0.134534, 30
0.659928, -0.563034, 0.121916, 36
0.679568, -0.579791, 0.109682, 40
0.702105, -0.599019, 0.0970024, 34
0.827573, -0.706065, 0.0951741, 32
0.792284, -0.675957, 0.0728258, 29
0.811363, -0.692235, 0.0558948, 20
3.20839, -2.73732, 0.147276, 29
3.27071, -2.79049, 0.0750453, 30
3.32902, -2.84024, 0, 40
0.691812, -0.594002, 0.244325, 26
0.665495, -0.571405, 0.218697, 35
0.64759, -0.556032, 0.197057, 34
0.644164, -0.55309, 0.180467, 34
0.640497, -0.549942, 0.164096, 36
0.645561, -0.55429, 0.150032, 36
0.644452, -0.553338, 0.134534, 29
0.661161, -0.567685, 0.122472, 35
0.680756, -0.584509, 0.11017, 44
0.697202, -0.59863, 0.0965843, 33
0.837445, -0.719045, 0.0965686, 32
0.78713, -0.675843, 0.0725467, 28
0.809185, -0.69478, 0.0558948, 20
3.18765, -2.73697, 0.146717, 28
3.25586, -2.79554, 0.0749057, 28
3.31705, -2.84808, 0, 36
0.689942, -0.596172, 0.244325, 25
0.666633, -0.576031, 0.219665, 33
0.651738, -0.563161, 0.198857, 29
0.648344, -0.560228, 0.182131, 34
0.635795, -0.549385, 0.163333, 35
0.646797, -0.558891, 0.150727, 36
0.645699, -0.557943, 0.135159, 35
0.656377, -0.56717, 0.121916, 39
0.678916, -0.586645, 0.11017, 48
0.695317, -0.600817, 0.0965843, 32
0.853272, -0.737304, 0.0986603, 31
0.781983, -0.675704, 0.0722677, 29
0.806998, -0.697319, 0.0558948, 19
3.16996, -2.73913, 0.146299, 28
3.23193, -2.79268, 0.0745567, 29
3.30506, -2.85587, 0, 31
0.696812, -0.605942, 0.247431, 26
0.661891, -0.575575, 0.218697, 32
0.647025, -0.562647, 0.197957, 29
0.643628, -0.559694, 0.181299, 36
0.642955, -0.559108, 0.165622, 35
0.645038, -0.56092, 0.150727, 42
0.646925, -0.562561, 0.135785, 33
0.660571, -0.574427, 0.123029, 43
0.67707, -0.588774, 0.11017, 48
0.693427, -0.602998, 0.0965843, 32
0.862979, -0.75044, 0.100055, 31
0.779857, -0.678157, 0.0722677, 29
0.798775, -0.694608, 0.0554761, 19
3.15229, -2.7412, 0.14588, 28
3.21409, -2.79494, 0.0743473, 30
3.284, -2.85574, 0, 29
0.697812, -0.610674, 0.248466, 25
0.663, -0.580208, 0.219665, 30
0.651119, -0.569811, 0.199757, 35
0.638922, -0.559137, 0.180467, 36
0.641195, -0.561126, 0.165622, 35
0.643272, -0.562944, 0.150727, 37
0.654073, -0.572396, 0.137662, 38
0.661743, -0.579108, 0.123586, 44
0.675216, -0.590899, 0.11017, 47
0.691528, -0.605174, 0.0965843, 31
0.872612, -0.763645, 0.101449, 33
0.774719, -0.677976, 0.0719887, 29
0.796588, -0.697115, 0.0554761, 19
3.13163, -2.74057, 0.145322, 29
3.19927, -2.79976, 0.0742076, 31
3.26297, -2.85551, 0, 28
0.704589, -0.620524, 0.251572, 29
0.664087, -0.584854, 0.220633, 30
0.652251, -0.57443, 0.200656, 37
0.640099, -0.563727, 0.181299, 35
0.636482, -0.560543, 0.164859, 37
0.644457, -0.567566, 0.151421, 38
0.643377, -0.566615, 0.135785, 40
0.662893, -0.583802, 0.124142, 43
0.673357, -0.593017, 0.11017, 44
0.692609, -0.609973, 0.0970024, 29
0.88217, -0.776917, 0.102844, 33
0.769591, -0.67777, 0.0717097, 29
0.80039, -0.704894, 0.0558948, 18
3.117, -2.74511, 0.145042, 27
3.17845, -2.79923, 0.0739284, 30
3.23897, -2.85253, 0, 26
0.711311, -0.630422, 0.254678, 36
0.662246, -0.586937, 0.220633, 30
0.647526, -0.573891, 0.199757, 38
0.638324, -0.565736, 0.181299, 36
0.634718, -0.562539, 0.164859, 38
0.639723, -0.566975, 0.150727, 44
0.647507, -0.573874, 0.137037, 42
0.655127, -0.580628, 0.123029, 43
0.674461, -0.597763, 0.110657, 42
0.69069, -0.612146, 0.0970024, 26
0.876743, -0.777041, 0.102495, 39
0.770444, -0.682831, 0.0719887, 31
0.795182, -0.704756, 0.0556855, 17
3.09639, -2.74428, 0.144484, 29
3.16066, -2.80124, 0.073719, 28
3.22102, -2.85473, 0, 28
0.715094, -0.637797, 0.256748, 41
0.657503, -0.586431, 0.219665, 28
0.64572, -0.575923, 0.199757, 37
0.633624, -0.565134, 0.180467, 36
0.635878, -0.567144, 0.165622, 40
0.640878, -0.571604, 0.151421, 45
0.645701, -0.575905, 0.137037, 45
0.659212, -0.587956, 0.124142, 44
0.669617, -0.597236, 0.11017, 42
0.694701, -0.619608, 0.0978386, 25
0.880245, -0.785097, 0.103192, 41
0.762339, -0.679936, 0.0714306, 29
0.792964, -0.70725, 0.0556855, 15
3.08477, -2.75133, 0.144344, 28
3.14289, -2.80317, 0.0735095, 30
3.20308, -2.85685, 0, 28
0.718837, -0.645202, 0.258819, 43
0.664322, -0.596271, 0.222568, 25
0.641007, -0.575345, 0.198857, 38
0.637669, -0.572348, 0.182131, 37
0.631171, -0.566516, 0.164859, 40
0.642011, -0.576246, 0.152116, 44
0.643889, -0.577931, 0.137037, 45
0.654414, -0.587378, 0.123586, 44
0.670692, -0.601989, 0.110657, 40
0.692751, -0.621788, 0.0978386, 23
0.874808, -0.785196, 0.102844, 40
0.75723, -0.679662, 0.0711516, 30
0.784793, -0.704402, 0.0552668, 13
3.06124, -2.74766, 0.143646, 27
3.12514, -2.80501, 0.0733001, 27
3.18515, -2.85888, 0, 27
0.713939, -0.644867, 0.257784, 44
0.659565, -0.595754, 0.2216, 23
0.644981, -0.582581, 0.200656, 37
0.635868, -0.574349, 0.182131, 38
0.635216, -0.57376, 0.166385, 38
0.637274, -0.575619, 0.151421, 41
0.64207, -0.579951, 0.137037, 42
0.652565, -0.589431, 0.123586, 40
0.668798, -0.604093, 0.110657, 37
0.696698, -0.629294, 0.0986749, 20
0.875295, -0.790612, 0.103192, 42
0.758052, -0.684712, 0.0714306, 31
0.782576, -0.706864, 0.0552668, 12
3.04073, -2.74654, 0.143088, 27
3.10741, -2.80678, 0.0730907, 28
3.16132, -2.85547, 0, 28
0.714769, -0.649706, 0.258819, 42
0.663435, -0.603044, 0.223536, 21
0.643148, -0.584604, 0.200656, 35
0.63406, -0.576344, 0.182131, 37
0.63341, -0.575753, 0.166385, 37
0.638377, -0.580268, 0.152116, 38
0.643168, -0.584623, 0.137662, 38
0.653641, -0.594143, 0.124142, 39
0.669834, -0.608862, 0.111145, 36
0.703549, -0.639507, 0.0999292, 18
0.872806, -0.793358, 0.103192, 39
0.752944, -0.684406, 0.0711516, 30
0.783307, -0.712005, 0.0554761, 9
2.71556, -2.46837, 0.128151, 21
3.08674, -2.80576, 0.0728114, 27
3.14937, -2.86269, 0, 28
0.712724, -0.651948, 0.258819, 35
0.670128, -0.612984, 0.226439, 22
0.641308, -0.586622, 0.200656, 32
0.632246, -0.578333, 0.182131, 37
0.628701, -0.57509, 0.165622, 36
0.636551, -0.582271, 0.152116, 35
0.644244, -0.589307, 0.138288, 37
0.651772, -0.596193, 0.124142, 37
0.664989, -0.608283, 0.110657, 36
0.707407, -0.647084, 0.100765, 19
0.87031, -0.796096, 0.103192, 35
0.750791, -0.686768, 0.0711516, 29
0.781067, -0.714463, 0.0554761, 7
2.68715, -2.45801, 0.127174, 8
3.07201, -2.81005, 0.0726718, 30
3.13151, -2.86447, 0, 28
0.710673, -0.654184, 0.258819, 31
0.67391, -0.620344, 0.228374, 24
0.639462, -0.588634, 0.200656, 30
0.633305, -0.582966, 0.182962, 35
0.626891, -0.577062, 0.165622, 36
0.634719, -0.584268, 0.152116, 36
0.645296, -0.594004, 0.138914, 36
0.649895, -0.598238, 0.124142, 36
0.668917, -0.615747, 0.111632, 34
0.717078, -0.66008, 0.102438, 20
0.870736, -0.801525, 0.103541, 34
0.748629, -0.689124, 0.0711516, 30
0.778818, -0.716913, 0.0554761, 7
2.65588, -2.44478, 0.126057, 14
3.05434, -2.81156, 0.0724624, 29
3.11366, -2.86617, 0, 28
0.708614, -0.656414, 0.258819, 27
0.671958, -0.622458, 0.228374, 27
0.640469, -0.593288, 0.201556, 29
0.634341, -0.587612, 0.183794, 34
0.627956, -0.581697, 0.166385, 34
0.63288, -0.586259, 0.152116, 34
0.640528, -0.593343, 0.138288, 33
0.650919, -0.602968, 0.124699, 35
0.666979, -0.617846, 0.111632, 33
0.732511, -0.67855, 0.104947, 20
0.865291, -0.801548, 0.103192, 31
0.746461, -0.691472, 0.0711516, 30
0.779493, -0.722071, 0.0556855, 5
2.63353, -2.43953, 0.125359, 19
3.03669, -2.81299, 0.072253, 27
3.09877, -2.8705, 0, 27
0.709375, -0.661271, 0.259854, 19
0.672838, -0.627212, 0.229342, 31
0.641453, -0.597955, 0.202456, 27
0.62963, -0.586934, 0.182962, 32
0.626125, -0.583667, 0.166385, 33
0.63968, -0.596302, 0.1542, 31
0.641551, -0.598046, 0.138914, 32
0.649021, -0.60501, 0.124699, 36
0.670843, -0.625352, 0.112607, 31
0.742015, -0.691698, 0.106619, 21
0.865683, -0.80698, 0.103541, 31
0.744285, -0.693814, 0.0711516, 30
2.58294, -2.40779, 0.18506, 11
2.61708, -2.43961, 0.12494, 24
3.01613, -2.81161, 0.0719737, 31
3.08096, -2.87204, 0, 27
0.704476, -0.660853, 0.258819, 20
0.682187, -0.639944, 0.233213, 38
0.639571, -0.599967, 0.202456, 25
0.627783, -0.588909, 0.182962, 31
0.630016, -0.591004, 0.167912, 32
0.632057, -0.592919, 0.15281, 33
0.64255, -0.602762, 0.13954, 36
0.652895, -0.612466, 0.125812, 35
0.668875, -0.627457, 0.112607, 28
0.751444, -0.704912, 0.108291, 24
0.863143, -0.809695, 0.103541, 30
0.736281, -0.690689, 0.0705935, 29
2.57537, -2.41589, 0.18506, 14
2.59774, -2.43688, 0.124382, 48
2.99562, -2.81012, 0.0716945, 31
3.06317, -2.87349, 0, 26
0.699587, -0.660411, 0.257784, 22
0.682995, -0.644749, 0.23418, 39
0.643351, -0.607324, 0.204256, 23
0.63162, -0.59625, 0.184626, 29
0.622446, -0.587589, 0.166385, 31
0.63592, -0.60031, 0.1542, 33
0.640653, -0.604778, 0.13954, 37
0.650968, -0.614514, 0.125812, 32
0.669787, -0.63228, 0.113095, 25
0.746333, -0.704539, 0.107873, 27
0.860595, -0.812403, 0.103541, 28
0.734107, -0.692998, 0.0705935, 30
2.55614, -2.413, 0.184223, 16
2.59007, -2.44503, 0.124382, 25
2.69886, -2.54773, 0.0647833, 18
3.04831, -2.87761, 0, 26
0.691906, -0.657283, 0.255713, 23
0.686594, -0.652237, 0.236116, 32
0.647092, -0.614711, 0.206055, 21
0.629744, -0.598231, 0.184626, 27
0.62629, -0.594951, 0.167912, 30
0.631175, -0.599591, 0.153505, 34
0.63875, -0.606787, 0.13954, 36
0.651906, -0.619285, 0.126369, 33
0.673555, -0.63985, 0.11407, 25
0.755652, -0.717839, 0.109546, 29
0.858039, -0.815103, 0.103541, 31
0.73482, -0.698049, 0.0708726, 30
2.53986, -2.41277, 0.183595, 17
2.57368, -2.44489, 0.123963, 30
2.64155, -2.50937, 0.0635966, 22
3.02766, -2.87615, 0, 26
0.689838, -0.659453, 0.255713, 26
0.690153, -0.659755, 0.238051, 30
0.653609, -0.624821, 0.208755, 22
0.627861, -0.600207, 0.184626, 25
0.630094, -0.602342, 0.169438, 29
0.632136, -0.604293, 0.1542, 32
0.639697, -0.611521, 0.140165, 32
0.655684, -0.626804, 0.127483, 32
0.671541, -0.641963, 0.11407, 24
0.764895, -0.731205, 0.111218, 32
0.852594, -0.815041, 0.103192, 29
0.726855, -0.69484, 0.0703145, 31
2.52072, -2.40969, 0.182757, 19
2.55732, -2.44468, 0.123544, 25
2.61631, -2.50107, 0.0631777, 24
3.00993, -2.87736, 0, 27
0.684978, -0.658939, 0.254678, 28
0.690874, -0.664611, 0.239019, 26
0.651643, -0.626871, 0.208755, 27
0.631612, -0.607601, 0.186289, 23
0.625369, -0.601596, 0.168675, 27
0.633073, -0.609007, 0.154894, 31
0.64062, -0.616267, 0.140791, 34
0.653711, -0.628861, 0.127483, 30
0.680966, -0.655079, 0.11602, 23
0.762595, -0.733605, 0.111218, 34
0.852901, -0.820478, 0.103541, 25
0.724668, -0.69712, 0.0703145, 32
2.5045, -2.40929, 0.182129, 26
2.54386, -2.44716, 0.123265, 28
2.59691, -2.49819, 0.0628985, 25
2.99223, -2.87848, 0, 27
0.685681, -0.663775, 0.255713, 28
0.688783, -0.666778, 0.239019, 22
0.663672, -0.642469, 0.213254, 27
0.632511, -0.612304, 0.187121, 21
0.626297, -0.606289, 0.169438, 25
0.636818, -0.616473, 0.156283, 32
0.63868, -0.618276, 0.140791, 32
0.654578, -0.633666, 0.128039, 27
0.68461, -0.662738, 0.116995, 30
0.763144, -0.738764, 0.111636, 31
0.850319, -0.823153, 0.103541, 26
0.719607, -0.696618, 0.0700355, 30
2.49405, -2.41437, 0.18192, 31
2.53329, -2.45236, 0.123125, 35
2.5833, -2.50077, 0.0627588, 26
2.9688, -2.87396, 0, 29
0.680824, -0.66323, 0.254678, 29
0.686684, -0.668938, 0.239019, 23
0.664442, -0.647271, 0.214153, 39
0.638992, -0.622478, 0.189615, 20
0.627202, -0.610993, 0.170202, 24
0.632056, -0.615722, 0.155589, 29
0.642395, -0.625793, 0.142042, 27
0.655422, -0.638484, 0.128596, 32
0.685368, -0.667656, 0.117482, 32
0.763669, -0.743934, 0.112055, 30
0.844874, -0.82304, 0.103192, 25
0.720274, -0.701659, 0.0703145, 30
2.48073, -2.41662, 0.181501, 31
2.5313, -2.46588, 0.123405, 36
2.56397, -2.49771, 0.0624796, 30
2.68756, -2.61811, 0, 13
0.675979, -0.66266, 0.253643, 30
0.676265, -0.662941, 0.236116, 23
0.667972, -0.654811, 0.215953, 41
0.63424, -0.621743, 0.188784, 19
0.630888, -0.618458, 0.171728, 22
0.632932, -0.620462, 0.156283, 24
0.643247, -0.630573, 0.142668, 30
0.656242, -0.643312, 0.129153, 34
0.686103, -0.672585, 0.11797, 26
0.761329, -0.746329, 0.112055, 32
0.839439, -0.8229, 0.102844, 25
0.712367, -0.698332, 0.0697565, 28
2.46742, -2.41881, 0.181082, 33
2.52354, -2.47382, 0.123405, 47
2.55326, -2.50295, 0.0624098, 28
2.62791, -2.57614, 0, 15
0.673893, -0.664781, 0.253643, 30
0.676942, -0.667788, 0.237083, 23
0.665911, -0.656907, 0.215953, 42
0.643424, -0.634724, 0.19211, 27
0.628941, -0.620437, 0.171728, 22
0.636588, -0.62798, 0.157673, 31
0.646888, -0.638141, 0.14392, 36
0.659857, -0.650934, 0.130266, 30
0.692465, -0.683102, 0.119432, 31
0.761812, -0.751511, 0.112473, 37
0.831176, -0.819937, 0.102147, 25
0.710169, -0.700567, 0.0697565, 27
2.45128, -2.41813, 0.180454, 29
2.52999, -2.49578, 0.124103, 35
2.53684, -2.50253, 0.0622004, 29
2.59133, -2.55629, 0, 25
0.671802, -0.666894, 0.253643, 31
0.672087, -0.667177, 0.236116, 25
0.669377, -0.664487, 0.217753, 41
0.644204, -0.639498, 0.192942, 28
0.632563, -0.627942, 0.173255, 24
0.637408, -0.632752, 0.158367, 35
0.64488, -0.640169, 0.14392, 40
0.663431, -0.658585, 0.131379, 39
0.687499, -0.682476, 0.118944, 38
0.759448, -0.7539, 0.112473, 38
0.825769, -0.819736, 0.101798, 23
0.705134, -0.699983, 0.0694774, 26
2.44934, -2.43145, 0.180873, 26
2.53065, -2.51216, 0.124521, 38
2.52896, -2.51049, 0.0622004, 36
2.57761, -2.55878, 0, 33
0.669703, -0.669002, 0.253643, 30
0.667241, -0.666543, 0.235148, 26
0.667285, -0.666587, 0.217753, 31
0.650496, -0.649815, 0.195437, 29
0.633364, -0.632702, 0.174018, 25
0.64099, -0.64032, 0.159756, 34
0.64566, -0.644985, 0.144545, 36
0.658556, -0.657867, 0.130823, 45
0.690968, -0.690245, 0.119919, 35
0.759889, -0.759094, 0.112891, 37
0.820369, -0.819511, 0.101449, 21
0.705754, -0.705015, 0.0697565, 24
2.44169, -2.43913, 0.180873, 21
2.52557, -2.52292, 0.124661, 37
2.5154, -2.51277, 0.0620608, 38
2.56107, -2.55839, 0, 25
0.667598, -0.671102, 0.253643, 31
0.665144, -0.668635, 0.235148, 27
0.667937, -0.671443, 0.218652, 29
0.651211, -0.654629, 0.196269, 38
0.639682, -0.643039, 0.176308, 30
0.647311, -0.650708, 0.16184, 38
0.649204, -0.652611, 0.145797, 46
0.662074, -0.665549, 0.131936, 42
0.697197, -0.700856, 0.121382, 29
0.760307, -0.764297, 0.113309, 38
0.812171, -0.816433, 0.100752, 20
0.695093, -0.698741, 0.0689194, 22
2.45655, -2.46945, 0.182548, 19
2.52609, -2.53935, 0.12508, 36
2.51314, -2.52633, 0.0622004, 41
2.54456, -2.55791, 0, 35
0.660054, -0.667701, 0.251572, 32
0.66304, -0.670722, 0.235148, 29
0.665824, -0.673538, 0.218652, 27
0.654652, -0.662237, 0.197932, 42
0.640418, -0.647838, 0.177071, 37
0.642493, -0.649937, 0.161146, 49
0.649928, -0.657458, 0.146423, 51
0.662764, -0.670443, 0.132493, 38
0.686618, -0.694573, 0.119919, 23
0.757902, -0.766683, 0.113309, 39
0.778786, -0.787809, 0.0969172, 19
0.695699, -0.70376, 0.0691984, 20
2.46282, -2.49136, 0.183595, 18
2.52372, -2.55296, 0.125359, 35
2.50519, -2.53422, 0.0622004, 39
2.52807, -2.55736, 0, 31
0.657953, -0.669771, 0.251572, 32
0.65821, -0.670032, 0.23418, 30
0.660974, -0.672846, 0.217753, 28
0.655311, -0.667081, 0.198764, 45
0.643884, -0.655449, 0.178597, 33
0.643209, -0.654762, 0.16184, 54
0.645091, -0.656677, 0.145797, 45
0.660655, -0.672521, 0.132493, 43
0.684433, -0.696726, 0.119919, 17
0.752702, -0.766222, 0.112891, 38
0.773515, -0.787409, 0.0965686, 21
0.690689, -0.703095, 0.0689194, 17
2.46898, -2.51333, 0.184641, 18
2.52409, -2.56943, 0.125778, 37
2.51123, -2.55634, 0.0625494, 38
2.52002, -2.56529, 0, 33
0.655845, -0.671835, 0.251572, 32
0.650679, -0.666543, 0.232245, 30
0.656134, -0.67213, 0.216853, 28
0.655944, -0.671937, 0.199595, 40
0.644564, -0.660278, 0.17936, 44
0.649404, -0.665237, 0.163924, 57
0.645784, -0.661528, 0.146423, 40
0.661305, -0.677428, 0.133049, 39
0.685013, -0.701714, 0.120407, 11
0.747512, -0.765736, 0.112473, 40
0.76547, -0.784133, 0.0958713, 21
0.680115, -0.696696, 0.0680823, 15
2.46665, -2.52679, 0.18506, 21
2.52159, -2.58307, 0.126057, 37
2.50319, -2.56422, 0.0625494, 38
2.50916, -2.57033, 0, 34
0.653731, -0.673892, 0.251572, 32
0.651284, -0.671369, 0.233213, 30
0.654019, -0.674188, 0.216853, 29
0.648382, -0.668377, 0.197932, 38
0.642486, -0.6623, 0.17936, 45
0.644568, -0.664446, 0.163229, 52
0.646453, -0.666389, 0.147048, 41
0.659174, -0.679502, 0.133049, 24
0.682805, -0.703863, 0.120407, 6
0.747872, -0.770936, 0.112891, 39
0.751905, -0.775093, 0.0944768, 19
0.672366, -0.693101, 0.0675243, 15
2.47261, -2.54886, 0.186107, 20
2.51903, -2.59671, 0.126336, 38
2.50626, -2.58355, 0.0628287, 38
2.4955, -2.57246, 0, 34
0.651611, -0.675943, 0.251572, 30
0.649172, -0.673412, 0.233213, 30
0.649193, -0.673434, 0.215953, 29
0.65171, -0.676045, 0.199595, 35
0.645853, -0.669969, 0.180887, 46
0.642477, -0.666468, 0.163229, 41
0.64984, -0.674106, 0.1483, 41
0.657036, -0.68157, 0.133049, 25
0.669569, -0.694571, 0.118457, 3
0.745447, -0.773282, 0.112891, 38
0.730107, -0.75737, 0.0920365, 16
0.667415, -0.692337, 0.0672452, 16
2.47291, -2.56525, 0.186735, 21
2.51641, -2.61037, 0.126615, 39
2.5009, -2.59429, 0.0628985, 39
2.49296, -2.58605, 0, 35
0.646812, -0.675196, 0.250537, 29
0.649738, -0.678251, 0.23418, 30
0.64977, -0.678284, 0.216853, 29
0.649583, -0.678089, 0.199595, 28
0.641028, -0.669159, 0.180124, 42
0.637655, -0.665638, 0.162535, 38
0.644987, -0.673291, 0.147674, 24
0.652151, -0.68077, 0.132493, 28
0.659145, -0.68807, 0.116995, 6
0.743014, -0.77562, 0.112891, 35
0.708429, -0.739517, 0.0895961, 14
0.665237, -0.69443, 0.0672452, 18
2.47865, -2.58742, 0.187781, 22
2.51096, -2.62115, 0.126755, 39
2.50104, -2.6108, 0.0631079, 38
2.48482, -2.59386, 0, 35
0.647351, -0.680023, 0.251572, 29
0.644928, -0.677478, 0.233213, 29
0.642261, -0.674677, 0.215053, 30
0.644751, -0.677292, 0.198764, 27
0.638923, -0.67117, 0.180124, 37
0.632845, -0.664785, 0.16184, 34
0.63742, -0.669591, 0.146423, 23
0.641816, -0.674209, 0.130823, 23
0.65698, -0.690138, 0.116995, 9
0.73783, -0.775069, 0.112473, 32
0.692364, -0.727308, 0.087853, 13
0.65755, -0.690737, 0.0666872, 18
2.48704, -2.61256, 0.189037, 22
2.51098, -2.63771, 0.127174, 37
2.49558, -2.62154, 0.0631777, 37
2.48493, -2.61035, 0, 35
0.642556, -0.679247, 0.250537, 27
0.645463, -0.68232, 0.23418, 28
0.640139, -0.676691, 0.215053, 31
0.647998, -0.684999, 0.200427, 27
0.634113, -0.670321, 0.17936, 30
0.630753, -0.66677, 0.16184, 25
0.638028, -0.67446, 0.147048, 29
0.636973, -0.673344, 0.130266, 21
0.65208, -0.689314, 0.116507, 11
0.738126, -0.780273, 0.112891, 32
0.687338, -0.726585, 0.0875044, 12
0.655376, -0.692799, 0.0666872, 18
2.48705, -2.62906, 0.189666, 22
2.51093, -2.6543, 0.127593, 37
2.49009, -2.63227, 0.0632475, 37
2.47947, -2.62105, 0, 36
0.640419, -0.681262, 0.250537, 25
0.640658, -0.681516, 0.233213, 27
0.63534, -0.675859, 0.214153, 29
0.640483, -0.68133, 0.198764, 27
0.637383, -0.678032, 0.180887, 25
0.628655, -0.668748, 0.16184, 21
0.627788, -0.667826, 0.145171, 24
0.632141, -0.672456, 0.129709, 18
0.649911, -0.691359, 0.116507, 11
0.738395, -0.785487, 0.113309, 30
0.679593, -0.722934, 0.0868071, 12
0.647731, -0.68904, 0.0661291, 19
2.48972, -2.64851, 0.190503, 23
2.50531, -2.66509, 0.127732, 36
2.49002, -2.64882, 0.0634569, 37
2.47944, -2.63757, 0, 35
0.640914, -0.686094, 0.251572, 24
0.635865, -0.68069, 0.232245, 26
0.638535, -0.683548, 0.215953, 29
0.632998, -0.67762, 0.1971, 28
0.632569, -0.677162, 0.180124, 25
0.626551, -0.67072, 0.16184, 21
0.617597, -0.661133, 0.143294, 24
0.627321, -0.671544, 0.129153, 19
0.642316, -0.687595, 0.115532, 12
0.735924, -0.787802, 0.113309, 28
0.680039, -0.727978, 0.0871557, 11
0.645563, -0.691071, 0.0661291, 18
2.48957, -2.66507, 0.191131, 25
2.50511, -2.68171, 0.128151, 34
2.49261, -2.66832, 0.0637362, 38
2.47934, -2.65411, 0, 38
0.641384, -0.690936, 0.252607, 22
0.636364, -0.685528, 0.233213, 25
0.631081, -0.679838, 0.214153, 28
0.630866, -0.679606, 0.1971, 27
0.630439, -0.679146, 0.180124, 25
0.621761, -0.669798, 0.161146, 21
0.618204, -0.665966, 0.14392, 27
0.622514, -0.670608, 0.128596, 22
0.640152, -0.68961, 0.115532, 11
0.736152, -0.793026, 0.113727, 27
0.677748, -0.73011, 0.0871557, 10
0.640674, -0.690172, 0.0658501, 19
2.48934, -2.68166, 0.191759, 28
2.50484, -2.69836, 0.12857, 35
2.48966, -2.682, 0.0638758, 36
2.47915, -2.67068, 0, 39
0.641829, -0.695787, 0.253643, 20
0.636838, -0.690377, 0.23418, 23
0.631585, -0.684682, 0.215053, 26
0.628728, -0.681584, 0.1971, 28
0.62564, -0.678237, 0.17936, 26
0.614312, -0.665957, 0.159756, 22
0.616109, -0.667905, 0.14392, 28
0.620404, -0.672561, 0.128596, 22
0.637983, -0.691617, 0.115532, 11
0.736354, -0.798259, 0.114145, 24
0.675451, -0.732236, 0.0871557, 12
0.633091, -0.686315, 0.0652921, 19
2.49174, -2.70121, 0.192596, 32
2.50177, -2.71209, 0.128849, 33
2.48393, -2.69275, 0.0639456, 37
2.47617, -2.68434, 0, 36
0.634419, -0.692104, 0.251572, 18
0.637289, -0.695235, 0.235148, 21
0.626797, -0.683789, 0.214153, 25
0.626583, -0.683556, 0.1971, 28
0.626159, -0.683093, 0.180124, 26
0.612217, -0.667884, 0.159756, 23
0.614008, -0.669837, 0.14392, 29
0.615611, -0.671587, 0.128039, 19
0.633124, -0.690692, 0.115045, 10
0.736531, -0.803501, 0.114563, 20
0.66507, -0.725542, 0.0861099, 15
0.633629, -0.691242, 0.0655711, 18
2.48864, -2.71492, 0.193015, 32
2.49864, -2.72583, 0.129128, 35
2.48356, -2.70939, 0.064155, 36
2.46502, -2.68916, 0, 36
0.640047, -0.702663, 0.254678, 16
0.635102, -0.697234, 0.235148, 20
0.629895, -0.691518, 0.215953, 23
0.624433, -0.685521, 0.1971, 26
0.621366, -0.682154, 0.17936, 27
0.612768, -0.672716, 0.160451, 24
0.606579, -0.665921, 0.142668, 29
0.613499, -0.673517, 0.128039, 23
0.630951, -0.692677, 0.115045, 12
0.734003, -0.805811, 0.114563, 14
0.670837, -0.736465, 0.0871557, 19
0.62608, -0.687329, 0.065013, 17
2.48278, -2.72568, 0.193224, 32
2.49545, -2.73958, 0.129407, 38
2.48043, -2.72309, 0.0642947, 35
2.47003, -2.71167, 0, 38
0.640429, -0.707535, 0.255713, 15
0.632908, -0.699226, 0.235148, 18
0.630335, -0.696383, 0.216853, 21
0.622276, -0.68748, 0.1971, 26
0.616585, -0.681192, 0.178597, 27
0.605365, -0.668796, 0.159062, 25
0.607136, -0.670753, 0.143294, 28
0.608721, -0.672505, 0.127483, 26
0.626107, -0.691712, 0.114557, 13
0.728798, -0.805163, 0.114145, 5
0.663172, -0.732661, 0.0864585, 21
0.621239, -0.686334, 0.064734, 18
2.47421, -2.73346, 0.193224, 36
2.49219, -2.75333, 0.129687, 41
2.47454, -2.73383, 0.0643645, 36
2.46687, -2.72535, 0, 38
0.645955, -0.718161, 0.258819, 13
0.638495, -0.709868, 0.238051, 16
0.625538, -0.695462, 0.215953, 19
0.620113, -0.689431, 0.1971, 22
0.614442, -0.683126, 0.178597, 26
0.603261, -0.670695, 0.159062, 25
0.602383, -0.669719, 0.142668, 29
0.603957, -0.671469, 0.126926, 28
0.615966, -0.684821, 0.113095, 15
0.673059, -0.748295, 0.105783, 2
0.663532, -0.737703, 0.0868071, 20
0.616412, -0.685316, 0.064455, 19
2.46561, -2.74122, 0.193224, 34
2.48353, -2.76114, 0.129687, 42
2.47664, -2.75349, 0.0646437, 33
2.46632, -2.74201, 0, 39
0.674593, -0.754756, 0.271242, 13
0.631089, -0.706082, 0.236116, 13
0.625947, -0.700329, 0.216853, 17
0.623159, -0.69721, 0.198764, 21
0.612292, -0.685052, 0.178597, 24
0.603776, -0.675524, 0.159756, 26
0.600276, -0.671609, 0.142668, 30
0.604484, -0.676316, 0.127483, 30
0.619103, -0.692673, 0.11407, 18
0.649497, -0.726678, 0.102438, 1
0.647934, -0.724929, 0.085064, 19
0.614256, -0.687249, 0.064455, 20
2.45965, -2.75193, 0.193434, 36
2.48017, -2.77489, 0.129966, 41
2.47597, -2.7702, 0.0648531, 34
2.46302, -2.75571, 0, 39
0.692744, -0.779982, 0.279525, 16
0.644331, -0.725473, 0.241922, 11
0.626332, -0.705207, 0.217753, 16
0.618367, -0.696239, 0.197932, 19
0.612745, -0.689908, 0.17936, 23
0.604267, -0.680363, 0.160451, 25
0.598164, -0.673491, 0.142668, 30
0.602356, -0.678212, 0.127483, 29
0.609015, -0.685709, 0.112607, 23
0.636644, -0.716817, 0.100765, 1
0.632422, -0.712064, 0.0833209, 23
0.614743, -0.692159, 0.064734, 19
2.45099, -2.75965, 0.193434, 37
2.4741, -2.78566, 0.130105, 41
2.47257, -2.78394, 0.0649928, 33
2.46232, -2.77241, 0, 40
0.710743, -0.805329, 0.287807, 17
0.660026, -0.747863, 0.248696, 13
0.624113, -0.707171, 0.217753, 13
0.618766, -0.701112, 0.198764, 16
0.610574, -0.69183, 0.17936, 21
0.59952, -0.679304, 0.159756, 23
0.590816, -0.669443, 0.141417, 30
0.600223, -0.680101, 0.127483, 24
0.606858, -0.687619, 0.112607, 26
0.634389, -0.718814, 0.100765, 1
0.627546, -0.71106, 0.0829723, 26
0.615206, -0.697078, 0.065013, 21
2.43966, -2.76434, 0.193224, 31
2.46004, -2.78743, 0.129826, 41
2.46646, -2.7947, 0.0650626, 38
2.45889, -2.78613, 0, 36
0.72859, -0.830797, 0.296089, 22
0.675587, -0.770359, 0.25547, 14
0.629598, -0.717919, 0.220452, 11
0.62172, -0.708936, 0.200427, 14
0.610987, -0.696697, 0.180124, 20
0.602577, -0.687108, 0.161146, 22
0.58871, -0.671295, 0.141417, 29
0.600695, -0.684961, 0.128039, 26
0.604694, -0.689522, 0.112607, 27
0.621636, -0.70884, 0.099093, 2
0.617427, -0.70404, 0.0819264, 26
0.607751, -0.693008, 0.064455, 22
2.4257, -2.76598, 0.192806, 32
2.45391, -2.79815, 0.129966, 41
2.46821, -2.81446, 0.0653418, 41
2.45804, -2.80286, 0, 38
0.7209, -0.827256, 0.294018, 36
0.696113, -0.798812, 0.264179, 13
0.642703, -0.737523, 0.225851, 10
0.61692, -0.707935, 0.199595, 12
0.608796, -0.698613, 0.180124, 18
0.597828, -0.686027, 0.160451, 21
0.589194, -0.67612, 0.142042, 30
0.595938, -0.683858, 0.127483, 27
0.602526, -0.691418, 0.112607, 28
0.62202, -0.713788, 0.0995111, 2
0.604741, -0.693959, 0.0805319, 25
0.605572, -0.694913, 0.064455, 20
2.41175, -2.76756, 0.192387, 29
2.44511, -2.80584, 0.129966, 40
2.45936, -2.8222, 0.0653418, 43
2.44923, -2.81057, 0, 37
0.723355, -0.835359, 0.296089, 42
0.703762, -0.812732, 0.268049, 17
0.655691, -0.757217, 0.23125, 16
0.619814, -0.715786, 0.201259, 10
0.611738, -0.706459, 0.18165, 16
0.595669, -0.687902, 0.160451, 19
0.587067, -0.677968, 0.142042, 30
0.596379, -0.688722, 0.128039, 27
0.60035, -0.693308, 0.112607, 26
0.611961, -0.706717, 0.0982568, 2
0.602557, -0.695856, 0.0805319, 25
0.611221, -0.705862, 0.0652921, 18
2.40043, -2.77211, 0.192178, 31
2.43628, -2.81351, 0.129966, 38
2.45834, -2.83898, 0.0655512, 44
2.44824, -2.82732, 0, 39
0.720728, -0.837627, 0.296089, 38
0.716394, -0.83259, 0.273856, 26
0.660935, -0.768136, 0.233949, 20
0.630323, -0.732558, 0.205417, 9
0.609516, -0.708377, 0.18165, 15
0.596075, -0.692756, 0.161146, 18
0.587511, -0.682803, 0.142668, 29
0.59163, -0.687589, 0.127483, 27
0.59817, -0.69519, 0.112607, 23
0.612333, -0.711651, 0.0986749, 2
0.602967, -0.700766, 0.0808805, 25
0.603796, -0.701729, 0.064734, 20
2.3865, -2.77358, 0.191759, 31
2.42221, -2.81509, 0.129687, 36
2.44419, -2.84063, 0.0654116, 44
2.44978, -2.84712, 0, 39
0.723114, -0.845761, 0.29816, 34
0.721341, -0.843687, 0.276759, 30
0.668649, -0.782058, 0.237548, 21
0.648358, -0.758326, 0.21207, 13
0.607287, -0.710288, 0.18165, 13
0.593895, -0.694625, 0.161146, 17
0.585363, -0.684646, 0.142668, 29
0.59204, -0.692455, 0.128039, 30
0.595982, -0.697066, 0.112607, 19
0.610094, -0.713572, 0.0986749, 2
0.598173, -0.699628, 0.0805319, 26
0.601588, -0.703623, 0.064734, 21
2.37258, -2.77499, 0.19134, 31
2.40297, -2.81053, 0.129128, 36
2.43785, -2.85133, 0.0654814, 44
2.44602, -2.86089, 0, 41
0.717952, -0.845083, 0.297124, 34
0.7212, -0.848906, 0.277726, 34
0.668713, -0.787125, 0.238448, 27
0.658639, -0.775267, 0.216228, 14
0.610138, -0.718177, 0.183177, 11
0.594261, -0.699489, 0.16184, 16
0.580652, -0.68347, 0.142042, 28
0.587298, -0.691293, 0.127483, 31
0.59379, -0.698934, 0.112607, 16
0.605274, -0.712453, 0.0982568, 3
0.590813, -0.69543, 0.0798347, 25
0.599375, -0.705509, 0.064734, 19
2.35609, -2.7733, 0.190712, 31
2.39413, -2.81806, 0.129128, 34
2.42888, -2.85898, 0.0654814, 44
2.4422, -2.87465, 0, 42
0.720278, -0.85324, 0.299195, 35
0.718529, -0.851168, 0.277726, 35
0.666236, -0.789222, 0.238448, 29
0.663772, -0.786302, 0.218723, 15
0.633206, -0.750095, 0.190809, 10
0.594601, -0.704363, 0.162535, 14
0.58105, -0.68831, 0.142668, 28
0.587678, -0.696162, 0.128039, 32
0.591591, -0.700797, 0.112607, 13
0.590202, -0.699152, 0.0961662, 9
0.591195, -0.700328, 0.0801833, 25
0.597155, -0.707389, 0.064734, 19
2.34737, -2.78069, 0.190712, 32
2.37752, -2.81641, 0.128709, 33
2.41989, -2.86659, 0.0654814, 43
2.43574, -2.88537, 0, 44
0.722561, -0.861418, 0.301265, 34
0.720841, -0.859368, 0.279662, 30
0.66125, -0.788325, 0.237548, 27
0.666327, -0.794379, 0.220386, 20
0.648511, -0.773138, 0.196152, 11
0.589854, -0.703209, 0.16184, 14
0.581424, -0.693159, 0.143294, 26
0.582943, -0.694969, 0.127483, 31
0.591938, -0.705693, 0.113095, 11
0.588003, -0.701002, 0.0961662, 12
0.586431, -0.699129, 0.0798347, 28
0.597495, -0.712318, 0.065013, 22
2.32835, -2.77581, 0.189875, 32
2.36353, -2.81774, 0.12843, 34
2.4083, -2.87112, 0.0654116, 42
2.42666, -2.89301, 0, 42
0.722324, -0.866652, 0.302301, 29
0.715652, -0.858648, 0.278694, 33
0.666255, -0.79938, 0.240248, 22
0.663828, -0.796468, 0.220386, 20
0.676245, -0.811367, 0.20531, 11
0.595208, -0.714137, 0.163924, 13
0.579243, -0.694982, 0.143294, 24
0.583292, -0.69984, 0.128039, 29
0.584634, -0.70145, 0.11212, 14
0.583251, -0.699791, 0.0957481, 14
0.584232, -0.700968, 0.0798347, 30
0.595254, -0.714192, 0.065013, 22
2.31451, -2.77697, 0.189456, 33
2.34954, -2.81901, 0.128151, 33
2.39415, -2.87252, 0.065272, 36
2.41756, -2.90062, 0, 43
0.729455, -0.88082, 0.306442, 21
0.712951, -0.860892, 0.278694, 34
0.666226, -0.804471, 0.241148, 18
0.668809, -0.80759, 0.222881, 19
0.681206, -0.82256, 0.2076, 12
0.590449, -0.71297, 0.163229, 12
0.577057, -0.696799, 0.143294, 23
0.58109, -0.701669, 0.128039, 27
0.577363, -0.697168, 0.111145, 16
0.586124, -0.707747, 0.0965843, 18
0.584568, -0.705869, 0.0801833, 33
0.593007, -0.716059, 0.065013, 21
2.30322, -2.78115, 0.189247, 32
2.33813, -2.8233, 0.128011, 34
2.38511, -2.88003, 0.065272, 34
2.41099, -2.91128, 0, 42
0.736504, -0.895042, 0.310583, 23
0.712709, -0.866124, 0.279662, 26
0.668649, -0.81258, 0.242947, 15
0.668755, -0.812709, 0.223713, 16
0.686103, -0.833791, 0.20989, 13
0.593212, -0.720905, 0.164618, 9
0.579886, -0.704709, 0.144545, 21
0.578883, -0.703491, 0.128039, 28
0.580215, -0.70511, 0.11212, 20
0.586425, -0.712657, 0.0970024, 16
0.582348, -0.707702, 0.0801833, 23
0.595825, -0.724081, 0.0655711, 19
2.28686, -2.77912, 0.188619, 32
2.3267, -2.82754, 0.127872, 33
2.36843, -2.87825, 0.0650626, 36
2.40691, -2.92502, 0, 40
0.736135, -0.900342, 0.311618, 19
0.709985, -0.868359, 0.279662, 19
0.675961, -0.826745, 0.246546, 11
0.671152, -0.820864, 0.225376, 13
0.688451, -0.842022, 0.211416, 12
0.648294, -0.792907, 0.180594, 9
0.575168, -0.703469, 0.14392, 19
0.57667, -0.705307, 0.128039, 27
0.572971, -0.700782, 0.111145, 26
0.584183, -0.714496, 0.0970024, 10
0.580122, -0.709528, 0.0801833, 20
0.591022, -0.72286, 0.0652921, 21
2.27306, -2.78011, 0.1882, 32
2.30769, -2.82246, 0.127313, 34
2.35178, -2.87638, 0.0648531, 37
2.39771, -2.93256, 0, 39
0.735739, -0.905649, 0.312653, 10
0.707253, -0.870585, 0.279662, 19
0.685648, -0.84399, 0.251045, 11
0.671037, -0.826005, 0.226208, 10
0.710561, -0.874657, 0.219049, 11
0.663186, -0.816342, 0.185456, 4
0.577937, -0.711405, 0.145171, 15
0.574452, -0.707115, 0.128039, 27
0.568263, -0.699497, 0.110657, 28
0.584444, -0.719415, 0.0974205, 7
0.57789, -0.711347, 0.0801833, 22
0.588748, -0.724713, 0.0652921, 22
2.2618, -2.78413, 0.187991, 32
2.29125, -2.82039, 0.126895, 35
2.34273, -2.88376, 0.0648531, 34
2.38092, -2.93077, 0, 38
0.742597, -0.919982, 0.316795, 11
0.704515, -0.872803, 0.279662, 15
0.690337, -0.855238, 0.253745, 10
0.675811, -0.837242, 0.228703, 7
0.732472, -0.907438, 0.226681, 13
0.724948, -0.898118, 0.203516, 2
0.578181, -0.716292, 0.145797, 14
0.574715, -0.711998, 0.128596, 26
0.57105, -0.707457, 0.111632, 30
0.582181, -0.721248, 0.0974205, 4
0.578155, -0.716259, 0.0805319, 17
0.586469, -0.726559, 0.0652921, 21
2.24802, -2.78501, 0.187572, 30
2.27987, -2.82446, 0.126755, 36
2.32361, -2.87866, 0.0645739, 34
2.36919, -2.93512, 0, 36
0.744538, -0.928339, 0.318865, 7
0.704197, -0.878039, 0.280629, 7
1.85323, -2.31073, 0.683851, 10
0.675625, -0.842414, 0.229534, 3
0.749271, -0.93424, 0.232787, 13
0.74184, -0.924975, 0.209072, 4
0.580871, -0.724269, 0.147048, 12
0.569997, -0.71071, 0.128039, 25
0.568825, -0.709248, 0.111632, 30
0.582401, -0.726176, 0.0978386, 4
0.573409, -0.714964, 0.0801833, 19
0.58668, -0.73151, 0.0655711, 21
2.23676, -2.78894, 0.187363, 32
2.26598, -2.82537, 0.126476, 35
2.31456, -2.88594, 0.0645739, 35
2.35245, -2.93319, 0, 37
1.73606, -2.17862, 0.746434, 21
0.708692, -0.889353, 0.283532, 5
1.85568, -2.32873, 0.68745, 11
0.682729, -0.856772, 0.232861, 2
0.765908, -0.961155, 0.238893, 12
0.746295, -0.936543, 0.211156, 4
0.588442, -0.738449, 0.149551, 6
0.57023, -0.715595, 0.128596, 24
0.566594, -0.711031, 0.111632, 24
0.577638, -0.724891, 0.0974205, 4
0.57116, -0.716762, 0.0801833, 25
0.581892, -0.730229, 0.0652921, 23
2.22052, -2.78658, 0.186735, 34
2.25709, -2.83248, 0.126476, 35
2.29551, -2.88069, 0.0642947, 35
2.34073, -2.93743, 0, 37
1.72681, -2.18104, 0.745399, 33
0.729986, -0.922005, 0.293209, 4
1.85319, -2.34066, 0.68925, 11
1.89195, -2.38962, 0.647853, 11
0.789695, -0.99742, 0.247288, 12
0.745795, -0.941971, 0.211851, 2
0.632714, -0.799146, 0.16144, 8
0.567979, -0.717383, 0.128596, 19
0.561893, -0.709695, 0.111145, 16
0.572889, -0.723584, 0.0970024, 5
0.568905, -0.718552, 0.0801833, 27
0.587026, -0.741439, 0.0661291, 23
2.2068, -2.78728, 0.186316, 32
2.24074, -2.83015, 0.126057, 36
2.28645, -2.88788, 0.0642947, 34
2.32652, -2.9385, 0, 35
1.72473, -2.19252, 0.747469, 42
0.724686, -0.921243, 0.292242, 2
1.84824, -2.34954, 0.69015, 16
1.88685, -2.39862, 0.648684, 18
0.78413, -0.99681, 0.246525, 12
0.750138, -0.953598, 0.213935, 2
0.693709, -0.881864, 0.17771, 8
0.580417, -0.737843, 0.131936, 14
0.562115, -0.714577, 0.111632, 14
0.570613, -0.72538, 0.0970024, 7
0.566645, -0.720336, 0.0801833, 26
0.582226, -0.740143, 0.0658501, 22
2.19556, -2.79106, 0.186107, 32
2.22195, -2.82461, 0.125499, 33
2.26995, -2.88562, 0.0640852, 35
2.31481, -2.94265, 0, 35
1.71307, -2.19184, 0.745399, 40
1.72082, -2.20176, 0.696735, 22
1.84565, -2.36147, 0.691949, 20
1.88895, -2.41687, 0.652011, 27
0.785831, -1.00546, 0.248052, 10
0.749564, -0.959054, 0.214629, 2
0.749324, -0.958746, 0.192727, 7
0.631759, -0.808324, 0.144183, 16
0.562312, -0.719468, 0.11212, 12
0.570781, -0.730303, 0.0974205, 5
0.564379, -0.722113, 0.0801833, 26
0.582355, -0.745113, 0.0661291, 18
2.1794, -2.7885, 0.185479, 33
2.2106, -2.82842, 0.125359, 34
2.25841, -2.88959, 0.0640154, 33
2.30063, -2.94361, 0, 35
1.70381, -2.19416, 0.744364, 42
1.70913, -2.20102, 0.6948, 28
1.84061, -2.37034, 0.692849, 23
1.88134, -2.42279, 0.652011, 30
0.782668, -1.00792, 0.248052, 9
0.744132, -0.958292, 0.213935, 2
0.748731, -0.964216, 0.193353, 11
0.719105, -0.926062, 0.164781, 16
0.562484, -0.724367, 0.112607, 7
0.566044, -0.728951, 0.0970024, 4
0.562108, -0.723882, 0.0801833, 18
0.582459, -0.75009, 0.0664082, 16
2.16818, -2.79218, 0.185269, 34
2.19925, -2.8322, 0.125219, 34
2.24441, -2.89035, 0.0638758, 35
2.28646, -2.9445, 0, 35
1.6969, -2.1995, 0.744364, 44
1.6951, -2.19716, 0.691897, 29
1.84268, -2.38845, 0.696448, 24
1.88328, -2.44108, 0.655338, 30
0.779498, -1.01037, 0.248052, 8
0.743524, -0.963744, 0.214629, 2
0.748112, -0.969691, 0.193979, 14
0.764583, -0.991041, 0.175915, 15
0.555355, -0.719843, 0.111632, 4
0.568611, -0.737025, 0.0978386, 3
0.559831, -0.725644, 0.0801833, 12
0.577662, -0.748757, 0.0661291, 17
2.15452, -2.79265, 0.184851, 34
2.18546, -2.83276, 0.12494, 35
2.23043, -2.89106, 0.0637362, 34
2.27231, -2.94534, 0, 35
1.68058, -2.19256, 0.740222, 42
1.68819, -2.20248, 0.691897, 28
1.83754, -2.39732, 0.697348, 23
1.88036, -2.4532, 0.657001, 30
0.778708, -1.01593, 0.248815, 5
0.745285, -0.972328, 0.216018, 2
0.745062, -0.972037, 0.193979, 16
0.761466, -0.993438, 0.175915, 15
0.560337, -0.731038, 0.113095, 2
0.563872, -0.73565, 0.0974205, 3
0.564821, -0.736887, 0.0812292, 8
0.57288, -0.747401, 0.0658501, 17
2.1433, -2.79624, 0.184641, 32
2.17169, -2.83327, 0.124661, 35
2.21891, -2.89487, 0.0636664, 35
2.25818, -2.94611, 0, 35
1.67603, -2.2009, 0.741258, 41
1.67891, -2.20468, 0.690929, 30
1.83472, -2.40929, 0.699148, 23
1.88213, -2.47154, 0.660328, 34
0.770755, -1.01213, 0.247288, 3
0.73268, -0.962129, 0.21324, 2
0.742004, -0.974373, 0.193979, 16
0.755941, -0.992674, 0.175358, 15
0.565254, -0.74227, 0.114557, 1
0.554328, -0.727923, 0.0961662, 3
0.567331, -0.744999, 0.0819264, 4
0.565694, -0.742848, 0.0652921, 14
2.12483, -2.79025, 0.183804, 32
2.15793, -2.83372, 0.124382, 33
2.20011, -2.8891, 0.0633871, 34
2.24649, -2.95001, 0, 36
1.66211, -2.19691, 0.738152, 40
1.67197, -2.20994, 0.690929, 31
1.8342, -2.42436, 0.701847, 23
1.87672, -2.48056, 0.661159, 35
0.769941, -1.01767, 0.248052, 2
0.736784, -0.97385, 0.215324, 2
0.736556, -0.973548, 0.193353, 19
0.755209, -0.998203, 0.175915, 15
1.7702, -2.33978, 0.360246, 7
0.556839, -0.736006, 0.0970024, 3
0.567392, -0.749955, 0.082275, 2
0.56095, -0.74144, 0.065013, 13
2.11605, -2.79691, 0.183804, 33
2.14902, -2.84048, 0.124382, 34
2.19344, -2.89919, 0.0634569, 34
2.23238, -2.95067, 0, 36
1.65752, -2.20521, 0.739187, 39
1.66502, -2.21519, 0.690929, 32
1.84062, -2.44881, 0.707246, 26
1.87597, -2.49583, 0.663654, 42
0.76438, -1.01695, 0.247288, 1
0.738455, -0.982458, 0.216713, 3
0.735868, -0.979015, 0.193979, 24
0.754449, -1.00374, 0.176472, 17
1.76761, -2.35167, 0.361221, 10
0.547353, -0.728212, 0.0957481, 4
0.557851, -0.742178, 0.0812292, 2
0.55622, -0.740008, 0.064734, 14
2.10245, -2.79715, 0.183385, 32
2.13768, -2.84402, 0.124242, 32
2.17471, -2.89328, 0.0631777, 35
2.2183, -2.95127, 0, 35
1.64828, -2.20731, 0.738152, 40
1.65573, -2.2173, 0.689961, 31
1.83525, -2.4577, 0.708146, 29
1.86812, -2.50171, 0.663654, 39
1.85127, -2.47915, 0.60143, 12
0.733008, -0.981617, 0.216018, 4
0.735152, -0.984488, 0.194604, 26
0.753662, -1.00928, 0.177028, 19
1.75546, -2.35085, 0.360246, 10
0.549823, -0.736303, 0.0965843, 10
0.562669, -0.753505, 0.082275, 1
0.55628, -0.744949, 0.065013, 15
2.08888, -2.79734, 0.182967, 34
2.12156, -2.84112, 0.123823, 34
2.16561, -2.9001, 0.0631777, 35
2.20183, -2.94861, 0, 36
1.63673, -2.20627, 0.736081, 39
1.64645, -2.21937, 0.688994, 27
1.83217, -2.46971, 0.709945, 30
1.86258, -2.51071, 0.664486, 42
1.84581, -2.48811, 0.602193, 20
0.734615, -0.990242, 0.217408, 6
0.729702, -0.983619, 0.193979, 23
0.750488, -1.01164, 0.177028, 20
1.74571, -2.35317, 0.359758, 10
0.542768, -0.731636, 0.0957481, 5
0.557926, -0.752069, 0.0819264, 1
0.55156, -0.743488, 0.064734, 16
2.0777, -2.80068, 0.182757, 32
2.10786, -2.84135, 0.123544, 34
2.14695, -2.89404, 0.0628985, 34
2.19256, -2.95552, 0, 35
1.62521, -2.20518, 0.734011, 39
1.64637, -2.2339, 0.691897, 23
1.8244, -2.47546, 0.709945, 29
1.857, -2.5197, 0.665317, 41
1.84497, -2.50338, 0.604483, 23
0.7315, -0.992545, 0.217408, 10
0.728952, -0.989088, 0.194604, 23
0.747306, -1.01399, 0.177028, 21
0.770224, -1.04509, 0.159405, 2
0.542826, -0.736541, 0.0961662, 3
0.550831, -0.747403, 0.0812292, 1
0.553956, -0.751642, 0.0652921, 17
2.06415, -2.80077, 0.182338, 33
2.09655, -2.84474, 0.123405, 34
2.13548, -2.89755, 0.0628287, 34
2.17615, -2.95273, 0, 37
1.61599, -2.20716, 0.732976, 36
1.64394, -2.24533, 0.693832, 23
1.81661, -2.48117, 0.709945, 30
1.84908, -2.52552, 0.665317, 40
1.83478, -2.50599, 0.60372, 25
0.723725, -0.988481, 0.216018, 13
0.725842, -0.991372, 0.194604, 25
0.741777, -1.01314, 0.176472, 22
0.764592, -1.0443, 0.158918, 5
0.53346, -0.728613, 0.0949118, 3
0.543773, -0.742699, 0.0805319, 1
0.544521, -0.74372, 0.064455, 14
2.05298, -2.80401, 0.182129, 33
2.08052, -2.84163, 0.122986, 35
2.11928, -2.89456, 0.0626192, 35
2.16686, -2.95955, 0, 37
1.60223, -2.20285, 0.72987, 39
1.63687, -2.25048, 0.693832, 23
1.81339, -2.49318, 0.711745, 32
1.83883, -2.52815, 0.664486, 41
1.83614, -2.52445, 0.606773, 32
0.722932, -0.993936, 0.216713, 16
0.720399, -0.990453, 0.193979, 22
0.73626, -1.01226, 0.175915, 23
0.765978, -1.05312, 0.159893, 5
0.538188, -0.739937, 0.0961662, 7
0.539093, -0.741181, 0.0801833, 1
0.544528, -0.748654, 0.064734, 10
2.03946, -2.80399, 0.18171, 34
2.07158, -2.84815, 0.122986, 35
2.11017, -2.90121, 0.0626192, 35
2.15049, -2.95664, 0, 38
1.59756, -2.211, 0.730905, 41
1.63207, -2.25876, 0.6948, 24
1.80555, -2.49886, 0.711745, 32
1.83318, -2.53709, 0.665317, 38
1.8282, -2.5302, 0.606773, 31
0.726728, -1.00578, 0.218797, 20
0.717285, -0.992711, 0.193979, 18
0.735397, -1.01778, 0.176472, 18
0.753365, -1.04265, 0.157943, 4
0.531201, -0.735174, 0.09533, 10
0.543763, -0.75256, 0.0812292, 0
0.539837, -0.747126, 0.064455, 9
2.02831, -2.80714, 0.181501, 34
2.05795, -2.84817, 0.122707, 36
2.09168, -2.89485, 0.06234, 38
2.13885, -2.96014, 0, 36
1.5816, -2.20346, 0.726764, 38
1.63175, -2.27333, 0.697703, 23
1.79769, -2.50452, 0.711745, 34
1.82291, -2.53966, 0.664486, 37
1.82253, -2.53912, 0.607536, 37
0.716673, -0.998459, 0.216713, 23
0.718769, -1.00138, 0.19523, 20
0.727576, -1.01365, 0.175358, 16
0.754715, -1.05146, 0.158918, 3
0.528888, -0.73684, 0.09533, 9
1.72875, -2.40847, 0.259376, 6
0.537487, -0.748819, 0.064455, 8
2.01016, -2.80052, 0.180664, 36
2.04432, -2.84812, 0.122427, 34
2.08491, -2.90466, 0.0624098, 37
2.12254, -2.9571, 0, 39
1.57915, -2.21471, 0.728834, 38
1.62911, -2.28477, 0.699638, 22
1.78755, -2.50698, 0.710845, 34
1.81266, -2.54219, 0.663654, 35
1.81227, -2.54164, 0.606773, 40
0.71582, -1.00391, 0.217408, 26
0.713327, -1.00041, 0.194604, 23
0.726688, -1.01915, 0.175915, 17
0.758324, -1.06352, 0.16038, 2
0.526572, -0.738498, 0.09533, 7
0.539024, -0.755962, 0.0812292, 0
0.535132, -0.750503, 0.064455, 3
1.9341, -2.7125, 0.174593, 24
2.03073, -2.84802, 0.122148, 36
2.06881, -2.90143, 0.0622004, 37
2.1086, -2.95723, 0, 37
1.56549, -2.2102, 0.725729, 40
1.62865, -2.29938, 0.702541, 19
1.77741, -2.5094, 0.709945, 37
1.8024, -2.54468, 0.662822, 36
1.80881, -2.55373, 0.608299, 41
0.710385, -1.00294, 0.216713, 27
0.714747, -1.0091, 0.195856, 21
0.721193, -1.0182, 0.175358, 13
0.757273, -1.06914, 0.160868, 2
0.521949, -0.736902, 0.0949118, 16
0.541253, -0.764156, 0.0819264, 0
1.72978, -2.44215, 0.209269, 6
1.86323, -2.63056, 0.16894, 27
2.01715, -2.84786, 0.121869, 37
2.05506, -2.90138, 0.0620608, 37
2.09467, -2.95732, 0, 39
1.56076, -2.21827, 0.726764, 40
1.62142, -2.30448, 0.702541, 21
1.77177, -2.51816, 0.710845, 36
1.78989, -2.54393, 0.661159, 37
1.79852, -2.55619, 0.607536, 42
0.707231, -1.00517, 0.216713, 28
0.713846, -1.01457, 0.196482, 24
0.715711, -1.01722, 0.174801, 14
0.753911, -1.07151, 0.160868, 2
0.52421, -0.745045, 0.0957481, 5
1.6968, -2.41162, 0.257981, 8
1.7175, -2.44104, 0.208711, 12
1.74922, -2.48612, 0.159311, 25
2.00589, -2.85092, 0.121729, 37
2.04363, -2.90456, 0.0619909, 37
2.08307, -2.96061, 0, 39
1.54936, -2.21683, 0.724693, 40
1.62084, -2.31911, 0.705444, 21
1.75938, -2.51733, 0.709046, 39
1.78189, -2.54954, 0.661159, 37
1.79048, -2.56182, 0.607536, 40
0.708583, -1.01384, 0.218102, 27
0.708392, -1.01357, 0.195856, 27
0.707973, -1.01297, 0.173688, 15
0.748266, -1.07062, 0.16038, 3
0.510472, -0.730385, 0.0936575, 1
1.69378, -2.42347, 0.258678, 12
1.70983, -2.44643, 0.208711, 17
1.73682, -2.48505, 0.158892, 30
1.99234, -2.85065, 0.12145, 34
2.02991, -2.90441, 0.0618513, 37
2.07147, -2.96386, 0, 37
1.54018, -2.21851, 0.723658, 38
1.61576, -2.32738, 0.706412, 19
1.75369, -2.52604, 0.709945, 38
1.76941, -2.54869, 0.659496, 36
1.78242, -2.56744, 0.607536, 41
0.705394, -1.01606, 0.218102, 25
0.705205, -1.01579, 0.195856, 25
0.709305, -1.0217, 0.174801, 12
0.735842, -1.05992, 0.15843, 3
0.526324, -0.758128, 0.0970024, 0
1.67934, -2.41896, 0.257632, 17
1.69758, -2.44523, 0.208153, 24
1.73129, -2.49378, 0.159101, 29
1.97198, -2.84048, 0.120752, 36
2.0185, -2.90748, 0.0617815, 37
2.05758, -2.96378, 0, 38
1.52882, -2.21697, 0.721588, 34
1.61726, -2.34522, 0.710283, 19
1.7391, -2.52192, 0.707246, 39
1.75917, -2.55102, 0.658664, 36
1.76543, -2.56009, 0.604483, 37
0.706671, -1.02476, 0.219491, 23
0.706496, -1.02451, 0.197107, 28
0.706092, -1.02392, 0.174801, 11
0.730255, -1.05896, 0.157943, 5
1.64409, -2.38413, 0.304387, 8
1.66947, -2.42094, 0.257284, 22
1.69216, -2.45384, 0.208432, 29
1.71664, -2.48934, 0.158473, 29
1.79738, -2.60642, 0.110562, 21
2.00481, -2.90722, 0.0616419, 38
2.04372, -2.96365, 0, 38
1.51966, -2.21858, 0.720552, 34
1.61207, -2.35349, 0.71125, 19
1.73337, -2.53058, 0.708146, 38
1.74673, -2.55008, 0.657001, 36
1.76182, -2.57211, 0.606009, 37
0.701222, -1.02373, 0.218797, 22
0.703273, -1.02672, 0.197107, 27
0.70511, -1.0294, 0.175358, 13
0.724681, -1.05797, 0.157455, 9
1.63434, -2.386, 0.303969, 7
1.66186, -2.42618, 0.257284, 29
1.68218, -2.45585, 0.208153, 32
1.7043, -2.48813, 0.158055, 29
1.73496, -2.5329, 0.107211, 21
1.99793, -2.91681, 0.0617117, 36
2.03214, -2.96675, 0, 37
1.51268, -2.22334, 0.720552, 33
1.60686, -2.36176, 0.712218, 19
1.72322, -2.53279, 0.707246, 40
1.73651, -2.55232, 0.656169, 38
1.7471, -2.56789, 0.60372, 36
0.700219, -1.02918, 0.219491, 20
0.700044, -1.02892, 0.197107, 20
0.706329, -1.03816, 0.176472, 18
0.728054, -1.07009, 0.158918, 13
1.62236, -2.38455, 0.303133, 11
1.65199, -2.42809, 0.256935, 32
1.67222, -2.45782, 0.207874, 33
1.69647, -2.49347, 0.158055, 30
1.7225, -2.53173, 0.106932, 31
1.97976, -2.90984, 0.0614325, 38
2.01831, -2.96651, 0, 37
1.4992, -2.21848, 0.717446, 34
1.60595, -2.37644, 0.715121, 19
1.71308, -2.53496, 0.706346, 38
1.72629, -2.55452, 0.655338, 40
1.73683, -2.57011, 0.602956, 36
0.699188, -1.03464, 0.220186, 18
0.703445, -1.04094, 0.198985, 20
0.696411, -1.03053, 0.174801, 14
0.722465, -1.06909, 0.15843, 13
1.61486, -2.38963, 0.303133, 14
1.64212, -2.42997, 0.256587, 32
1.65778, -2.45314, 0.207037, 35
1.68416, -2.49217, 0.157636, 32
1.71006, -2.5305, 0.106653, 33
1.96165, -2.90279, 0.0611532, 40
2.00674, -2.96952, 0, 36
1.49438, -2.22639, 0.718482, 37
1.60713, -2.39436, 0.718992, 18
1.70076, -2.53386, 0.704547, 38
1.71608, -2.55668, 0.654506, 39
1.72874, -2.57556, 0.602956, 36
0.698129, -1.0401, 0.22088, 17
0.682557, -1.0169, 0.193979, 49
0.695377, -1.036, 0.175358, 15
0.721316, -1.07465, 0.158918, 14
1.60513, -2.39139, 0.302714, 21
1.6256, -2.42188, 0.255192, 33
1.65452, -2.46497, 0.207595, 34
1.67409, -2.49413, 0.157427, 32
1.69765, -2.52923, 0.106374, 30
1.93692, -2.8857, 0.0606646, 26
1.99517, -2.97249, 0, 36
1.48309, -2.22464, 0.716411, 35
1.60175, -2.40263, 0.71996, 19
1.69279, -2.53919, 0.704547, 40
1.70803, -2.56206, 0.654506, 40
1.71847, -2.57771, 0.602193, 35
0.697043, -1.04557, 0.221575, 17
0.690316, -1.03548, 0.197107, 58
0.696514, -1.04477, 0.176472, 22
0.709127, -1.06369, 0.156968, 16
1.59982, -2.39973, 0.303133, 27
1.61798, -2.42697, 0.255192, 33
1.64012, -2.46019, 0.206758, 31
1.66403, -2.49606, 0.157217, 31
1.68748, -2.53122, 0.106234, 30
1.86351, -2.79527, 0.0586401, 28
1.98139, -2.97209, 0, 37
1.47609, -2.22929, 0.716411, 37
1.60062, -2.41736, 0.722863, 19
1.68265, -2.54125, 0.703647, 41
1.69566, -2.56089, 0.652843, 38
1.70602, -2.57654, 0.600667, 36
0.698105, -1.05432, 0.222964, 18
0.697965, -1.05411, 0.200236, 24
0.695415, -1.05026, 0.177028, 22
0.710166, -1.07254, 0.157943, 23
1.58788, -2.39811, 0.302296, 31
1.61035, -2.43205, 0.255192, 33
1.63459, -2.46866, 0.207037, 31
1.65618, -2.50127, 0.157217, 33
1.67289, -2.52651, 0.105815, 31
1.71782, -2.59436, 0.0543119, 27
1.96983, -2.97496, 0, 36
1.46908, -2.23391, 0.716411, 38
1.59942, -2.4321, 0.725766, 20
1.67252, -2.54327, 0.702747, 41
1.68545, -2.56293, 0.652011, 39
1.69361, -2.57533, 0.59914, 38
0.694789, -1.05651, 0.222964, 18
0.668601, -1.01669, 0.192727, 62
0.689935, -1.04913, 0.176472, 19
0.706793, -1.07476, 0.157943, 26
1.57815, -2.39976, 0.301878, 34
1.59613, -2.4271, 0.254146, 33
1.62902, -2.47712, 0.207316, 29
1.64612, -2.50312, 0.157008, 38
1.66275, -2.52841, 0.105676, 36
1.69208, -2.57301, 0.0537534, 32
1.95608, -2.97445, 0, 37
1.45783, -2.23205, 0.714341, 38
1.59814, -2.44687, 0.728669, 23
1.66239, -2.54524, 0.701847, 41
1.67311, -2.56166, 0.650348, 38
1.68121, -2.57406, 0.597614, 38
0.69362, -1.06198, 0.223659, 18
0.674045, -1.03201, 0.19523, 43
0.688802, -1.05461, 0.177028, 22
0.705584, -1.0803, 0.15843, 25
1.56843, -2.40138, 0.30146, 34
1.5885, -2.43211, 0.254146, 35
1.62996, -2.49558, 0.208432, 26
1.64262, -2.51497, 0.157427, 34
1.6548, -2.53362, 0.105676, 35
1.6818, -2.57496, 0.0536836, 30
1.93798, -2.96719, 0, 35
1.45081, -2.23662, 0.714341, 36
1.59678, -2.46164, 0.731572, 24
1.65227, -2.54718, 0.700947, 39
1.6608, -2.56034, 0.648684, 37
1.67526, -2.58263, 0.598377, 38
0.692424, -1.06746, 0.224353, 17
0.67725, -1.04407, 0.197107, 14
0.685485, -1.05677, 0.177028, 26
0.700026, -1.07918, 0.157943, 24
1.55871, -2.40296, 0.301042, 34
1.57868, -2.43374, 0.253798, 35
1.63079, -2.51408, 0.209548, 27
1.63688, -2.52347, 0.157636, 35
1.64466, -2.53546, 0.105536, 40
1.6737, -2.58023, 0.0536836, 34
1.90252, -2.93299, 0, 27
1.44378, -2.24116, 0.714341, 31
1.59324, -2.47317, 0.733507, 26
1.64425, -2.55236, 0.700947, 41
1.65275, -2.56555, 0.648684, 38
1.66501, -2.58458, 0.597614, 38
0.689067, -1.06963, 0.224353, 14
0.678246, -1.05283, 0.198359, 10
0.682162, -1.05891, 0.177028, 28
0.696632, -1.08138, 0.157943, 25
1.55115, -2.40784, 0.301042, 31
1.57103, -2.43869, 0.253798, 36
1.63369, -2.53597, 0.210944, 27
1.63111, -2.53196, 0.157845, 31
1.63452, -2.53725, 0.105396, 38
1.66126, -2.57876, 0.053544, 26
1.85864, -2.88515, 0, 27
1.43881, -2.24894, 0.715376, 26
1.58965, -2.4847, 0.735443, 27
1.63203, -2.55095, 0.699148, 40
1.64257, -2.56743, 0.647853, 38
1.65265, -2.58318, 0.596087, 39
0.692073, -1.08175, 0.226437, 10
0.670676, -1.0483, 0.197107, 11
0.680967, -1.06439, 0.177585, 28
0.695371, -1.0869, 0.15843, 25
1.53929, -2.406, 0.300206, 27
1.55906, -2.4369, 0.2531, 34
1.63002, -2.54781, 0.211502, 27
1.62961, -2.54717, 0.158473, 31
1.62439, -2.53901, 0.105257, 39
1.65099, -2.58059, 0.0534742, 27
1.69436, -2.64837, 0, 24
1.43174, -2.25345, 0.715376, 22
1.58599, -2.49624, 0.737378, 28
1.62192, -2.55277, 0.698248, 42
1.6345, -2.57258, 0.647853, 41
1.64031, -2.58173, 0.594561, 40
0.688671, -1.08392, 0.226437, 6
0.677973, -1.06708, 0.200236, 11
0.675495, -1.06318, 0.177028, 29
0.691953, -1.08908, 0.15843, 25
1.52319, -2.39739, 0.298533, 22
1.54926, -2.43842, 0.252752, 32
1.63271, -2.56976, 0.212897, 28
1.62588, -2.55902, 0.158892, 29
1.61426, -2.54072, 0.105117, 38
1.63859, -2.57902, 0.0533346, 30
1.67101, -2.63005, 0, 28
1.42672, -2.26121, 0.716411, 20
1.57607, -2.49792, 0.73641, 31
1.61389, -2.55786, 0.698248, 43
1.62223, -2.57108, 0.64619, 40
1.63219, -2.58687, 0.594561, 38
0.69367, -1.0994, 0.229216, 5
0.668293, -1.05918, 0.198359, 14
0.676379, -1.072, 0.178142, 30
0.688528, -1.09125, 0.15843, 24
1.51565, -2.40217, 0.298533, 17
1.54159, -2.44328, 0.252752, 31
1.63101, -2.585, 0.213734, 27
1.62636, -2.57762, 0.159729, 30
1.6084, -2.54916, 0.105257, 39
1.62621, -2.57739, 0.0531949, 32
1.66488, -2.63867, 0, 29
1.42371, -2.27223, 0.718482, 20
1.57028, -2.50615, 0.737378, 32
1.60378, -2.55961, 0.697348, 43
1.60792, -2.56622, 0.643695, 38
1.62406, -2.59198, 0.594561, 39
0.694397, -1.10825, 0.230605, 4
0.669158, -1.06797, 0.19961, 15
0.675112, -1.07747, 0.178698, 29
0.685097, -1.09341, 0.15843, 23
1.50177, -2.3968, 0.297279, 8
1.53391, -2.44811, 0.252752, 26
1.62924, -2.60025, 0.214571, 29
1.6225, -2.58949, 0.160148, 31
1.60251, -2.55759, 0.105396, 37
1.62448, -2.59265, 0.0534044, 36
1.65021, -2.63372, 0, 29
1.42269, -2.28653, 0.721588, 19
1.5624, -2.51107, 0.737378, 33
1.59161, -2.55802, 0.695549, 42
1.60191, -2.57458, 0.644526, 40
1.61176, -2.59041, 0.593034, 38
0.701316, -1.12715, 0.234078, 2
0.667886, -1.07342, 0.200236, 14
0.669631, -1.07623, 0.178142, 28
0.685853, -1.1023, 0.159405, 21
1.46691, -2.3576, 0.291843, 2
1.53042, -2.45968, 0.253449, 22
1.62739, -2.61552, 0.215408, 30
1.61857, -2.60136, 0.160567, 31
1.6008, -2.57279, 0.105815, 36
1.60576, -2.58076, 0.0530553, 35
1.63981, -2.63549, 0, 25
1.41753, -2.29427, 0.722623, 19
1.5545, -2.51597, 0.737378, 35
1.58152, -2.55969, 0.694649, 42
1.5897, -2.57294, 0.642863, 40
1.60155, -2.59212, 0.592271, 40
0.691561, -1.11929, 0.231994, 3
0.664511, -1.07551, 0.200236, 20
0.668329, -1.08169, 0.178698, 28
0.6803, -1.10107, 0.158918, 17
1.44277, -2.33512, 0.288499, 2
1.53735, -2.48821, 0.255889, 18
1.62965, -2.63759, 0.216803, 29
1.61459, -2.61323, 0.160985, 33
1.59901, -2.58801, 0.106234, 36
1.60395, -2.596, 0.0532647, 40
1.62732, -2.63383, 0, 27
1.41839, -2.31189, 0.726764, 20
1.54659, -2.52084, 0.737378, 36
1.57347, -2.56465, 0.694649, 43
1.57957, -2.57459, 0.642031, 40
1.59134, -2.59379, 0.591508, 37
1.60268, -2.61227, 0.540393, 10
0.665261, -1.08433, 0.201488, 21
0.662855, -1.08041, 0.178142, 27
0.678913, -1.10659, 0.159405, 14
1.4271, -2.32608, 0.286826, 2
1.55036, -2.52699, 0.259376, 18
1.6297, -2.65631, 0.217919, 29
1.61264, -2.6285, 0.161613, 32
1.59715, -2.60325, 0.106653, 35
1.5916, -2.59421, 0.0531251, 36
1.61904, -2.63893, 0, 28
1.41314, -2.31963, 0.727799, 20
1.54068, -2.529, 0.738346, 38
1.56135, -2.56292, 0.692849, 42
1.56944, -2.5762, 0.6412, 38
1.58115, -2.59542, 0.590745, 39
1.59652, -2.62065, 0.541088, 17
0.661852, -1.08642, 0.201488, 21
0.665641, -1.09264, 0.179812, 27
0.673369, -1.10532, 0.158918, 12
1.41358, -2.32036, 0.285572, 2
1.56315, -2.56588, 0.262862, 18
1.6255, -2.66823, 0.218477, 26
1.61269, -2.6472, 0.162451, 33
1.59728, -2.6219, 0.107211, 35
1.58553, -2.60261, 0.0531949, 38
1.60658, -2.63717, 0, 29
1.40984, -2.33067, 0.72987, 20
1.53072, -2.53051, 0.737378, 37
1.55127, -2.56448, 0.691949, 44
1.56133, -2.58112, 0.6412, 40
1.57095, -2.59702, 0.589981, 38
1.5842, -2.61891, 0.539699, 19
0.660479, -1.09187, 0.202113, 20
0.662204, -1.09472, 0.179812, 27
0.669892, -1.10743, 0.158918, 10
1.40216, -2.31798, 0.284736, 2
1.56539, -2.58782, 0.264605, 18
1.6233, -2.68356, 0.219314, 23
1.6085, -2.65909, 0.162869, 32
1.59317, -2.63375, 0.10749, 37
1.58148, -2.61442, 0.0533346, 36
1.59207, -2.63193, 0, 30
1.40649, -2.34172, 0.73194, 20
1.52676, -2.54196, 0.739313, 37
1.53919, -2.56266, 0.69015, 42
1.54919, -2.5793, 0.639536, 39
1.55874, -2.59521, 0.588455, 39
1.57394, -2.6205, 0.539004, 26
0.661115, -1.10071, 0.203365, 18
0.660802, -1.10019, 0.180368, 26
0.670499, -1.11634, 0.159893, 6
1.39692, -2.32579, 0.285154, 2
1.57367, -2.62006, 0.267394, 19
1.62103, -2.69891, 0.220151, 24
1.60631, -2.6744, 0.163498, 33
1.58901, -2.6456, 0.10777, 36
1.57532, -2.62281, 0.0534044, 33
1.58174, -2.63349, 0, 31
1.40506, -2.35608, 0.735046, 21
1.51479, -2.54008, 0.737378, 39
1.53113, -2.56748, 0.69015, 43
1.53907, -2.58079, 0.638705, 39
1.54857, -2.59672, 0.587692, 38
1.56368, -2.62205, 0.538309, 34
0.659676, -1.10618, 0.203991, 16
0.659371, -1.10567, 0.180925, 23
0.669021, -1.12185, 0.16038, 4
1.38553, -2.32333, 0.284317, 2
1.57971, -2.64894, 0.269834, 19
1.62276, -2.72113, 0.221547, 27
1.60608, -2.69316, 0.164335, 33
1.58888, -2.66431, 0.108328, 36
1.57117, -2.63461, 0.053544, 33
1.57346, -2.63845, 0, 33
1.40159, -2.36713, 0.737117, 21
1.5068, -2.54482, 0.737378, 39
1.51909, -2.56557, 0.68835, 41
1.52697, -2.57888, 0.637041, 40
1.5404, -2.60157, 0.587692, 38
1.55342, -2.62356, 0.537615, 39
0.656198, -1.10825, 0.203991, 13
0.657912, -1.11114, 0.181482, 20
0.663471, -1.12053, 0.159893, 3
1.37823, -2.32767, 0.284317, 2
1.58154, -2.67104, 0.271577, 21
1.6203, -2.73651, 0.222384, 29
1.60372, -2.7085, 0.164963, 33
1.58457, -2.67617, 0.108607, 36
1.569, -2.64986, 0.0537534, 34
1.56924, -2.65026, 0, 38
1.40198, -2.38485, 0.741258, 22
1.4929, -2.53951, 0.734475, 41
1.51102, -2.57033, 0.68835, 42
1.52084, -2.58704, 0.637873, 41
1.53023, -2.60301, 0.586928, 39
1.54717, -2.63182, 0.538309, 40
0.660722, -1.12392, 0.206493, 11
0.654418, -1.1132, 0.181482, 14
0.659947, -1.12261, 0.159893, 3
1.36889, -2.32856, 0.283899, 2
1.58727, -2.70004, 0.274018, 23
1.61574, -2.74847, 0.222942, 34
1.60127, -2.72386, 0.165591, 33
1.58224, -2.69147, 0.109026, 36
1.56877, -2.66857, 0.0540326, 34
1.5609, -2.65518, 0, 37
1.39448, -2.38924, 0.741258, 21
1.48687, -2.54754, 0.735443, 39
1.50097, -2.5717, 0.68745, 42
1.50876, -2.58505, 0.63621, 39
1.52007, -2.60442, 0.586165, 38
1.53095, -2.62306, 0.535531, 39
0.659179, -1.12941, 0.207119, 8
0.650917, -1.11525, 0.181482, 12
0.66042, -1.13153, 0.160868, 2
1.35756, -2.32598, 0.283063, 2
1.58682, -2.71878, 0.275412, 27
1.61112, -2.76042, 0.2235, 37
1.59875, -2.73922, 0.166219, 30
1.58183, -2.71024, 0.109584, 34
1.5624, -2.67694, 0.0541025, 34
1.55255, -2.66007, 0, 32
1.38697, -2.39361, 0.741258, 23
1.47691, -2.54884, 0.734475, 40
1.48898, -2.56966, 0.685651, 43
1.50064, -2.58977, 0.63621, 38
1.50991, -2.60578, 0.585402, 36
1.52073, -2.62445, 0.534836, 41
0.655628, -1.13147, 0.207119, 7
0.653368, -1.12757, 0.183152, 10
0.65089, -1.1233, 0.159405, 2
1.35224, -2.33367, 0.283481, 2
1.58226, -2.73065, 0.276109, 29
1.60444, -2.76893, 0.223779, 39
1.59815, -2.75806, 0.167056, 30
1.57932, -2.72557, 0.110003, 34
1.55999, -2.69221, 0.0543119, 33
1.5502, -2.67532, 0, 31
1.38329, -2.40465, 0.743328, 22
1.4689, -2.55346, 0.734475, 40
1.48284, -2.5777, 0.686551, 43
1.49054, -2.59108, 0.635378, 41
1.4978, -2.6037, 0.583876, 35
1.51444, -2.63263, 0.535531, 38
0.65798, -1.1438, 0.208996, 4
0.649823, -1.12962, 0.183152, 6
0.649338, -1.12878, 0.159893, 2
1.35284, -2.3517, 0.285154, 2
1.57566, -2.73906, 0.276458, 32
1.59972, -2.78087, 0.224337, 38
1.59943, -2.78038, 0.168103, 32
1.57673, -2.74092, 0.110422, 33
1.55951, -2.71097, 0.0545911, 33
1.54977, -2.69404, 0, 30
1.38148, -2.41905, 0.746434, 21
1.45702, -2.55133, 0.73254, 41
1.46894, -2.57219, 0.683851, 44
1.47657, -2.58556, 0.632883, 39
1.48961, -2.6084, 0.583876, 38
1.50225, -2.63053, 0.534142, 40
0.654383, -1.14586, 0.208996, 3
0.642342, -1.12478, 0.182038, 3
0.647758, -1.13426, 0.16038, 1
1.3553, -2.37321, 0.287244, 5
1.56903, -2.74745, 0.276807, 32
1.59295, -2.78935, 0.224616, 41
1.59069, -2.78539, 0.168103, 34
1.57406, -2.75627, 0.110841, 34
1.55891, -2.72975, 0.0548704, 34
1.54725, -2.70932, 0, 29
1.37578, -2.42674, 0.747469, 22
1.45091, -2.55927, 0.733507, 41
1.46085, -2.57679, 0.683851, 41
1.4723, -2.59699, 0.634546, 39
1.47948, -2.60965, 0.583112, 38
1.49204, -2.63181, 0.533447, 41
0.65078, -1.14791, 0.208996, 2
0.644666, -1.13713, 0.183709, 2
0.642233, -1.13284, 0.159893, 1
1.34784, -2.37746, 0.287244, 11
1.56235, -2.75584, 0.277155, 35
1.58615, -2.79781, 0.224895, 41
1.58784, -2.8008, 0.168731, 35
1.57328, -2.77511, 0.111399, 32
1.55428, -2.74159, 0.05501, 32
1.54465, -2.72461, 0, 29
1.37194, -2.43778, 0.74954, 22
1.44096, -2.56043, 0.73254, 41
1.45084, -2.57797, 0.682951, 43
1.4603, -2.59479, 0.632883, 42
1.47127, -2.61428, 0.583112, 39
1.48183, -2.63305, 0.532753, 40
0.651046, -1.15684, 0.210248, 2
0.635262, -1.12879, 0.182038, 2
1.35912, -2.41501, 0.340259, 10
1.33842, -2.37822, 0.286826, 18
1.55369, -2.76073, 0.277155, 32
1.57931, -2.80626, 0.225174, 42
1.58295, -2.81273, 0.16915, 36
1.5724, -2.79398, 0.111958, 30
1.5535, -2.7604, 0.0552892, 33
1.54393, -2.74339, 0, 30
1.36051, -2.43534, 0.747469, 21
1.43291, -2.56494, 0.73254, 40
1.43893, -2.57571, 0.681152, 40
1.45023, -2.59595, 0.632052, 40
1.45922, -2.61204, 0.581586, 39
1.46971, -2.63082, 0.531363, 42
1.48557, -2.65921, 0.482444, 15
0.637508, -1.14115, 0.183709, 2
1.34378, -2.4054, 0.338309, 16
1.33094, -2.38241, 0.286826, 29
1.54501, -2.7656, 0.277155, 36
1.56659, -2.80424, 0.224616, 43
1.57411, -2.81769, 0.16915, 40
1.56946, -2.80937, 0.112376, 29
1.54677, -2.76876, 0.055359, 33
1.53725, -2.75172, 0, 29
1.35472, -2.44298, 0.748505, 20
1.42296, -2.56604, 0.731572, 40
1.43083, -2.58022, 0.681152, 40
1.43827, -2.59365, 0.630388, 41
1.45101, -2.61661, 0.581586, 36
1.46144, -2.63542, 0.531363, 42
1.47338, -2.65695, 0.481192, 19
1.47723, -2.66389, 0.428096, 14
1.33237, -2.40267, 0.337334, 23
1.32345, -2.38658, 0.286826, 41
1.53631, -2.77044, 0.277155, 34
1.55584, -2.80565, 0.224337, 40
1.57106, -2.8331, 0.169778, 40
1.56644, -2.82478, 0.112795, 33
1.5497, -2.79459, 0.0557779, 32
1.5383, -2.77403, 0, 29
1.3489, -2.45061, 0.74954, 19
1.40928, -2.5603, 0.728669, 41
1.41896, -2.57788, 0.679352, 41
1.43201, -2.60158, 0.63122, 41
1.43899, -2.61427, 0.580059, 35
1.45315, -2.64, 0.531363, 42
1.46502, -2.66157, 0.481192, 19
1.46503, -2.66158, 0.426983, 17
1.32481, -2.40684, 0.337334, 32
1.31402, -2.38724, 0.286408, 50
1.52568, -2.77176, 0.276807, 37
1.54894, -2.81402, 0.224616, 41
1.56215, -2.83803, 0.169778, 40
1.56334, -2.84019, 0.113214, 35
1.5467, -2.80995, 0.0559873, 30
1.53922, -2.79637, 0, 30
1.33194, -2.43788, 0.744364, 16
1.40309, -2.56812, 0.729636, 40
1.41272, -2.58574, 0.680252, 40
1.4182, -2.59577, 0.628725, 39
1.42701, -2.61189, 0.578533, 36
1.44296, -2.6411, 0.530669, 43
1.45287, -2.65922, 0.479941, 22
1.45476, -2.66269, 0.426426, 17
1.31534, -2.40751, 0.336847, 36
1.30461, -2.38786, 0.28599, 56
1.51696, -2.77654, 0.276807, 40
1.53627, -2.81187, 0.224058, 39
1.55323, -2.84292, 0.169778, 43
1.55633, -2.84859, 0.113354, 37
1.54554, -2.82884, 0.0562666, 30
1.53235, -2.8047, 0, 30
1.32059, -2.43526, 0.742293, 15
1.38947, -2.56228, 0.726733, 40
1.40273, -2.58674, 0.679352, 41
1.4119, -2.60365, 0.629557, 39
1.41692, -2.61291, 0.57777, 37
1.43278, -2.64215, 0.529974, 41
1.44262, -2.6603, 0.479315, 34
1.44261, -2.66028, 0.425313, 19
1.30399, -2.40465, 0.335872, 37
1.29331, -2.38496, 0.285154, 55
1.50633, -2.77779, 0.276458, 40
1.52552, -2.81318, 0.223779, 40
1.54429, -2.84778, 0.169778, 40
1.55309, -2.86401, 0.113772, 40
1.54236, -2.84423, 0.056476, 31
1.53306, -2.82708, 0, 30
1.29279, -2.40197, 0.730905, 14
1.38509, -2.57346, 0.728669, 36
1.39275, -2.5877, 0.678452, 37
1.40001, -2.60118, 0.627893, 41
1.41243, -2.62426, 0.579296, 38
1.42447, -2.64664, 0.529974, 43
1.43613, -2.6683, 0.479941, 39
1.43237, -2.66132, 0.424756, 26
1.29643, -2.40873, 0.335872, 36
1.28581, -2.38901, 0.285154, 54
1.49571, -2.779, 0.276109, 40
1.51479, -2.81444, 0.2235, 39
1.53534, -2.85262, 0.169778, 44
1.54787, -2.87592, 0.114052, 38
1.541, -2.86315, 0.0567552, 33
1.52796, -2.83893, 0, 30
1.25429, -2.34808, 0.713305, 14
1.37334, -2.57096, 0.726733, 42
1.38462, -2.59206, 0.678452, 40
1.39183, -2.60557, 0.627893, 42
1.40233, -2.62522, 0.578533, 38
1.4143, -2.64763, 0.52928, 43
1.42402, -2.66583, 0.478689, 45
1.424, -2.6658, 0.424756, 32
1.28511, -2.40579, 0.334897, 36
1.27455, -2.38602, 0.284317, 49
1.4851, -2.78017, 0.275761, 38
1.50406, -2.81567, 0.223221, 39
1.52825, -2.86095, 0.169987, 42
1.53506, -2.87371, 0.113772, 42
1.53954, -2.88208, 0.0570345, 37
1.52469, -2.8543, 0, 31
1.20709, -2.27691, 0.690529, 24
1.36162, -2.5684, 0.724798, 42
1.37281, -2.58951, 0.676653, 41
1.37997, -2.60301, 0.62623, 42
1.38856, -2.61921, 0.576243, 37
1.40413, -2.64858, 0.528585, 39
1.41378, -2.6668, 0.478064, 42
1.4082, -2.65626, 0.42253, 32
1.27755, -2.40982, 0.334897, 37
1.26705, -2.39001, 0.284317, 47
1.47262, -2.77778, 0.275064, 40
1.49334, -2.81685, 0.222942, 41
1.51364, -2.85515, 0.169359, 43
1.52977, -2.88559, 0.114052, 39
1.53422, -2.89397, 0.0571741, 36
1.52321, -2.87321, 0, 30
1.19633, -2.27385, 0.688459, 34
1.35354, -2.57266, 0.724798, 40
1.36286, -2.59037, 0.675753, 42
1.36996, -2.60387, 0.625398, 42
1.38032, -2.62356, 0.576243, 38
1.39213, -2.646, 0.527196, 40
1.40356, -2.66773, 0.477438, 44
1.39985, -2.66067, 0.42253, 32
1.26812, -2.41031, 0.334409, 35
1.25953, -2.39398, 0.284317, 42
1.46389, -2.78239, 0.275064, 41
1.48262, -2.818, 0.222663, 39
1.50466, -2.8599, 0.169359, 40
1.5207, -2.89038, 0.114052, 40
1.52885, -2.90586, 0.0573137, 38
1.51977, -2.8886, 0, 33
1.18382, -2.26733, 0.685353, 34
1.34546, -2.5769, 0.724798, 40
1.35291, -2.59118, 0.674853, 44
1.36359, -2.61163, 0.62623, 43
1.37207, -2.62788, 0.576243, 39
1.38381, -2.65036, 0.527196, 38
1.39517, -2.67212, 0.477438, 42
1.38415, -2.65101, 0.420303, 29
1.25871, -2.41076, 0.333922, 35
1.25201, -2.39792, 0.284317, 41
1.4533, -2.78344, 0.274715, 41
1.47376, -2.82264, 0.222663, 39
1.49382, -2.86107, 0.16915, 41
1.51347, -2.89868, 0.114191, 43
1.52341, -2.91773, 0.0574533, 40
1.51439, -2.90045, 0, 31
1.17847, -2.27446, 0.686388, 37
1.33378, -2.57423, 0.722863, 41
1.34297, -2.59196, 0.673953, 42
1.35178, -2.60895, 0.624567, 41
1.35839, -2.62172, 0.573953, 39
1.37185, -2.6477, 0.525807, 40
1.38495, -2.67299, 0.476812, 42
1.37035, -2.6448, 0.418633, 26
1.2493, -2.41118, 0.333435, 35
1.2463, -2.40538, 0.284736, 45
1.44271, -2.78446, 0.274366, 40
1.46121, -2.82017, 0.222105, 36
1.48483, -2.86575, 0.16915, 41
1.50067, -2.89633, 0.113912, 43
1.51608, -2.92606, 0.0575231, 42
1.50895, -2.9123, 0, 31
1.16602, -2.26785, 0.683282, 34
1.32214, -2.5715, 0.720927, 39
1.33304, -2.5927, 0.673054, 45
1.34, -2.60623, 0.622903, 43
1.34835, -2.62248, 0.57319, 36
1.36533, -2.6555, 0.526501, 39
1.37474, -2.67381, 0.476186, 43
1.3566, -2.63852, 0.416963, 23
1.23991, -2.41156, 0.332947, 35
1.23874, -2.40928, 0.284736, 50
1.43578, -2.79252, 0.274715, 41
1.45052, -2.8212, 0.221826, 39
1.47399, -2.86684, 0.16894, 43
1.49157, -2.90103, 0.113912, 40
1.50871, -2.93436, 0.0575929, 41
1.50528, -2.9277, 0, 32
1.15889, -2.2715, 0.683282, 35
1.29642, -2.54107, 0.71125, 31
1.32489, -2.59687, 0.673054, 41
1.33358, -2.61391, 0.623735, 42
1.33832, -2.62321, 0.572427, 37
1.35161, -2.64925, 0.524418, 41
1.36454, -2.6746, 0.475561, 44
1.3411, -2.62866, 0.414736, 20
1.23232, -2.41544, 0.332947, 35
1.23297, -2.41671, 0.285154, 58
1.42156, -2.78637, 0.273669, 41
1.44165, -2.82574, 0.221826, 37
1.46316, -2.8679, 0.168731, 41
1.48063, -2.90214, 0.113772, 42
1.50311, -2.94621, 0.0577326, 41
1.49789, -2.93597, 0, 33
1.14825, -2.26823, 0.681212, 34
1.26213, -2.49319, 0.696735, 29
1.31496, -2.59754, 0.672154, 44
1.32536, -2.61809, 0.623735, 41
1.3283, -2.6239, 0.571664, 38
1.34328, -2.65348, 0.524418, 40
1.35613, -2.67887, 0.475561, 40
1.3221, -2.61165, 0.411396, 19
1.22473, -2.4193, 0.332947, 33
1.22357, -2.41702, 0.284736, 54
1.41101, -2.78727, 0.27332, 42
1.43097, -2.8267, 0.221547, 38
1.45054, -2.86536, 0.168312, 41
1.47331, -2.91034, 0.113912, 42
1.49024, -2.94378, 0.0575929, 40
1.49047, -2.94423, 0, 34
1.14112, -2.27183, 0.681212, 33
1.14977, -2.28905, 0.638674, 31
1.30504, -2.59818, 0.671254, 41
1.31537, -2.61874, 0.622903, 40
1.32181, -2.63157, 0.572427, 37
1.3314, -2.65065, 0.523028, 41
1.34593, -2.67959, 0.474935, 43
1.31034, -2.60871, 0.410282, 19
1.21356, -2.41604, 0.331972, 30
1.21419, -2.41729, 0.284317, 48
1.40045, -2.78813, 0.272972, 42
1.42208, -2.83118, 0.221547, 36
1.44153, -2.8699, 0.168312, 41
1.45877, -2.90424, 0.113493, 44
1.48457, -2.9556, 0.0577326, 41
1.48121, -2.9489, 0, 34
1.13398, -2.2754, 0.681212, 35
1.13738, -2.28222, 0.635771, 34
1.29166, -2.5918, 0.668555, 40
1.30365, -2.61586, 0.62124, 39
1.31004, -2.62868, 0.570901, 38
1.32483, -2.65835, 0.523723, 40
1.33223, -2.67319, 0.473058, 40
1.29507, -2.59864, 0.408056, 19
1.20242, -2.41273, 0.330997, 23
1.20481, -2.41754, 0.283899, 43
1.39169, -2.79251, 0.272972, 42
1.40962, -2.82849, 0.220988, 36
1.43072, -2.87084, 0.168103, 37
1.44786, -2.90523, 0.113354, 42
1.47172, -2.95309, 0.0575929, 42
1.47729, -2.96428, 0, 34
1.12511, -2.27549, 0.680176, 35
1.13192, -2.28927, 0.636738, 40
1.27315, -2.57488, 0.663156, 27
1.29369, -2.61643, 0.620408, 40
1.30351, -2.6363, 0.571664, 37
1.31297, -2.65543, 0.522334, 41
1.32382, -2.67737, 0.473058, 43
1.27636, -2.58139, 0.404715, 19
1.19131, -2.40938, 0.330022, 16
1.2025, -2.43201, 0.285154, 38
1.38291, -2.79687, 0.272972, 42
1.39896, -2.82933, 0.220709, 35
1.41816, -2.86816, 0.167684, 36
1.43695, -2.90618, 0.113214, 43
1.4642, -2.96128, 0.0576627, 39
1.46797, -2.96891, 0, 34
1.11966, -2.28248, 0.681212, 35
1.12302, -2.28933, 0.635771, 36
1.20841, -2.4634, 0.633462, 28
1.28719, -2.624, 0.62124, 40
1.29349, -2.63686, 0.570901, 39
1.30463, -2.65955, 0.522334, 42
1.3154, -2.68151, 0.473058, 44
1.25952, -2.5676, 0.401932, 19
1.18199, -2.40955, 0.329535, 8
1.19485, -2.43577, 0.285154, 35
1.37411, -2.8012, 0.272972, 45
1.39006, -2.83371, 0.220709, 35
1.40738, -2.86901, 0.167475, 38
1.42782, -2.91068, 0.113214, 44
1.45137, -2.95869, 0.0575231, 41
1.45864, -2.9735, 0, 34
1.1091, -2.27904, 0.679141, 34
1.11412, -2.28935, 0.634803, 34
1.12903, -2.31999, 0.59567, 24
1.2738, -2.61747, 0.618745, 37
1.28005, -2.63031, 0.568611, 37
1.29454, -2.66009, 0.521639, 41
1.30524, -2.68208, 0.472432, 42
1.24625, -2.56086, 0.400262, 20
1.15009, -2.36327, 0.32271, 3
1.19068, -2.44667, 0.28599, 31
1.36007, -2.79475, 0.271926, 43
1.37766, -2.83089, 0.220151, 34
1.39836, -2.87342, 0.167475, 36
1.41692, -2.91156, 0.113074, 43
1.44032, -2.95964, 0.0574533, 42
1.45104, -2.98167, 0, 34
1.10194, -2.28252, 0.679141, 35
1.10186, -2.28236, 0.6319, 31
1.11157, -2.30247, 0.590272, 35
1.26217, -2.61441, 0.617082, 38
1.27007, -2.63079, 0.567848, 39
1.28275, -2.65705, 0.52025, 41
1.29337, -2.67905, 0.471181, 42
1.23476, -2.55763, 0.399148, 19
1.13403, -2.349, 0.320273, 3
1.18299, -2.4504, 0.28599, 28
1.35129, -2.79901, 0.271926, 44
1.36702, -2.83161, 0.219872, 34
1.38759, -2.8742, 0.167266, 36
1.40603, -2.91239, 0.112935, 41
1.43101, -2.96415, 0.0574533, 43
1.43992, -2.98261, 0, 33
1.09309, -2.28248, 0.678106, 36
1.09468, -2.28581, 0.6319, 30
1.10096, -2.29892, 0.588472, 33
1.25057, -2.61131, 0.615419, 35
1.2635, -2.63831, 0.568611, 37
1.2761, -2.66462, 0.520945, 40
1.28666, -2.68666, 0.471806, 42
1.21987, -2.54721, 0.396922, 20
1.11979, -2.33822, 0.318323, 3
1.177, -2.45769, 0.286408, 24
1.33905, -2.79606, 0.271229, 43
1.35812, -2.83589, 0.219872, 37
1.3751, -2.87134, 0.166847, 37
1.39342, -2.90959, 0.112656, 40
1.41996, -2.96502, 0.0573835, 42
1.42882, -2.98351, 0, 34
1.08923, -2.29288, 0.680176, 37
1.08583, -2.28573, 0.630932, 33
1.09541, -2.30589, 0.589372, 35
1.21718, -2.56221, 0.602944, 28
1.25352, -2.63872, 0.567848, 35
1.26434, -2.6615, 0.519555, 41
1.27313, -2.67999, 0.469929, 43
1.20676, -2.54029, 0.395252, 20
1.10221, -2.32021, 0.315398, 3
1.17781, -2.47934, 0.288499, 21
1.33026, -2.80025, 0.271229, 43
1.34578, -2.83293, 0.219314, 37
1.36607, -2.87565, 0.166847, 39
1.38427, -2.91395, 0.112656, 41
1.40721, -2.96224, 0.0572439, 41
1.41772, -2.98437, 0, 34
1.07708, -2.28581, 0.677071, 38
1.0803, -2.29264, 0.6319, 34
1.08484, -2.30227, 0.587572, 38
1.16409, -2.47046, 0.580489, 25
1.24355, -2.63909, 0.567084, 36
1.25765, -2.66902, 0.52025, 40
1.26638, -2.68755, 0.470555, 41
1.19371, -2.53332, 0.393582, 19
1.1, -2.33444, 0.31686, 3
1.19375, -2.53341, 0.294352, 20
1.32145, -2.80442, 0.271229, 41
1.33858, -2.84076, 0.219593, 39
1.35533, -2.87631, 0.166638, 39
1.3717, -2.91105, 0.112376, 40
1.3979, -2.96665, 0.0572439, 41
1.41175, -2.99605, 0, 33
1.0699, -2.28918, 0.677071, 39
1.07309, -2.29602, 0.6319, 37
1.0776, -2.30566, 0.587572, 37
1.08509, -2.32169, 0.544729, 28
1.23525, -2.64298, 0.567084, 37
1.24593, -2.66582, 0.518861, 42
1.25459, -2.68436, 0.469303, 42
1.18072, -2.5263, 0.391911, 20
1.09266, -2.33788, 0.31686, 2
1.21274, -2.59481, 0.301042, 19
1.30926, -2.80133, 0.270531, 44
1.32964, -2.84495, 0.219593, 36
1.3446, -2.87694, 0.166428, 41
1.36085, -2.91172, 0.112237, 39
1.38688, -2.9674, 0.0571741, 42
1.39894, -2.99322, 0, 32
1.06432, -2.29604, 0.678106, 36
1.06587, -2.29938, 0.6319, 39
1.07035, -2.30904, 0.587572, 32
1.0745, -2.31799, 0.543065, 34
1.21869, -2.62904, 0.563268, 38
1.23589, -2.66615, 0.518166, 41
1.24449, -2.6847, 0.468678, 41
1.16611, -2.51562, 0.389685, 20
1.08364, -2.3377, 0.316373, 2
1.22968, -2.65275, 0.307314, 20
1.29878, -2.80182, 0.270183, 44
1.31567, -2.83825, 0.218756, 36
1.33555, -2.88115, 0.166428, 41
1.3517, -2.91598, 0.112237, 35
1.37587, -2.96812, 0.0571043, 41
1.38785, -2.99397, 0, 30
1.05872, -2.30288, 0.679141, 33
1.05865, -2.30272, 0.6319, 44
1.06146, -2.30885, 0.586672, 34
1.06885, -2.32491, 0.543897, 37
1.20878, -2.62929, 0.562505, 32
1.22586, -2.66644, 0.517472, 42
1.23605, -2.6886, 0.468678, 40
1.15324, -2.50847, 0.388015, 20
1.07463, -2.33749, 0.315885, 3
1.24626, -2.71081, 0.313585, 19
1.2883, -2.80226, 0.269834, 44
1.30674, -2.84237, 0.218756, 37
1.32149, -2.87444, 0.1658, 40
1.34086, -2.91658, 0.112097, 37
1.36653, -2.97242, 0.0571043, 40
1.37844, -2.99832, 0, 31
1.05469, -2.31323, 0.681212, 22
1.0498, -2.3025, 0.630932, 39
1.05259, -2.30862, 0.585773, 35
1.05829, -2.32113, 0.542234, 35
1.1826, -2.59377, 0.554109, 31
1.21748, -2.67028, 0.517472, 40
1.22432, -2.68528, 0.467426, 41
1.13878, -2.49767, 0.385788, 18
1.06893, -2.34446, 0.316373, 3
1.24434, -2.72919, 0.315258, 20
1.27949, -2.8063, 0.269834, 42
1.2945, -2.8392, 0.218198, 39
1.31576, -2.88585, 0.166219, 42
1.33003, -2.91715, 0.111958, 37
1.35387, -2.96942, 0.0569647, 40
1.36569, -2.99535, 0, 30
1.05537, -2.33413, 0.686388, 24
1.04256, -2.30579, 0.630932, 39
1.04372, -2.30837, 0.584873, 35
1.05099, -2.32445, 0.542234, 36
1.07738, -2.38281, 0.508315, 21
1.20584, -2.66691, 0.516082, 41
1.21425, -2.68551, 0.4668, 41
1.11461, -2.46514, 0.380221, 18
1.05992, -2.34419, 0.315885, 3
1.23576, -2.73309, 0.315258, 20
1.27067, -2.8103, 0.269834, 42
1.28393, -2.83962, 0.217919, 40
1.3034, -2.88269, 0.1658, 39
1.32251, -2.92495, 0.112097, 36
1.34454, -2.97366, 0.0569647, 38
1.35298, -2.99234, 0, 28
1.05752, -2.35859, 0.6926, 26
1.03372, -2.30551, 0.629965, 40
1.03806, -2.31519, 0.585773, 41
1.04048, -2.3206, 0.54057, 32
1.05061, -2.34318, 0.499156, 33
1.19584, -2.66709, 0.515388, 40
1.20419, -2.68571, 0.466175, 41
1.09389, -2.43971, 0.375767, 20
1.05093, -2.34389, 0.315398, 3
1.23205, -2.74785, 0.316512, 23
1.26021, -2.81064, 0.269486, 43
1.27337, -2.83999, 0.21764, 41
1.29434, -2.88677, 0.1658, 40
1.30841, -2.91815, 0.111678, 40
1.33519, -2.97787, 0.0569647, 39
1.34194, -2.99293, 0, 30
1.05481, -2.37249, 0.695706, 23
1.02805, -2.31229, 0.630932, 36
1.02762, -2.31132, 0.583973, 42
1.03478, -2.32743, 0.541402, 32
1.04006, -2.3393, 0.49763, 37
1.18426, -2.66363, 0.513999, 39
1.19253, -2.68226, 0.464923, 38
1.07335, -2.41418, 0.371314, 27
1.0484, -2.35806, 0.31686, 3
1.22341, -2.7517, 0.316512, 23
1.25137, -2.81459, 0.269486, 45
1.26444, -2.84398, 0.21764, 41
1.28039, -2.87987, 0.165172, 43
1.29923, -2.92225, 0.111678, 38
1.31933, -2.96743, 0.0566854, 37
1.32928, -2.98982, 0, 28
1.05359, -2.38993, 0.699847, 23
1.02235, -2.31906, 0.6319, 29
1.02192, -2.3181, 0.584873, 39
1.02588, -2.32709, 0.54057, 32
1.03428, -2.34615, 0.498393, 37
1.16158, -2.6349, 0.507747, 34
1.17932, -2.67514, 0.463046, 36
1.06416, -2.41392, 0.370757, 35
1.04739, -2.37588, 0.31881, 6
1.21797, -2.76281, 0.317348, 27
1.23931, -2.81121, 0.268788, 44
1.25389, -2.84429, 0.217361, 40
1.27134, -2.88388, 0.165172, 38
1.28844, -2.92265, 0.111539, 39
1.31322, -2.97888, 0.056825, 38
1.31826, -2.99032, 0, 29
1.05381, -2.41093, 0.705023, 22
1.01972, -2.33293, 0.634803, 21
1.01151, -2.31416, 0.583073, 38
1.017, -2.32672, 0.539739, 34
1.02848, -2.35298, 0.499156, 29
1.12963, -2.58439, 0.497328, 34
1.16933, -2.67522, 0.46242, 34
1.05499, -2.41362, 0.3702, 35
1.04787, -2.39734, 0.321248, 13
1.20769, -2.76298, 0.31693, 27
1.22887, -2.81144, 0.26844, 44
1.24335, -2.84456, 0.217082, 42
1.26067, -2.8842, 0.164963, 40
1.27604, -2.91936, 0.11126, 38
1.30226, -2.97933, 0.0567552, 40
1.30726, -2.99078, 0, 28
1.05391, -2.43196, 0.710199, 23
1.01701, -2.34681, 0.637706, 24
1.00734, -2.32448, 0.584873, 38
1.01124, -2.33349, 0.54057, 36
1.0164, -2.34539, 0.496867, 29
1.02909, -2.37468, 0.456347, 23
1.13107, -2.61, 0.450531, 25
1.0474, -2.41692, 0.3702, 35
1.04191, -2.40427, 0.321735, 25
1.20059, -2.77041, 0.317348, 28
1.21845, -2.81163, 0.268091, 45
1.23441, -2.84845, 0.217082, 41
1.25002, -2.88448, 0.164754, 33
1.26846, -2.92702, 0.111399, 38
1.28971, -2.97607, 0.0566156, 40
1.29627, -2.9912, 0, 29
1.05084, -2.44591, 0.713305, 22
1.01883, -2.37139, 0.643512, 24
0.998491, -2.32405, 0.583973, 36
1.00082, -2.32947, 0.538907, 39
1.00593, -2.34136, 0.49534, 33
1.01696, -2.36704, 0.454264, 39
1.10103, -2.56272, 0.441771, 24
1.03511, -2.40928, 0.36853, 37
1.03592, -2.41118, 0.322223, 41
1.18874, -2.76686, 0.316512, 31
1.20804, -2.81179, 0.267742, 44
1.22545, -2.85231, 0.217082, 35
1.23937, -2.88472, 0.164544, 35
1.25768, -2.92732, 0.11126, 42
1.28035, -2.9801, 0.0566156, 40
1.28371, -2.98791, 0, 28
1.05527, -2.47763, 0.721588, 23
1.01442, -2.38172, 0.645448, 22
0.994241, -2.33435, 0.585773, 34
0.995029, -2.3362, 0.539739, 38
1.00011, -2.34812, 0.496103, 30
1.00952, -2.37022, 0.454264, 40
1.02022, -2.39533, 0.412361, 25
1.02909, -2.41617, 0.369087, 35
1.02523, -2.40711, 0.321248, 53
1.1816, -2.77424, 0.31693, 30
1.1992, -2.81557, 0.267742, 45
1.21336, -2.84881, 0.216524, 35
1.23031, -2.8886, 0.164544, 35
1.24534, -2.9239, 0.11098, 41
1.27099, -2.98411, 0.0566156, 39
1.27275, -2.98825, 0, 27
1.05199, -2.49161, 0.724693, 21
1.01448, -2.40277, 0.650286, 25
0.989933, -2.34464, 0.587572, 22
0.989205, -2.34292, 0.54057, 36
0.991196, -2.34763, 0.49534, 33
0.999005, -2.36613, 0.452874, 39
1.01115, -2.39489, 0.411736, 35
1.01995, -2.41574, 0.36853, 35
1.01458, -2.40301, 0.320273, 60
1.17288, -2.77794, 0.31693, 31
1.1888, -2.81565, 0.267394, 44
1.2044, -2.8526, 0.216524, 32
1.21967, -2.88877, 0.164335, 36
1.2377, -2.93148, 0.11112, 41
1.25849, -2.98072, 0.056476, 40
1.26024, -2.98486, 0, 28
1.05161, -2.51273, 0.72987, 24
1.01442, -2.42385, 0.655124, 25
0.991592, -2.36931, 0.592971, 23
0.97731, -2.33518, 0.538075, 39
0.982302, -2.34711, 0.494577, 36
0.990047, -2.36562, 0.45218, 36
1.00057, -2.39076, 0.410484, 38
1.01389, -2.42258, 0.369087, 33
1.00396, -2.39886, 0.319298, 59
1.16261, -2.77794, 0.316512, 33
1.17995, -2.81937, 0.267394, 44
1.19389, -2.85269, 0.216245, 39
1.21213, -2.89627, 0.164544, 37
1.2254, -2.92798, 0.110841, 43
1.24912, -2.98466, 0.056476, 40
1.24932, -2.98511, 0, 28
1.0526, -2.53743, 0.736081, 30
1.01274, -2.44136, 0.658995, 25
0.987128, -2.37961, 0.594771, 24
0.969967, -2.33824, 0.538075, 39
0.974922, -2.35019, 0.494577, 35
0.984118, -2.37236, 0.452874, 38
0.991538, -2.39024, 0.409858, 36
1.00323, -2.41844, 0.367974, 34
0.996415, -2.402, 0.319298, 63
1.15387, -2.78158, 0.316512, 32
1.17108, -2.82306, 0.267394, 39
1.1834, -2.85274, 0.215966, 37
1.19997, -2.89269, 0.164126, 36
1.2162, -2.93182, 0.110841, 43
1.23668, -2.98118, 0.0563364, 41
1.23533, -2.97794, 0, 28
1.0505, -2.55502, 0.740222, 31
1.01393, -2.46607, 0.664801, 24
0.98706, -2.40073, 0.59927, 24
0.959642, -2.33404, 0.536412, 33
0.969028, -2.35687, 0.49534, 38
0.975164, -2.37179, 0.45218, 34
0.982523, -2.38969, 0.409233, 36
0.995633, -2.42158, 0.367974, 32
0.985846, -2.39777, 0.318323, 66
1.14513, -2.78519, 0.316512, 35
1.15918, -2.81936, 0.266697, 42
1.17443, -2.85645, 0.215966, 37
1.19087, -2.89644, 0.164126, 36
1.20394, -2.92823, 0.110562, 45
1.22731, -2.98505, 0.0563364, 40
1.22445, -2.97811, 0, 27
1.04538, -2.56546, 0.742293, 37
1.01349, -2.48721, 0.66964, 24
0.986865, -2.42186, 0.603769, 23
0.961162, -2.35879, 0.541402, 27
0.957173, -2.349, 0.49305, 40
0.964733, -2.36755, 0.450791, 35
0.9765, -2.39643, 0.409858, 37
0.983535, -2.41369, 0.366304, 33
0.976809, -2.39718, 0.317835, 65
1.13337, -2.78141, 0.315676, 35
1.15182, -2.82668, 0.267045, 40
1.16394, -2.85643, 0.215687, 36
1.17875, -2.89277, 0.163707, 40
1.19775, -2.9394, 0.110841, 44
1.21641, -2.98519, 0.0562666, 41
1.21509, -2.98194, 0, 28
1.04021, -2.5759, 0.744364, 38
1.01149, -2.50478, 0.673511, 24
0.985091, -2.43941, 0.607368, 24
0.955214, -2.36542, 0.542234, 24
0.95126, -2.35563, 0.493814, 39
0.957292, -2.37057, 0.450791, 33
0.964531, -2.38849, 0.407981, 36
0.978916, -2.42411, 0.367417, 33
0.969275, -2.40024, 0.317835, 63
1.12612, -2.78864, 0.316094, 36
1.13846, -2.8192, 0.265999, 42
1.15198, -2.85267, 0.215129, 37
1.17116, -2.90016, 0.163916, 40
1.18402, -2.93203, 0.110422, 45
1.20703, -2.989, 0.0562666, 42
1.20122, -2.97461, 0, 26
1.03642, -2.58992, 0.747469, 37
1.01515, -2.53677, 0.681252, 27
0.981765, -2.45334, 0.610067, 24
0.953591, -2.38294, 0.54556, 23
0.942395, -2.35496, 0.49305, 37
0.951302, -2.37722, 0.451485, 30
0.958488, -2.39518, 0.408607, 35
0.969822, -2.4235, 0.36686, 33
0.958777, -2.3959, 0.31686, 59
1.11292, -2.78109, 0.31484, 35
1.13107, -2.82646, 0.266348, 41
1.14152, -2.85257, 0.21485, 37
1.16055, -2.90012, 0.163707, 42
1.17332, -2.93202, 0.110282, 47
1.19466, -2.98535, 0.0561269, 42
1.18741, -2.96723, 0, 25
1.02828, -2.59316, 0.747469, 40
1.01433, -2.55799, 0.686091, 30
0.982672, -2.47816, 0.615466, 24
0.950426, -2.39684, 0.548055, 23
0.933544, -2.35426, 0.492287, 36
0.942377, -2.37654, 0.450791, 34
0.949503, -2.39451, 0.407981, 34
0.959283, -2.41917, 0.365747, 33
0.954173, -2.40628, 0.317835, 52
1.10564, -2.78827, 0.315258, 36
1.11925, -2.82259, 0.265651, 39
1.13256, -2.85614, 0.21485, 36
1.14996, -2.90004, 0.163498, 42
1.16558, -2.93941, 0.110422, 43
1.18527, -2.98909, 0.0561269, 42
1.17513, -2.96351, 0, 23
1.02012, -2.59638, 0.747469, 39
1.01197, -2.57561, 0.689961, 31
0.982009, -2.49937, 0.619965, 24
0.948615, -2.41438, 0.551382, 24
0.929015, -2.36449, 0.493814, 29
0.934907, -2.37949, 0.450791, 36
0.941976, -2.39748, 0.407981, 35
0.95023, -2.41849, 0.36519, 31
0.945157, -2.40557, 0.317348, 49
1.09542, -2.78802, 0.31484, 36
1.11038, -2.82609, 0.265651, 39
1.12358, -2.85969, 0.21485, 38
1.13939, -2.89992, 0.163288, 42
1.15487, -2.93934, 0.110282, 42
1.17441, -2.98907, 0.0560571, 41
1.16289, -2.95974, 0, 23
1.01477, -2.60677, 0.74954, 41
1.00668, -2.58601, 0.691897, 36
0.979807, -2.51697, 0.623564, 24
0.948122, -2.43557, 0.55554, 23
0.925856, -2.37838, 0.496103, 24
0.924569, -2.37507, 0.449401, 37
0.933006, -2.39674, 0.407355, 35
0.939753, -2.41408, 0.364077, 27
0.940475, -2.41593, 0.318323, 48
1.08089, -2.77662, 0.313167, 35
1.10005, -2.82585, 0.265302, 40
1.11604, -2.86692, 0.215129, 38
1.12882, -2.89976, 0.163079, 41
1.14563, -2.94295, 0.110282, 40
1.16212, -2.98529, 0.0559175, 42
1.15069, -2.95593, 0, 22
1.00518, -2.60634, 0.748505, 44
0.999952, -2.59278, 0.692864, 35
0.98031, -2.54185, 0.628963, 28
0.946097, -2.45314, 0.558867, 23
0.926857, -2.40325, 0.500683, 22
0.917103, -2.37796, 0.449401, 34
0.925472, -2.39966, 0.407355, 32
0.935015, -2.42441, 0.36519, 20
0.932881, -2.41887, 0.318323, 52
1.05212, -2.72804, 0.307314, 32
1.08973, -2.82558, 0.264953, 39
1.10415, -2.86297, 0.214571, 38
1.11827, -2.89957, 0.162869, 40
1.13494, -2.94281, 0.110143, 41
1.15417, -2.99266, 0.0559873, 39
1.13851, -2.95206, 0, 23
1.00112, -2.62031, 0.751611, 44
0.993187, -2.59954, 0.693832, 39
0.979274, -2.56312, 0.633462, 31
0.946764, -2.47803, 0.563856, 22
0.924908, -2.42083, 0.503736, 22
0.909627, -2.38083, 0.449401, 39
0.917928, -2.40256, 0.407355, 34
0.923153, -2.41623, 0.36352, 11
0.928111, -2.42921, 0.319298, 59
1.00379, -2.62728, 0.295606, 26
1.08227, -2.83271, 0.265302, 39
1.09231, -2.85897, 0.214013, 37
1.10773, -2.89933, 0.16266, 43
1.12427, -2.94262, 0.110003, 38
1.14191, -2.9888, 0.0558477, 37
1.12638, -2.94815, 0, 23
0.988785, -2.61261, 0.748505, 44
0.985016, -2.60265, 0.693832, 41
0.980874, -2.5917, 0.639761, 34
0.944514, -2.49563, 0.567183, 22
0.922857, -2.43841, 0.506789, 23
0.904932, -2.39105, 0.450791, 35
0.907579, -2.39804, 0.406104, 34
0.911352, -2.40801, 0.36185, 2
0.917664, -2.42469, 0.318323, 64
0.939204, -2.4816, 0.278882, 24
1.07337, -2.83609, 0.265302, 40
1.08332, -2.86238, 0.214013, 39
1.10003, -2.90654, 0.162869, 43
1.1136, -2.9424, 0.109864, 42
1.13393, -2.99611, 0.0559175, 41
1.11711, -2.95168, 0, 22
0.980572, -2.6157, 0.748505, 43
0.980921, -2.61663, 0.696735, 40
0.974096, -2.59842, 0.640661, 40
0.943537, -2.51691, 0.571341, 23
0.922084, -2.45968, 0.510605, 20
0.898799, -2.39757, 0.451485, 30
0.902815, -2.40828, 0.407355, 36
0.905173, -2.41457, 0.362407, 3
0.911436, -2.43128, 0.31881, 59
0.927214, -2.47336, 0.277628, 31
1.06166, -2.83199, 0.264605, 42
1.07432, -2.86577, 0.214013, 41
1.08809, -2.9025, 0.162451, 42
1.10435, -2.94589, 0.109864, 42
1.12311, -2.99592, 0.0558477, 43
1.10222, -2.94019, 0, 22
0.973695, -2.62239, 0.74954, 43
0.972696, -2.6197, 0.696735, 34
0.968641, -2.60878, 0.64246, 41
0.943796, -2.54186, 0.576331, 23
0.921185, -2.48097, 0.514421, 22
0.895376, -2.41146, 0.453569, 22
0.893869, -2.4074, 0.40673, 36
0.885173, -2.38398, 0.357397, 1
0.902411, -2.4304, 0.318323, 53
0.919439, -2.47627, 0.277628, 37
1.05137, -2.83158, 0.264256, 42
1.06531, -2.86913, 0.214013, 40
1.07896, -2.9059, 0.162451, 44
1.09231, -2.94184, 0.109584, 42
1.1123, -2.99568, 0.0557779, 41
1.0888, -2.93239, 0, 22
0.964118, -2.62181, 0.748505, 42
0.964461, -2.62274, 0.696735, 36
0.964476, -2.62278, 0.64516, 42
0.945259, -2.57052, 0.582153, 27
0.917452, -2.49491, 0.516711, 21
0.891874, -2.42535, 0.455653, 24
0.884938, -2.40649, 0.406104, 37
0.86811, -2.36072, 0.3535, 1
0.894771, -2.43323, 0.318323, 46
0.908909, -2.47167, 0.276791, 38
1.04109, -2.83113, 0.263908, 40
1.05354, -2.86498, 0.213455, 39
1.06845, -2.90553, 0.162241, 41
1.08444, -2.94901, 0.109724, 42
1.10288, -2.99916, 0.0557779, 40
1.07958, -2.93579, 0, 22
0.955877, -2.62482, 0.748505, 44
0.956217, -2.62576, 0.696735, 36
0.954898, -2.62214, 0.64426, 43
0.945211, -2.59554, 0.587143, 30
0.917671, -2.51991, 0.52129, 21
0.889642, -2.44294, 0.458431, 23
0.87467, -2.40183, 0.404852, 36
0.853912, -2.34483, 0.350716, 2
0.888481, -2.43976, 0.31881, 45
0.902501, -2.47826, 0.277209, 40
1.03219, -2.83438, 0.263908, 41
1.04453, -2.86827, 0.213455, 38
1.05795, -2.90512, 0.162032, 42
1.0738, -2.94865, 0.109584, 41
1.09209, -2.99885, 0.0557081, 40
1.06761, -2.93165, 0, 23
0.946315, -2.62418, 0.747469, 43
0.946647, -2.6251, 0.695767, 37
0.947977, -2.62879, 0.64516, 42
0.942362, -2.61322, 0.590469, 32
0.915078, -2.53756, 0.524343, 22
0.884635, -2.45314, 0.45982, 23
0.86846, -2.40828, 0.405478, 36
0.847885, -2.35123, 0.351273, 3
0.883506, -2.45001, 0.319785, 43
0.893362, -2.47734, 0.276791, 36
1.02058, -2.83011, 0.26321, 40
1.03552, -2.87154, 0.213455, 36
1.05017, -2.91218, 0.162241, 41
1.06318, -2.94825, 0.109445, 41
1.0813, -2.99851, 0.0556383, 40
1.05569, -2.92747, 0, 23
0.936767, -2.6235, 0.746434, 44
0.9397, -2.63172, 0.696735, 38
0.942335, -2.6391, 0.646959, 43
0.936779, -2.62353, 0.592133, 37
0.913704, -2.55891, 0.528159, 23
0.882223, -2.47074, 0.462599, 23
0.859561, -2.40728, 0.404852, 35
0.836498, -2.34269, 0.349603, 3
0.875805, -2.45277, 0.319785, 45
0.885574, -2.48013, 0.276791, 38
0.998282, -2.79578, 0.259724, 33
1.02515, -2.87102, 0.213176, 39
1.04102, -2.91547, 0.162241, 42
1.05391, -2.95157, 0.109445, 40
1.07053, -2.99812, 0.0555685, 39
1.04514, -2.927, 0, 23
0.929809, -2.63007, 0.747469, 42
0.930134, -2.63099, 0.695767, 38
0.93404, -2.64204, 0.646959, 39
0.932445, -2.63753, 0.594627, 41
0.910895, -2.57658, 0.531212, 25
0.882335, -2.49579, 0.466766, 23
0.851995, -2.40997, 0.404852, 36
0.825174, -2.3341, 0.347933, 3
0.870741, -2.463, 0.32076, 45
0.875127, -2.4754, 0.275955, 36
0.968243, -2.73879, 0.254146, 32
1.01346, -2.8667, 0.212618, 39
1.02919, -2.91119, 0.161823, 39
1.0433, -2.9511, 0.109305, 39
1.06111, -3.00147, 0.0555685, 38
1.0346, -2.9265, 0, 24
0.918989, -2.62569, 0.745399, 43
0.921864, -2.6339, 0.695767, 38
0.927023, -2.64864, 0.647859, 41
0.925446, -2.64414, 0.595459, 41
0.913173, -2.60907, 0.537318, 28
0.878393, -2.5097, 0.46885, 21
0.844419, -2.41263, 0.404852, 36
0.819145, -2.34042, 0.348489, 3
0.859065, -2.45448, 0.319298, 45
0.867346, -2.47814, 0.275955, 37
0.884601, -2.52744, 0.234275, 22
1.00445, -2.86987, 0.212618, 39
1.02136, -2.91818, 0.162032, 40
1.0327, -2.95059, 0.109166, 42
1.05035, -3.00101, 0.0554987, 40
1.02012, -2.91464, 0, 23
0.912, -2.63221, 0.746434, 41
0.912314, -2.63312, 0.6948, 39
0.918697, -2.65154, 0.647859, 42
0.917135, -2.64703, 0.595459, 43
0.910114, -2.62677, 0.540371, 29
0.875663, -2.52734, 0.471628, 21
0.836836, -2.41527, 0.404852, 37
0.810492, -2.33924, 0.347933, 3
0.853949, -2.46467, 0.320273, 44
0.859556, -2.48085, 0.275955, 37
0.870134, -2.51138, 0.232532, 36
0.992819, -2.86547, 0.21206, 38
1.00826, -2.91005, 0.161404, 39
1.02343, -2.95382, 0.109166, 43
1.0383, -2.99674, 0.055359, 41
1.00834, -2.91027, 0, 23
0.901219, -2.62776, 0.744364, 41
0.904037, -2.63597, 0.6948, 42
0.909098, -2.65073, 0.646959, 44
0.908815, -2.6499, 0.595459, 43
0.905679, -2.64076, 0.542661, 35
0.871553, -2.54125, 0.473712, 22
0.829244, -2.41789, 0.404852, 36
0.804424, -2.34552, 0.348489, 3
0.842338, -2.45607, 0.31881, 45
0.850467, -2.47977, 0.275537, 40
0.860947, -2.51033, 0.232183, 35
0.978634, -2.85348, 0.210944, 34
0.999118, -2.91321, 0.161404, 40
1.01285, -2.95324, 0.109026, 41
1.02888, -2.99999, 0.055359, 43
0.997894, -2.90964, 0, 24
0.895444, -2.63789, 0.746434, 39
0.894504, -2.63512, 0.693832, 41
0.900766, -2.65357, 0.646959, 44
0.904258, -2.66386, 0.597954, 45
0.899902, -2.65103, 0.544187, 37
0.86863, -2.5589, 0.476491, 22
0.819104, -2.413, 0.403601, 35
0.795778, -2.34429, 0.347933, 3
0.83717, -2.46622, 0.319785, 44
0.841394, -2.47867, 0.275119, 42
0.853056, -2.51302, 0.232183, 35
0.956839, -2.81876, 0.208153, 32
0.991245, -2.92011, 0.161613, 42
1.00357, -2.95641, 0.109026, 44
1.01817, -2.99942, 0.0552892, 41
0.987462, -2.90897, 0, 24
0.884693, -2.63337, 0.744364, 39
0.886223, -2.63792, 0.693832, 39
0.892427, -2.65639, 0.646959, 45
0.894641, -2.66298, 0.597122, 39
0.892821, -2.65756, 0.54495, 38
0.864352, -2.57282, 0.478574, 23
0.811521, -2.41556, 0.403601, 34
0.788411, -2.34677, 0.347933, 3
0.828155, -2.46508, 0.319298, 46
0.833605, -2.4813, 0.275119, 41
0.84389, -2.51191, 0.231834, 34
0.86284, -2.56832, 0.189459, 20
0.979524, -2.91564, 0.161195, 41
0.993001, -2.95576, 0.108886, 42
1.00874, -3.0026, 0.0552892, 40
0.975773, -2.90447, 0, 23
0.877633, -2.6398, 0.745399, 39
0.875481, -2.63333, 0.691897, 40
0.882846, -2.65548, 0.646059, 46
0.886269, -2.66578, 0.597122, 41
0.883228, -2.65663, 0.544187, 38
0.857506, -2.57926, 0.479269, 23
0.80268, -2.41435, 0.402975, 35
0.781033, -2.34924, 0.347933, 3
0.820405, -2.46767, 0.319298, 45
0.824549, -2.48013, 0.274701, 37
0.835993, -2.51455, 0.231834, 35
0.847213, -2.5483, 0.187784, 29
0.969097, -2.91491, 0.160985, 40
0.983709, -2.95886, 0.108886, 44
0.995514, -2.99437, 0.0550798, 40
0.965379, -2.90373, 0, 24
0.866922, -2.6352, 0.743328, 37
0.868419, -2.63975, 0.692864, 43
0.874501, -2.65824, 0.646059, 45
0.879114, -2.67226, 0.597954, 41
0.879787, -2.67431, 0.54724, 43
0.853093, -2.59317, 0.481353, 23
0.795093, -2.41686, 0.402975, 37
0.774888, -2.35544, 0.348489, 3
0.812651, -2.47023, 0.319298, 41
0.819241, -2.49026, 0.275537, 36
0.824355, -2.50581, 0.230788, 37
0.837958, -2.54716, 0.187505, 31
0.958688, -2.91415, 0.160776, 36
0.97441, -2.96194, 0.108886, 42
0.986104, -2.99748, 0.0550798, 40
0.953754, -2.89915, 0, 26
0.857442, -2.63424, 0.742293, 40
0.857717, -2.63509, 0.690929, 39
0.86735, -2.66468, 0.646959, 43
0.869502, -2.67129, 0.597122, 42
0.872595, -2.68079, 0.548003, 43
0.849818, -2.61082, 0.484131, 24
0.787494, -2.41935, 0.402975, 39
0.776065, -2.38423, 0.352386, 4
0.802427, -2.46522, 0.318323, 37
0.810181, -2.48904, 0.275119, 36
0.81771, -2.51218, 0.231137, 39
0.827479, -2.54219, 0.186947, 31
0.930981, -2.86017, 0.157636, 27
0.961386, -2.95358, 0.108468, 43
0.97668, -3.00057, 0.0550798, 38
0.942163, -2.89452, 0, 26
0.847979, -2.63324, 0.741258, 37
0.850626, -2.64146, 0.691897, 40
0.856587, -2.65997, 0.64516, 45
0.859908, -2.67028, 0.596291, 42
0.862967, -2.67978, 0.54724, 45
0.845236, -2.62472, 0.486215, 25
0.779891, -2.42181, 0.402975, 38
0.772215, -2.39797, 0.354056, 8
0.793463, -2.46395, 0.317835, 38
0.803578, -2.49536, 0.275537, 37
0.809816, -2.51473, 0.231137, 40
0.820714, -2.54857, 0.187226, 29
0.873016, -2.71099, 0.149262, 23
0.952105, -2.95659, 0.108468, 41
0.964799, -2.99601, 0.0549402, 37
0.931841, -2.89366, 0, 27
0.843219, -2.64694, 0.744364, 40
0.842321, -2.64412, 0.691897, 38
0.848224, -2.66265, 0.64516, 43
0.8527, -2.6767, 0.597122, 43
0.855734, -2.68622, 0.548003, 45
0.839375, -2.63487, 0.487604, 24
0.772278, -2.42425, 0.402975, 38
0.769485, -2.41548, 0.356283, 19
0.785717, -2.46643, 0.317835, 38
0.792111, -2.4865, 0.274283, 35
0.803119, -2.52106, 0.231486, 34
0.809068, -2.53973, 0.186389, 31
0.823269, -2.58431, 0.142144, 26
0.941596, -2.95575, 0.108328, 39
0.954166, -2.99521, 0.0548704, 39
0.923958, -2.90039, 0, 26
0.832579, -2.6422, 0.742293, 39
0.831679, -2.63935, 0.689961, 38
0.839857, -2.6653, 0.64516, 43
0.841937, -2.6719, 0.595459, 42
0.846112, -2.68515, 0.54724, 43
0.832279, -2.64125, 0.488299, 23
0.76466, -2.42666, 0.402975, 38
0.764276, -2.42544, 0.357397, 36
0.779159, -2.47268, 0.318323, 40
0.785492, -2.49277, 0.274701, 37
0.792802, -2.51597, 0.230788, 32
0.803485, -2.54988, 0.186947, 35
0.813947, -2.58308, 0.141935, 30
0.932308, -2.9587, 0.108328, 37
0.945956, -3.00201, 0.0549402, 38
0.910035, -2.88801, 0, 24
0.823122, -2.64112, 0.741258, 41
0.824537, -2.64566, 0.690929, 38
0.831478, -2.66793, 0.64516, 41
0.833537, -2.67454, 0.595459, 40
0.838839, -2.69155, 0.548003, 39
0.825148, -2.64762, 0.488993, 25
0.755855, -2.42528, 0.402349, 39
0.756651, -2.42783, 0.357397, 55
0.769023, -2.46753, 0.317348, 38
0.780023, -2.50283, 0.275537, 36
0.784892, -2.51845, 0.230788, 40
0.793094, -2.54477, 0.186389, 36
0.805827, -2.58562, 0.141935, 30
0.913491, -2.93108, 0.107211, 24
0.932948, -2.99351, 0.0547307, 36
0.897385, -2.8794, 0, 24
0.814821, -2.64369, 0.741258, 40
0.816221, -2.64823, 0.690929, 38
0.820796, -2.66308, 0.64336, 40
0.825131, -2.67714, 0.595459, 39
0.830379, -2.69417, 0.548003, 37
0.817986, -2.65396, 0.489688, 25
0.749396, -2.43142, 0.402975, 38
0.746686, -2.42263, 0.356283, 69
0.760098, -2.46614, 0.31686, 35
0.775671, -2.51667, 0.276791, 28
0.77815, -2.52471, 0.231137, 42
0.785096, -2.54725, 0.186389, 37
0.795347, -2.58051, 0.141516, 30
0.867777, -2.81551, 0.102884, 24
0.921183, -2.98878, 0.0545911, 36
0.885979, -2.87456, 0, 24
0.807638, -2.64993, 0.742293, 40
0.805634, -2.64336, 0.688994, 39
0.812426, -2.66564, 0.64336, 43
0.815575, -2.67598, 0.594627, 42
0.819622, -2.68925, 0.546477, 36
0.81309, -2.66782, 0.491772, 27
0.73945, -2.4262, 0.401724, 38
0.737917, -2.42117, 0.355726, 67
0.755819, -2.47991, 0.318323, 35
0.77356, -2.53812, 0.278882, 23
0.770214, -2.52714, 0.231137, 42
0.778253, -2.55352, 0.186668, 36
0.787236, -2.58299, 0.141516, 32
0.802987, -2.63467, 0.096183, 20
0.909457, -2.98401, 0.0544515, 34
0.873445, -2.86585, 0, 22
0.798194, -2.64876, 0.741258, 43
0.797326, -2.64588, 0.688994, 40
0.802923, -2.66445, 0.64246, 37
0.808294, -2.68227, 0.595459, 39
0.812302, -2.69557, 0.54724, 37
0.803568, -2.66659, 0.491077, 27
0.730684, -2.42473, 0.401098, 36
0.726878, -2.4121, 0.354056, 62
0.750315, -2.48987, 0.319298, 23
0.771321, -2.55958, 0.280973, 23
0.763421, -2.53337, 0.231486, 41
0.767924, -2.54831, 0.18611, 36
0.78027, -2.58928, 0.141726, 31
0.790092, -2.62187, 0.0956246, 31
0.89777, -2.9792, 0.0543119, 35
0.859821, -2.85326, 0, 23
0.788766, -2.64755, 0.740222, 41
0.786793, -2.64093, 0.687058, 39
0.796774, -2.67443, 0.64426, 40
0.798746, -2.68105, 0.594627, 39
0.802708, -2.69435, 0.546477, 37
0.795187, -2.6691, 0.491077, 27
0.721935, -2.42323, 0.400472, 36
0.719297, -2.41437, 0.354056, 61
0.753825, -2.53027, 0.324172, 18
0.770091, -2.58487, 0.283481, 24
0.754321, -2.53193, 0.231137, 36
0.758775, -2.54689, 0.185831, 37
0.770991, -2.58789, 0.141516, 30
0.779568, -2.61668, 0.0953454, 34
0.886123, -2.97433, 0.0541723, 30
0.846285, -2.84062, 0, 21
0.778261, -2.6426, 0.738152, 42
0.780686, -2.65083, 0.688994, 41
0.783964, -2.66197, 0.640661, 39
0.791425, -2.6873, 0.595459, 41
0.793131, -2.69309, 0.545714, 38
0.784572, -2.66403, 0.489688, 26
0.716551, -2.43306, 0.401724, 38
0.707232, -2.40142, 0.35183, 65
0.757088, -2.57071, 0.329047, 18
0.767586, -2.60635, 0.285572, 24
0.751991, -2.5534, 0.23288, 27
0.754152, -2.56074, 0.186668, 37
0.7606, -2.58263, 0.141098, 31
0.773603, -2.62678, 0.0956246, 33
0.871125, -2.95792, 0.0538232, 23
0.828316, -2.81256, 0, 20
0.772115, -2.65245, 0.740222, 42
0.771269, -2.64955, 0.688026, 41
0.776686, -2.66816, 0.64156, 38
0.781885, -2.68601, 0.594627, 39
0.784666, -2.69557, 0.545714, 39
0.775098, -2.6627, 0.488993, 25
0.705591, -2.42392, 0.399846, 42
0.700791, -2.40743, 0.352386, 65
0.757886, -2.60357, 0.332947, 19
0.764954, -2.62785, 0.287662, 24
0.746193, -2.5634, 0.233577, 26
0.742758, -2.5516, 0.185831, 37
0.753599, -2.58885, 0.141307, 29
0.763112, -2.62153, 0.0953454, 31
0.847296, -2.91072, 0.0529157, 20
0.81165, -2.78827, 0, 19
0.76271, -2.65115, 0.739187, 42
0.764015, -2.65569, 0.688994, 39
0.767223, -2.66684, 0.640661, 41
0.772361, -2.6847, 0.593796, 40
0.775108, -2.69425, 0.54495, 41
0.76564, -2.66133, 0.488299, 24
0.700157, -2.43372, 0.401098, 40
0.693225, -2.40962, 0.352386, 65
0.761777, -2.64791, 0.338309, 21
0.761094, -2.64553, 0.289335, 24
0.743645, -2.58488, 0.235321, 26
0.736945, -2.56159, 0.186389, 35
0.745462, -2.5912, 0.141307, 31
0.754873, -2.62391, 0.0953454, 32
0.776227, -2.69814, 0.0490064, 18
0.794039, -2.76005, 0, 19
0.753321, -2.64982, 0.738152, 42
0.754607, -2.65434, 0.688026, 41
0.759907, -2.67298, 0.64156, 38
0.763923, -2.68711, 0.593796, 38
0.767714, -2.70045, 0.545714, 40
0.757275, -2.66373, 0.488299, 21
0.692508, -2.43591, 0.401098, 39
0.684568, -2.40798, 0.35183, 61
0.76214, -2.68084, 0.342209, 22
0.760393, -2.6747, 0.292262, 25
0.739879, -2.60254, 0.236715, 25
0.728894, -2.56389, 0.186389, 35
0.737318, -2.59353, 0.141307, 29
0.745533, -2.62242, 0.0952058, 33
0.757904, -2.66594, 0.0483781, 28
0.77552, -2.7279, 0, 23
0.744993, -2.65217, 0.738152, 42
0.745214, -2.65296, 0.687058, 40
0.751506, -2.67536, 0.64156, 41
0.755477, -2.6895, 0.593796, 37
0.759226, -2.70284, 0.545714, 39
0.746772, -2.65851, 0.486909, 19
0.683784, -2.43427, 0.400472, 39
0.677, -2.41012, 0.35183, 55
0.764451, -2.72144, 0.347084, 27
0.75629, -2.69239, 0.293934, 25
0.73601, -2.62019, 0.238109, 25
0.721914, -2.57001, 0.186668, 31
0.729167, -2.59583, 0.141307, 33
0.73729, -2.62475, 0.0952058, 36
0.751688, -2.67601, 0.0485177, 29
0.762619, -2.71492, 0, 28
0.73769, -2.65822, 0.739187, 40
0.736876, -2.65529, 0.687058, 41
0.741013, -2.6702, 0.639761, 40
0.747024, -2.69186, 0.593796, 39
0.749682, -2.70143, 0.54495, 38
0.73315, -2.64186, 0.483437, 18
0.675076, -2.4326, 0.399846, 38
0.668366, -2.40842, 0.351273, 50
0.763329, -2.75061, 0.350496, 30
0.753147, -2.71392, 0.296025, 24
0.734168, -2.64553, 0.240201, 25
0.719172, -2.59149, 0.188063, 23
0.718872, -2.59041, 0.140888, 31
0.729041, -2.62706, 0.0952058, 36
0.741138, -2.67065, 0.0483781, 29
0.753017, -2.71345, 0, 30
0.727293, -2.65308, 0.737117, 40
0.727505, -2.65385, 0.686091, 40
0.733651, -2.67627, 0.640661, 42
0.737529, -2.69042, 0.592964, 38
0.740153, -2.69999, 0.544187, 38
0.720681, -2.62896, 0.480658, 18
0.667431, -2.43471, 0.399846, 34
0.661843, -2.41432, 0.35183, 46
0.756783, -2.76065, 0.351471, 34
0.751979, -2.74313, 0.298951, 26
0.731121, -2.66704, 0.241944, 26
0.714192, -2.60529, 0.188901, 24
0.711786, -2.59651, 0.141098, 31
0.719727, -2.62548, 0.0950662, 35
0.731687, -2.66911, 0.0483083, 27
0.745546, -2.71966, 0, 32
0.717944, -2.65162, 0.736081, 41
0.719164, -2.65612, 0.686091, 40
0.723202, -2.67104, 0.638861, 41
0.728051, -2.68895, 0.592133, 40
0.731667, -2.7023, 0.544187, 39
0.707271, -2.6122, 0.477185, 18
0.658746, -2.43298, 0.399221, 28
0.655291, -2.42022, 0.352386, 44
0.750182, -2.77068, 0.352446, 36
0.748556, -2.76468, 0.301042, 28
0.725863, -2.68086, 0.24299, 24
0.710175, -2.62292, 0.190017, 23
0.703626, -2.59873, 0.141098, 32
0.71252, -2.63158, 0.0952058, 34
0.722253, -2.66753, 0.0482384, 30
0.735953, -2.71813, 0, 35
0.709611, -2.65386, 0.736081, 39
0.711818, -2.66212, 0.687058, 41
0.715814, -2.67706, 0.639761, 41
0.7196, -2.69122, 0.592133, 40
0.725202, -2.71217, 0.545714, 41
0.696008, -2.60299, 0.475101, 17
0.650079, -2.43122, 0.398595, 20
0.64973, -2.42992, 0.3535, 50
0.743525, -2.78069, 0.353421, 38
0.743977, -2.78239, 0.302714, 30
0.723613, -2.70623, 0.245082, 25
0.707085, -2.64441, 0.191412, 23
0.697522, -2.60865, 0.141516, 31
0.703217, -2.62995, 0.0950662, 33
0.714902, -2.67365, 0.0483083, 32
0.726377, -2.71656, 0, 31
0.702256, -2.65981, 0.737117, 43
0.703451, -2.66434, 0.687058, 41
0.706405, -2.67553, 0.638861, 40
0.710143, -2.68968, 0.591301, 39
0.714674, -2.70684, 0.544187, 37
0.68481, -2.59374, 0.473018, 18
0.640421, -2.42561, 0.397344, 11
0.643104, -2.43577, 0.354056, 56
0.736812, -2.79069, 0.354396, 40
0.737263, -2.7924, 0.303551, 32
0.721211, -2.7316, 0.247174, 25
0.702848, -2.66206, 0.192528, 23
0.691362, -2.61855, 0.141935, 25
0.69393, -2.62828, 0.0949266, 34
0.705478, -2.67202, 0.0482384, 32
0.71886, -2.7227, 0, 32
0.692922, -2.65827, 0.736081, 42
0.695078, -2.66654, 0.687058, 41
0.697996, -2.67773, 0.638861, 41
0.702676, -2.69569, 0.592133, 38
0.705176, -2.70528, 0.543424, 38
0.672684, -2.58063, 0.470239, 16
0.627815, -2.40849, 0.394215, 3
0.635449, -2.43778, 0.354056, 56
0.729043, -2.79684, 0.354884, 42
0.731497, -2.80625, 0.304805, 35
0.717651, -2.75314, 0.248917, 25
0.700521, -2.68742, 0.194202, 22
0.686155, -2.63231, 0.142563, 23
0.687687, -2.63818, 0.0952058, 36
0.698089, -2.67809, 0.0483083, 38
0.707276, -2.71333, 0, 32
0.684567, -2.66043, 0.736081, 41
0.686697, -2.66871, 0.687058, 43
0.690552, -2.68369, 0.639761, 41
0.693229, -2.69409, 0.591301, 37
0.697652, -2.71128, 0.544187, 38
0.659665, -2.56365, 0.466766, 17
0.616307, -2.39515, 0.391712, 3
0.628775, -2.4436, 0.354613, 49
0.721242, -2.80296, 0.355371, 42
0.723669, -2.81239, 0.305223, 37
0.716942, -2.78625, 0.251706, 28
0.697046, -2.70893, 0.195597, 22
0.682859, -2.65379, 0.14361, 23
0.678399, -2.63646, 0.0950662, 34
0.689672, -2.68027, 0.0483083, 34
0.697752, -2.71167, 0, 28
0.675255, -2.65882, 0.735046, 42
0.675444, -2.65957, 0.684155, 38
0.681158, -2.68207, 0.638861, 42
0.683799, -2.69246, 0.590469, 38
0.687198, -2.70585, 0.542661, 36
0.648699, -2.55426, 0.464683, 16
0.599054, -2.35878, 0.385455, 4
0.62207, -2.44941, 0.35517, 39
0.712433, -2.80521, 0.355371, 42
0.715809, -2.81851, 0.305641, 33
0.714071, -2.81166, 0.253798, 29
0.693444, -2.73044, 0.196992, 21
0.679435, -2.67528, 0.144657, 22
0.672081, -2.64633, 0.0953454, 33
0.680264, -2.67855, 0.0482384, 33
0.690214, -2.71772, 0, 30
0.667838, -2.66468, 0.736081, 43
0.668029, -2.66544, 0.685123, 37
0.671781, -2.68041, 0.637961, 43
0.677239, -2.70219, 0.592133, 39
0.677739, -2.70418, 0.541898, 35
0.638756, -2.54864, 0.463293, 16
0.58972, -2.35299, 0.384203, 5
0.614372, -2.45135, 0.35517, 32
0.705547, -2.81514, 0.356346, 42
0.707918, -2.8246, 0.306059, 35
0.70814, -2.82549, 0.254843, 33
0.690683, -2.75583, 0.198666, 24
0.674912, -2.6929, 0.145494, 22
0.66668, -2.66006, 0.0957642, 30
0.672818, -2.68455, 0.0483083, 29
0.6807, -2.716, 0, 31
0.658536, -2.66301, 0.735046, 42
0.659652, -2.66753, 0.685123, 37
0.664293, -2.68629, 0.638861, 42
0.666868, -2.69671, 0.590469, 36
0.66924, -2.7063, 0.541898, 36
0.625072, -2.52769, 0.459126, 17
0.57948, -2.34332, 0.382326, 5
0.611422, -2.47249, 0.357953, 24
0.695746, -2.81349, 0.355858, 41
0.700951, -2.83453, 0.306896, 34
0.70213, -2.8393, 0.255889, 34
0.689685, -2.78897, 0.200899, 21
0.670284, -2.71052, 0.146331, 23
0.661198, -2.67378, 0.096183, 25
0.664381, -2.68665, 0.0483083, 31
0.671204, -2.71424, 0, 28
0.650166, -2.66507, 0.735046, 40
0.650348, -2.66581, 0.684155, 35
0.65585, -2.68837, 0.638861, 43
0.658393, -2.69879, 0.590469, 34
0.659804, -2.70458, 0.541134, 33
0.616195, -2.52582, 0.458431, 16
0.569306, -2.33362, 0.380449, 4
0.619611, -2.53982, 0.367417, 21
0.686904, -2.81566, 0.355858, 38
0.692043, -2.83672, 0.306896, 38
0.695096, -2.84924, 0.256587, 36
0.685648, -2.81051, 0.202294, 24
0.668392, -2.73978, 0.147797, 22
0.657533, -2.69526, 0.096881, 24
0.655937, -2.68872, 0.0483083, 32
0.66457, -2.72411, 0, 32
0.641791, -2.6671, 0.735046, 43
0.641062, -2.66407, 0.683187, 38
0.645578, -2.68284, 0.637061, 41
0.649911, -2.70084, 0.590469, 35
0.651305, -2.70663, 0.541134, 33
0.605492, -2.51625, 0.456347, 17
0.563821, -2.34308, 0.3817, 3
0.627383, -2.60722, 0.376881, 20
0.677126, -2.81394, 0.355371, 40
0.683127, -2.83888, 0.306896, 37
0.687073, -2.85528, 0.256935, 36
0.680549, -2.82817, 0.20341, 25
0.66352, -2.7574, 0.148634, 23
0.654673, -2.72063, 0.0977186, 23
0.648423, -2.69466, 0.0483781, 31
0.656944, -2.73007, 0, 32
0.634301, -2.67286, 0.736081, 43
0.633586, -2.66985, 0.684155, 40
0.638046, -2.68864, 0.637961, 40
0.641423, -2.70287, 0.590469, 34
0.643705, -2.71249, 0.541898, 31
0.594855, -2.50664, 0.454264, 17
0.558281, -2.35252, 0.382952, 4
0.633823, -2.67085, 0.385788, 21
0.668283, -2.81606, 0.355371, 40
0.675124, -2.84488, 0.307314, 38
0.6781, -2.85742, 0.256935, 39
0.679032, -2.86135, 0.205642, 27
0.66131, -2.78668, 0.1501, 23
0.649815, -2.73824, 0.098277, 23
0.639031, -2.69279, 0.0483083, 32
0.64744, -2.72823, 0, 34
0.62502, -2.67108, 0.735046, 42
0.624311, -2.66805, 0.683187, 38
0.629596, -2.69063, 0.637961, 41
0.632929, -2.70487, 0.590469, 32
0.632496, -2.70303, 0.539608, 29
0.585182, -2.50083, 0.452874, 17
0.548188, -2.34273, 0.381074, 4
0.635356, -2.71525, 0.391911, 22
0.659432, -2.81814, 0.355371, 41
0.665277, -2.84312, 0.306896, 37
0.671843, -2.87118, 0.257981, 41
0.670039, -2.86347, 0.205642, 31
0.658013, -2.81208, 0.151356, 23
0.647585, -2.76751, 0.0992542, 23
0.632391, -2.70257, 0.0484479, 29
0.640689, -2.73804, 0, 34
0.615757, -2.66926, 0.734011, 43
0.615926, -2.66999, 0.683187, 39
0.62114, -2.6926, 0.637961, 40
0.622669, -2.69922, 0.588806, 34
0.624884, -2.70883, 0.540371, 27
0.573781, -2.4873, 0.450096, 18
0.541713, -2.34829, 0.3817, 4
0.631275, -2.73653, 0.394695, 24
0.649683, -2.81633, 0.354884, 41
0.656342, -2.84519, 0.306896, 37
0.661924, -2.86939, 0.257632, 40
0.664628, -2.88111, 0.206758, 32
0.654563, -2.83748, 0.152612, 24
0.642482, -2.78511, 0.0998126, 23
0.626594, -2.71624, 0.0486573, 25
0.631185, -2.73614, 0, 31
0.606512, -2.66742, 0.732976, 43
0.607535, -2.67192, 0.683187, 41
0.611814, -2.69074, 0.637061, 41
0.615054, -2.70498, 0.589638, 36
0.6155, -2.70695, 0.539608, 28
0.564217, -2.48141, 0.448707, 17
0.535209, -2.35383, 0.382326, 4
0.62531, -2.75009, 0.396365, 26
0.640832, -2.81836, 0.354884, 43
0.646518, -2.84336, 0.306477, 40
0.65379, -2.87534, 0.257981, 40
0.656458, -2.88708, 0.207037, 32
0.653617, -2.87458, 0.154496, 26
0.639047, -2.81051, 0.10065, 23
0.620718, -2.72989, 0.0488667, 25
0.622586, -2.73811, 0, 32
0.598129, -2.66931, 0.732976, 42
0.599986, -2.6776, 0.684155, 41
0.603358, -2.69264, 0.637061, 39
0.607408, -2.71072, 0.590469, 35
0.606135, -2.70504, 0.538845, 31
0.552973, -2.46779, 0.445929, 18
0.530403, -2.36706, 0.384203, 5
0.617533, -2.7559, 0.396922, 28
0.631975, -2.82036, 0.354884, 41
0.637582, -2.84538, 0.306477, 39
0.644754, -2.87738, 0.257981, 40
0.650002, -2.90081, 0.207874, 32
0.64895, -2.89611, 0.155542, 27
0.634585, -2.832, 0.101348, 23
0.613887, -2.73964, 0.0490064, 25
0.613106, -2.73615, 0, 33
0.58974, -2.67118, 0.732976, 41
0.589061, -2.6681, 0.681252, 38
0.594896, -2.69453, 0.637061, 40
0.597202, -2.70497, 0.588806, 35
0.59848, -2.71076, 0.539608, 31
0.545218, -2.46952, 0.445929, 20
0.520409, -2.35715, 0.382326, 4
0.609726, -2.7617, 0.397478, 28
0.622256, -2.81845, 0.354396, 41
0.629498, -2.85125, 0.306896, 38
0.635711, -2.8794, 0.257981, 38
0.640026, -2.89894, 0.207595, 34
0.642432, -2.90984, 0.15617, 31
0.630856, -2.8574, 0.102186, 24
0.609589, -2.76108, 0.0493554, 24
0.604508, -2.73806, 0, 33
0.582167, -2.67679, 0.734011, 41
0.581501, -2.67373, 0.68222, 38
0.585599, -2.69257, 0.636162, 39
0.588701, -2.70684, 0.588806, 35
0.587458, -2.70112, 0.537318, 32
0.534946, -2.45967, 0.443845, 20
0.51636, -2.37421, 0.384829, 5
0.60273, -2.77134, 0.398592, 30
0.614242, -2.82427, 0.354884, 42
0.618846, -2.84544, 0.306059, 38
0.628356, -2.88917, 0.258678, 39
0.631763, -2.90483, 0.207874, 35
0.635834, -2.92355, 0.156799, 32
0.626124, -2.8789, 0.102884, 25
0.601762, -2.76689, 0.0494252, 25
0.595903, -2.73995, 0, 35
0.572945, -2.67483, 0.732976, 40
0.573911, -2.67934, 0.683187, 41
0.577138, -2.6944, 0.636162, 39
0.580195, -2.70867, 0.588806, 36
0.578147, -2.69911, 0.536555, 31
0.523915, -2.44593, 0.441066, 22
0.515518, -2.40673, 0.389835, 8
0.594021, -2.77322, 0.398592, 31
0.604535, -2.8223, 0.354396, 41
0.610737, -2.85126, 0.306477, 37
0.617607, -2.88333, 0.257981, 40
0.62347, -2.91071, 0.208153, 36
0.628319, -2.93334, 0.157217, 34
0.621263, -2.9004, 0.103582, 25
0.595579, -2.7805, 0.0496346, 25
0.587292, -2.74181, 0, 33
0.564539, -2.67661, 0.732976, 41
0.566292, -2.68493, 0.684155, 43
0.569474, -2.70001, 0.637061, 39
0.571682, -2.71048, 0.588806, 35
0.569664, -2.70091, 0.536555, 29
0.515416, -2.44371, 0.440372, 26
0.512031, -2.42766, 0.392963, 19
0.586941, -2.78283, 0.399705, 32
0.595665, -2.82419, 0.354396, 41
0.602598, -2.85706, 0.306896, 37
0.607723, -2.88136, 0.257632, 39
0.614323, -2.91265, 0.208153, 35
0.620749, -2.94312, 0.157636, 31
0.613798, -2.91016, 0.103861, 28
0.590142, -2.79801, 0.0499139, 25
0.578675, -2.74364, 0, 34
0.556127, -2.67838, 0.732976, 39
0.556276, -2.67909, 0.68222, 42
0.559404, -2.69416, 0.635262, 39
0.563164, -2.71226, 0.588806, 38
0.561176, -2.70269, 0.536555, 29
0.506134, -2.4376, 0.438983, 30
0.506009, -2.437, 0.394215, 36
0.57739, -2.78078, 0.399148, 34
0.585983, -2.82216, 0.353909, 41
0.592001, -2.85115, 0.306059, 37
0.598668, -2.88326, 0.257632, 38
0.605169, -2.91457, 0.208153, 34
0.6115, -2.94506, 0.157636, 32
0.60709, -2.92382, 0.10428, 30
0.582162, -2.80376, 0.0499837, 25
0.56924, -2.74153, 0, 35
0.546937, -2.67632, 0.73194, 38
0.54708, -2.67702, 0.681252, 40
0.551718, -2.69972, 0.636162, 37
0.554641, -2.71402, 0.588806, 36
0.552683, -2.70444, 0.536555, 29
0.497685, -2.43532, 0.438288, 33
0.49835, -2.43857, 0.394215, 56
0.568651, -2.78258, 0.399148, 34
0.577114, -2.82399, 0.353909, 42
0.583041, -2.85299, 0.306059, 38
0.589607, -2.88512, 0.257632, 38
0.596809, -2.92036, 0.208432, 35
0.602245, -2.94696, 0.157636, 32
0.600303, -2.93746, 0.104698, 33
0.574953, -2.81341, 0.0501233, 26
0.560624, -2.7433, 0, 34
0.539288, -2.68182, 0.732976, 42
0.540197, -2.68634, 0.683187, 42
0.544002, -2.70526, 0.637061, 39
0.544569, -2.70808, 0.587143, 36
0.541087, -2.69076, 0.533502, 27
0.490809, -2.44073, 0.438983, 36
0.489129, -2.43238, 0.392963, 72
0.560687, -2.78823, 0.399705, 35
0.568239, -2.82579, 0.353909, 42
0.573291, -2.85091, 0.305641, 37
0.58054, -2.88696, 0.257632, 40
0.586845, -2.91831, 0.208153, 34
0.594559, -2.95667, 0.158055, 35
0.593436, -2.95109, 0.105117, 33
0.567688, -2.82305, 0.0502629, 26
0.552792, -2.74897, 0, 32
0.53086, -2.6835, 0.732976, 40
0.532509, -2.69183, 0.684155, 43
0.533988, -2.69931, 0.635262, 38
0.536818, -2.71361, 0.587974, 38
0.531869, -2.6886, 0.532739, 27
0.481609, -2.43454, 0.437593, 36
0.481485, -2.43391, 0.392963, 73
0.552694, -2.79387, 0.400262, 34
0.559359, -2.82756, 0.353909, 42
0.565104, -2.8566, 0.306059, 37
0.571468, -2.88877, 0.257632, 39
0.577674, -2.92014, 0.208153, 35
0.585267, -2.95853, 0.158055, 35
0.584938, -2.95686, 0.105257, 33
0.559593, -2.82874, 0.0503327, 26
0.544153, -2.75069, 0, 31
0.523165, -2.68894, 0.734011, 40
0.523308, -2.68968, 0.683187, 42
0.525505, -2.70097, 0.635262, 39
0.52829, -2.71529, 0.587974, 40
0.521921, -2.68255, 0.531212, 26
0.474711, -2.4399, 0.438288, 35
0.473082, -2.43153, 0.392338, 69
0.543158, -2.7917, 0.399705, 36
0.550473, -2.8293, 0.353909, 41
0.556127, -2.85836, 0.306059, 39
0.560868, -2.88273, 0.256935, 37
0.568497, -2.92194, 0.208153, 36
0.576733, -2.96427, 0.158264, 34
0.576409, -2.96261, 0.105396, 35
0.551467, -2.83441, 0.0504025, 26
0.533981, -2.74454, 0, 31
0.513263, -2.68299, 0.73194, 40
0.514856, -2.69131, 0.683187, 43
0.517017, -2.70261, 0.635262, 43
0.519757, -2.71693, 0.587974, 40
0.51349, -2.68418, 0.531212, 23
0.466303, -2.43751, 0.437593, 36
0.463956, -2.42524, 0.391086, 64
0.534384, -2.79339, 0.399705, 37
0.540836, -2.82712, 0.353421, 42
0.547145, -2.8601, 0.306059, 39
0.553306, -2.8923, 0.257632, 38
0.559315, -2.92371, 0.208153, 35
0.567418, -2.96607, 0.158264, 34
0.56785, -2.96833, 0.105536, 35
0.544063, -2.84399, 0.0505422, 26
0.526859, -2.75406, 0, 32
0.50626, -2.69218, 0.734011, 41
0.505681, -2.6891, 0.68222, 46
0.508524, -2.70422, 0.635262, 42
0.511219, -2.71855, 0.587974, 41
0.50433, -2.68192, 0.530449, 22
0.458643, -2.43897, 0.437593, 40
0.455604, -2.4228, 0.39046, 63
0.52707, -2.80285, 0.400819, 37
0.532685, -2.8327, 0.353909, 41
0.538157, -2.8618, 0.306059, 40
0.54348, -2.89011, 0.257284, 41
0.549389, -2.92153, 0.207874, 36
0.558835, -2.97176, 0.158473, 34
0.558522, -2.9701, 0.105536, 35
0.535865, -2.84961, 0.050612, 26
0.515248, -2.73998, 0, 33
0.496395, -2.68616, 0.73194, 42
0.497936, -2.69449, 0.683187, 43
0.500026, -2.70581, 0.635262, 40
0.503387, -2.72399, 0.588806, 41
0.494475, -2.67577, 0.528923, 20
0.451695, -2.44427, 0.438288, 43
0.447273, -2.42034, 0.389835, 69
0.516823, -2.7967, 0.399705, 37
0.524505, -2.83827, 0.354396, 40
0.52844, -2.85956, 0.305641, 38
0.534398, -2.8918, 0.257284, 39
0.540208, -2.92325, 0.207874, 34
0.548044, -2.96565, 0.158055, 32
0.549915, -2.97577, 0.105676, 36
0.52691, -2.85128, 0.050612, 27
0.508818, -2.75338, 0, 36
0.487264, -2.6839, 0.730905, 43
0.488775, -2.69222, 0.68222, 44
0.491523, -2.70736, 0.635262, 40
0.49273, -2.71401, 0.586311, 42
0.484663, -2.66958, 0.527396, 20
0.442606, -2.43792, 0.436899, 40
0.439667, -2.42173, 0.389835, 70
0.508742, -2.8022, 0.400262, 38
0.514167, -2.83209, 0.353421, 42
0.520165, -2.86512, 0.306059, 39
0.525311, -2.89347, 0.257284, 40
0.532448, -2.93278, 0.208432, 33
0.538725, -2.96735, 0.158055, 33
0.540564, -2.97748, 0.105676, 36
0.518664, -2.85686, 0.0506818, 27
0.498736, -2.74709, 0, 34
0.479508, -2.68922, 0.73194, 43
0.479633, -2.68993, 0.681252, 42
0.482331, -2.70506, 0.634362, 43
0.485575, -2.72325, 0.587974, 45
0.472828, -2.65176, 0.52358, 20
0.434945, -2.4393, 0.436899, 31
0.431363, -2.41921, 0.389209, 69
0.500631, -2.80769, 0.400819, 40
0.505964, -2.8376, 0.353909, 39
0.509765, -2.85891, 0.305223, 38
0.516218, -2.8951, 0.257284, 40
0.52113, -2.92265, 0.207595, 34
0.528699, -2.9651, 0.157845, 34
0.531909, -2.9831, 0.105815, 37
0.509686, -2.85847, 0.0506818, 26
0.491508, -2.75652, 0, 32
0.469724, -2.6831, 0.72987, 41
0.472519, -2.69907, 0.683187, 44
0.473831, -2.70656, 0.634362, 40
0.476343, -2.72091, 0.587143, 44
0.463818, -2.64936, 0.522817, 19
0.427959, -2.44454, 0.437593, 28
0.424442, -2.42445, 0.389835, 64
0.491125, -2.80535, 0.400262, 39
0.496363, -2.83526, 0.353421, 42
0.500781, -2.8605, 0.305223, 39
0.50712, -2.89671, 0.257284, 40
0.511946, -2.92428, 0.207595, 33
0.519381, -2.96675, 0.157845, 33
0.522534, -2.98476, 0.105815, 36
0.501393, -2.864, 0.0507516, 26
0.480087, -2.74229, 0, 27
0.462602, -2.69218, 0.73194, 41
0.46338, -2.69671, 0.68222, 41
0.465986, -2.71188, 0.635262, 40
0.468455, -2.72625, 0.587974, 39
0.452168, -2.63146, 0.519, 19
0.41961, -2.44199, 0.436899, 29
0.415485, -2.41798, 0.388583, 59
0.48298, -2.81078, 0.400819, 40
0.488125, -2.84072, 0.353909, 41
0.491118, -2.85814, 0.304805, 39
0.497343, -2.89436, 0.256935, 38
0.503432, -2.9298, 0.207874, 35
0.510735, -2.9723, 0.158055, 34
0.513155, -2.98639, 0.105815, 37
0.491716, -2.86162, 0.0506818, 26
0.472824, -2.75167, 0, 28
0.453499, -2.68981, 0.730905, 41
0.454906, -2.69815, 0.68222, 44
0.456168, -2.70564, 0.633462, 40
0.459888, -2.7277, 0.587974, 38
0.44194, -2.62125, 0.516711, 19
0.411936, -2.44329, 0.436899, 25
0.408544, -2.42317, 0.389209, 52
0.473489, -2.80838, 0.400262, 38
0.478538, -2.83833, 0.353421, 42
0.483459, -2.86751, 0.305641, 40
0.48891, -2.89984, 0.257284, 39
0.493562, -2.92744, 0.207595, 34
0.501394, -2.97389, 0.158055, 33
0.503106, -2.98404, 0.105676, 35
0.482059, -2.85921, 0.050612, 26
0.465507, -2.76103, 0, 32
0.445047, -2.69122, 0.730905, 42
0.446427, -2.69957, 0.68222, 46
0.447666, -2.70706, 0.633462, 40
0.451316, -2.72914, 0.587974, 38
0.43114, -2.60713, 0.513658, 19
0.403616, -2.44069, 0.436204, 23
0.400929, -2.42444, 0.389209, 46
0.464664, -2.80985, 0.400262, 40
0.470267, -2.84373, 0.353909, 43
0.47315, -2.86117, 0.304805, 37
0.479797, -2.90136, 0.257284, 39
0.485014, -2.93291, 0.207874, 34
0.491397, -2.97151, 0.157845, 34
0.493729, -2.98561, 0.105676, 36
0.472421, -2.85676, 0.0505422, 25
0.455525, -2.75459, 0, 32
0.43659, -2.69261, 0.730905, 44
0.437944, -2.70096, 0.68222, 44
0.439783, -2.7123, 0.634362, 38
0.442114, -2.72668, 0.587143, 37
0.422319, -2.6046, 0.512895, 20
0.395946, -2.44195, 0.436204, 22
0.394575, -2.43349, 0.39046, 46
0.456468, -2.81521, 0.400819, 39
0.46006, -2.83736, 0.352934, 43
0.464796, -2.86657, 0.305223, 38
0.470042, -2.89892, 0.256935, 38
0.475798, -2.93442, 0.207874, 34
0.48206, -2.97304, 0.157845, 32
0.483707, -2.9832, 0.105536, 34
0.462804, -2.85428, 0.0504724, 25
0.446869, -2.75601, 0, 33
0.428735, -2.69778, 0.73194, 45
0.429456, -2.70232, 0.68222, 44
0.43126, -2.71367, 0.634362, 39
0.433546, -2.72805, 0.587143, 37
0.412286, -2.59428, 0.510605, 18
0.387654, -2.43929, 0.43551, 8
0.387548, -2.43862, 0.391086, 49
0.447622, -2.81663, 0.400819, 41
0.45239, -2.84663, 0.353909, 41
0.455164, -2.86408, 0.304805, 38
0.461558, -2.90432, 0.257284, 39
0.46595, -2.93196, 0.207595, 34
0.473344, -2.97848, 0.158055, 33
0.473705, -2.98075, 0.105396, 34
0.453207, -2.85177, 0.0504025, 25
0.438209, -2.7574, 0, 38
0.419069, -2.69148, 0.72987, 44
0.420367, -2.69982, 0.681252, 42
0.422732, -2.71501, 0.634362, 39
0.424973, -2.7294, 0.587143, 34
0.402925, -2.5878, 0.509078, 18
0.374535, -2.40546, 0.429258, 3
0.381101, -2.44763, 0.392338, 57
0.438161, -2.8141, 0.400262, 40
0.443445, -2.84804, 0.353909, 41
0.447388, -2.87336, 0.305641, 38
0.451819, -2.90182, 0.256935, 40
0.456737, -2.93341, 0.207595, 33
0.463985, -2.97996, 0.158055, 32
0.464338, -2.98223, 0.105396, 34
0.444246, -2.85318, 0.0504025, 25
0.428929, -2.75481, 0, 38
0.410611, -2.69278, 0.72987, 45
0.413639, -2.71264, 0.684155, 45
0.414201, -2.71633, 0.634362, 39
0.415217, -2.72299, 0.585479, 36
0.391242, -2.56576, 0.504499, 18
0.364007, -2.38716, 0.425785, 4
0.372814, -2.44491, 0.391712, 58
0.429915, -2.81938, 0.400819, 40
0.433897, -2.84549, 0.353421, 42
0.437759, -2.87082, 0.305223, 38
0.443301, -2.90716, 0.257284, 39
0.446918, -2.93088, 0.207316, 33
0.453416, -2.9735, 0.157636, 34
0.454365, -2.97972, 0.105257, 33
0.433472, -2.8427, 0.0501931, 25
0.419669, -2.75219, 0, 38
0.401579, -2.69024, 0.728834, 43
0.404542, -2.71009, 0.683187, 42
0.40509, -2.71376, 0.633462, 40
0.40666, -2.72428, 0.585479, 37
0.3826, -2.5631, 0.503736, 18
0.353598, -2.36881, 0.422312, 5
0.365714, -2.44998, 0.392338, 50
0.421056, -2.82072, 0.400819, 40
0.423783, -2.83899, 0.352446, 40
0.428738, -2.87218, 0.305223, 37
0.432989, -2.90066, 0.256587, 40
0.438297, -2.93622, 0.207595, 34
0.444073, -2.97491, 0.157636, 35
0.444411, -2.97718, 0.105117, 35
0.423948, -2.8401, 0.0501233, 24
0.411611, -2.75745, 0, 37
0.393684, -2.69531, 0.72987, 42
0.394904, -2.70366, 0.681252, 41
0.397125, -2.71887, 0.634362, 40
0.3981, -2.72554, 0.585479, 35
0.372844, -2.55263, 0.501446, 18
0.344446, -2.35821, 0.420229, 6
0.359158, -2.45893, 0.393589, 39
0.41162, -2.81811, 0.400262, 42
0.415436, -2.84423, 0.352934, 41
0.419138, -2.86958, 0.304805, 37
0.423298, -2.89806, 0.256238, 38
0.428494, -2.93363, 0.207316, 34
0.434724, -2.97629, 0.157636, 33
0.4339, -2.97065, 0.104838, 33
0.415024, -2.84141, 0.0501233, 25
0.402947, -2.75873, 0, 34
0.384122, -2.68889, 0.727799, 42
0.386957, -2.70873, 0.68222, 46
0.388582, -2.72011, 0.634362, 42
0.389535, -2.72678, 0.585479, 36
0.363712, -2.54602, 0.49992, 17
0.334808, -2.34368, 0.41745, 5
0.352548, -2.46787, 0.394841, 30
0.402765, -2.81939, 0.400262, 42
0.40706, -2.84946, 0.353421, 41
0.41012, -2.87088, 0.304805, 37
0.415318, -2.90727, 0.256935, 39
0.420404, -2.94286, 0.207874, 35
0.425937, -2.9816, 0.157845, 36
0.425131, -2.97596, 0.104978, 32
0.404398, -2.83083, 0.0499139, 25
0.394278, -2.75998, 0, 36
0.374604, -2.68243, 0.725729, 42
0.378445, -2.70994, 0.68222, 45
0.380035, -2.72132, 0.634362, 42
0.380967, -2.72799, 0.585479, 39
0.354625, -2.53937, 0.498393, 18
0.329623, -2.36033, 0.420229, 4
0.349165, -2.50027, 0.399846, 22
0.393905, -2.82064, 0.400262, 42
0.398655, -2.85465, 0.353909, 42
0.401099, -2.87215, 0.304805, 35
0.406183, -2.90856, 0.256935, 39
0.410053, -2.93627, 0.207316, 36
0.416015, -2.97896, 0.157636, 32
0.415227, -2.97332, 0.104838, 31
0.394397, -2.82416, 0.0497743, 24
0.386158, -2.76517, 0, 37
0.36513, -2.67593, 0.723658, 39
0.368356, -2.69958, 0.679317, 41
0.371483, -2.7225, 0.634362, 40
0.371866, -2.7253, 0.584648, 39
0.346115, -2.53658, 0.49763, 19
0.321141, -2.35355, 0.418839, 4
0.352525, -2.58356, 0.412987, 19
0.385042, -2.82186, 0.400262, 41
0.388075, -2.84409, 0.352446, 43
0.392612, -2.87734, 0.305223, 36
0.397044, -2.90982, 0.256935, 39
0.401366, -2.94149, 0.207595, 36
0.406115, -2.9763, 0.157427, 32
0.404262, -2.96272, 0.104419, 30
0.385523, -2.82538, 0.0497743, 25
0.376388, -2.75844, 0, 37
0.35519, -2.66558, 0.720552, 29
0.359873, -2.70072, 0.679317, 41
0.362414, -2.71979, 0.633462, 36
0.363302, -2.72645, 0.584648, 40
0.33607, -2.52209, 0.494577, 20
0.316347, -2.37407, 0.422312, 4
0.354844, -2.66297, 0.425502, 19
0.376698, -2.82698, 0.400819, 41
0.379662, -2.84923, 0.352934, 42
0.38252, -2.87067, 0.304387, 37
0.3879, -2.91105, 0.256935, 40
0.391596, -2.93878, 0.207316, 34
0.397818, -2.98548, 0.157845, 32
0.394425, -2.96002, 0.10428, 28
0.37506, -2.81469, 0.0495648, 24
0.36772, -2.75961, 0, 35
0.344323, -2.64752, 0.715376, 23
0.350386, -2.69414, 0.677381, 40
0.353868, -2.72091, 0.633462, 33
0.35423, -2.7237, 0.583816, 37
0.327132, -2.51534, 0.49305, 19
0.306347, -2.35552, 0.418839, 5
0.353609, -2.71892, 0.434262, 21
0.367304, -2.82423, 0.400262, 40
0.371221, -2.85435, 0.353421, 41
0.375039, -2.8837, 0.305641, 39
0.378239, -2.9083, 0.256587, 40
0.382876, -2.94396, 0.207595, 36
0.387921, -2.98275, 0.157636, 30
0.384608, -2.95728, 0.10414, 27
0.365699, -2.81189, 0.049495, 24
0.359049, -2.76075, 0, 32
0.331628, -2.61409, 0.706058, 16
0.340455, -2.68368, 0.674478, 38
0.345808, -2.72588, 0.634362, 37
0.344687, -2.71704, 0.582153, 36
0.31824, -2.50857, 0.491524, 19
0.299441, -2.36038, 0.419534, 5
0.347552, -2.73962, 0.437391, 22
0.358928, -2.8293, 0.400819, 40
0.361753, -2.85156, 0.352934, 41
0.365477, -2.88091, 0.305223, 37
0.3691, -2.90948, 0.256587, 38
0.372621, -2.93723, 0.207037, 35
0.378549, -2.98396, 0.157636, 30
0.373806, -2.94657, 0.103721, 26
0.356361, -2.80905, 0.0494252, 24
0.350374, -2.76186, 0, 33
0.318671, -2.57678, 0.695706, 16
0.331546, -2.68088, 0.673511, 37
0.335808, -2.71535, 0.631663, 36
0.33615, -2.71811, 0.582153, 37
0.30843, -2.49397, 0.488471, 17
0.29154, -2.3574, 0.418839, 4
0.340398, -2.75246, 0.439268, 23
0.349552, -2.82648, 0.400262, 41
0.352792, -2.85268, 0.352934, 41
0.356424, -2.88205, 0.305223, 37
0.360447, -2.91458, 0.256935, 38
0.364861, -2.95027, 0.207874, 35
0.368682, -2.98117, 0.157427, 30
0.365038, -2.9517, 0.103861, 24
0.346061, -2.79825, 0.0492158, 25
0.341695, -2.76295, 0, 34
0.304566, -2.5279, 0.682247, 16
0.322658, -2.67805, 0.672543, 33
0.32681, -2.71252, 0.630763, 36
0.327141, -2.71526, 0.581321, 35
0.299184, -2.48323, 0.486181, 19
0.284604, -2.36221, 0.419534, 4
0.333167, -2.76528, 0.441145, 24
0.341144, -2.8315, 0.400819, 41
0.343354, -2.84983, 0.352446, 44
0.347368, -2.88315, 0.305223, 38
0.350812, -2.91174, 0.256587, 37
0.355113, -2.94744, 0.207595, 34
0.359793, -2.98628, 0.157636, 33
0.354329, -2.94093, 0.103442, 25
0.337269, -2.79933, 0.0492158, 24
0.333014, -2.76401, 0, 35
0.292572, -2.49431, 0.672929, 18
0.312434, -2.66364, 0.668672, 28
0.317832, -2.70966, 0.629863, 37
0.318153, -2.71239, 0.580489, 34
0.288637, -2.46076, 0.481602, 19
0.278558, -2.37483, 0.421618, 4
0.325859, -2.77809, 0.443022, 26
0.331324, -2.82468, 0.399705, 42
0.335787, -2.86273, 0.353909, 45
0.337845, -2.88028, 0.304805, 38
0.341663, -2.91283, 0.256587, 37
0.345852, -2.94854, 0.207595, 34
0.349944, -2.98342, 0.157427, 33
0.346019, -2.94997, 0.103721, 25
0.327075, -2.78846, 0.0490064, 24
0.324795, -2.76902, 0, 35
0.28123, -2.4645, 0.664647, 19
0.300544, -2.63376, 0.660931, 18
0.308876, -2.70677, 0.628963, 39
0.308299, -2.70172, 0.577994, 29
0.280015, -2.45385, 0.480075, 23
0.273329, -2.39526, 0.425091, 4
0.316682, -2.77517, 0.442397, 27
0.322449, -2.82571, 0.399705, 42
0.325891, -2.85588, 0.352934, 43
0.328795, -2.88133, 0.304805, 37
0.332059, -2.90993, 0.256238, 37
0.336135, -2.94564, 0.207316, 34
0.341022, -2.98848, 0.157636, 34
0.334937, -2.93515, 0.103163, 25
0.318313, -2.78947, 0.0490064, 24
0.316094, -2.77002, 0, 35
0.270505, -2.43849, 0.6574, 23
0.287561, -2.59225, 0.650286, 16
0.299942, -2.70386, 0.628063, 38
0.298085, -2.68712, 0.574668, 24
0.271871, -2.45081, 0.479312, 30
0.269278, -2.42743, 0.430647, 6
0.308397, -2.78008, 0.443022, 31
0.314007, -2.83065, 0.400262, 41
0.31648, -2.85294, 0.352446, 43
0.319742, -2.88235, 0.304805, 38
0.323355, -2.91492, 0.256587, 37
0.327319, -2.95065, 0.207595, 36
0.332073, -2.9935, 0.157845, 35
0.325274, -2.93222, 0.103023, 25
0.308666, -2.78251, 0.0488667, 24
0.307831, -2.77498, 0, 33
0.260359, -2.41628, 0.651189, 26
0.274427, -2.54684, 0.638674, 18
0.290193, -2.69316, 0.625364, 29
0.287965, -2.67248, 0.571341, 20
0.26375, -2.44775, 0.478549, 33
0.264182, -2.45177, 0.434815, 14
0.300508, -2.78889, 0.444274, 31
0.304688, -2.82768, 0.399705, 42
0.307941, -2.85787, 0.352934, 42
0.310685, -2.88334, 0.304805, 39
0.314196, -2.91592, 0.256587, 37
0.31762, -2.9477, 0.207316, 36
0.321811, -2.98659, 0.157427, 37
0.315632, -2.92925, 0.102884, 25
0.299495, -2.77949, 0.0487969, 25
0.298683, -2.77195, 0, 34
0.251561, -2.40556, 0.648083, 35
0.262791, -2.51295, 0.629965, 19
0.280515, -2.68243, 0.622665, 22
0.275905, -2.63835, 0.563856, 19
0.25565, -2.44466, 0.477786, 36
0.256888, -2.4565, 0.43551, 24
0.290923, -2.78196, 0.443022, 31
0.296215, -2.83256, 0.400262, 40
0.299374, -2.86277, 0.353421, 45
0.301625, -2.8843, 0.304805, 40
0.305034, -2.91689, 0.256587, 37
0.308358, -2.94868, 0.207316, 35
0.312426, -2.98759, 0.157427, 36
0.305596, -2.92227, 0.102605, 26
0.289929, -2.77246, 0.0486573, 25
0.289974, -2.77288, 0, 33
0.243613, -2.40249, 0.647048, 37
0.252154, -2.48673, 0.623191, 21
0.268154, -2.64452, 0.613666, 17
0.265642, -2.61974, 0.559698, 17
0.247573, -2.44155, 0.477022, 36
0.24917, -2.4573, 0.43551, 37
0.283378, -2.79466, 0.4449, 32
0.286915, -2.82954, 0.399705, 41
0.290379, -2.8637, 0.353421, 41
0.292562, -2.88523, 0.304805, 39
0.295868, -2.91783, 0.256587, 38
0.299495, -2.95361, 0.207595, 35
0.303442, -2.99253, 0.157636, 35
0.296011, -2.91924, 0.102465, 26
0.280815, -2.76938, 0.0485875, 25
0.280454, -2.76582, 0, 33
0.236064, -2.40325, 0.647048, 36
0.241306, -2.45661, 0.615449, 23
0.256797, -2.61432, 0.606468, 15
0.253585, -2.58162, 0.551382, 16
0.240669, -2.45013, 0.478549, 35
0.242219, -2.46591, 0.436899, 44
0.274597, -2.79553, 0.4449, 32
0.278412, -2.83437, 0.400262, 40
0.280993, -2.86065, 0.352934, 43
0.283497, -2.88614, 0.304805, 39
0.2867, -2.91875, 0.256587, 41
0.289435, -2.94659, 0.207037, 34
0.293649, -2.98949, 0.157427, 36
0.286057, -2.9122, 0.102186, 26
0.271722, -2.76626, 0.0485177, 24
0.272545, -2.77465, 0, 32
0.228147, -2.40013, 0.646012, 38
0.231016, -2.43031, 0.608676, 23
0.244526, -2.57243, 0.59657, 17
0.242512, -2.55125, 0.544729, 16
0.232227, -2.44306, 0.477022, 36
0.234098, -2.46274, 0.436204, 45
0.265813, -2.79638, 0.4449, 33
0.269506, -2.83523, 0.400262, 40
0.27238, -2.86547, 0.353421, 43
0.274428, -2.88701, 0.304805, 40
0.277529, -2.91964, 0.256587, 39
0.280932, -2.95543, 0.207595, 35
0.284256, -2.9904, 0.157427, 38
0.276528, -2.90911, 0.102046, 26
0.262273, -2.75914, 0.0483781, 25
0.263827, -2.77549, 0, 34
0.22054, -2.40472, 0.647048, 36
0.221537, -2.4156, 0.604805, 35
0.23279, -2.5383, 0.588472, 16
0.231549, -2.52476, 0.538907, 18
0.224483, -2.44772, 0.477786, 39
0.22593, -2.4635, 0.436204, 44
0.256539, -2.79725, 0.4449, 32
0.260826, -2.844, 0.401375, 40
0.262877, -2.86635, 0.353421, 41
0.265216, -2.89187, 0.305223, 40
0.26821, -2.92451, 0.256935, 40
0.270765, -2.95237, 0.207316, 34
0.274702, -2.9953, 0.157636, 36
0.26615, -2.90204, 0.101767, 25
0.253122, -2.75999, 0.0483781, 26
0.254622, -2.77635, 0, 34
0.213666, -2.4131, 0.649118, 36
0.213948, -2.41629, 0.604805, 40
0.221721, -2.50408, 0.580374, 15
0.220165, -2.4865, 0.530591, 19
0.217139, -2.45233, 0.478549, 42
0.218537, -2.46812, 0.436899, 44
0.248098, -2.80197, 0.445525, 32
0.251541, -2.84086, 0.400819, 40
0.25387, -2.86717, 0.353421, 42
0.25613, -2.89269, 0.305223, 39
0.259021, -2.92534, 0.256935, 39
0.261489, -2.95321, 0.207316, 35
0.264586, -2.98819, 0.157217, 35
0.257031, -2.90287, 0.101767, 25
0.243745, -2.75281, 0.0482384, 26
0.245899, -2.77713, 0, 34
0.205426, -2.40606, 0.647048, 35
0.206686, -2.42081, 0.605772, 38
0.210538, -2.46593, 0.571376, 18
0.209024, -2.4482, 0.522274, 21
0.209433, -2.453, 0.478549, 41
0.210782, -2.46879, 0.436899, 42
0.23963, -2.80668, 0.446151, 32
0.242615, -2.84163, 0.400819, 40
0.244862, -2.86795, 0.353421, 41
0.247379, -2.89744, 0.305641, 39
0.24949, -2.92217, 0.256587, 41
0.252888, -2.96196, 0.207874, 35
0.255537, -2.99299, 0.157427, 38
0.24689, -2.89171, 0.101348, 25
0.234755, -2.74958, 0.0481686, 27
0.236832, -2.77391, 0, 34
0.198499, -2.4144, 0.649118, 36
0.198443, -2.41371, 0.603837, 36
0.200873, -2.44327, 0.565977, 23
0.20069, -2.44105, 0.520611, 35
0.201726, -2.45364, 0.478549, 40
0.202703, -2.46552, 0.436204, 44
0.230488, -2.80348, 0.445525, 33
0.233686, -2.84238, 0.400819, 40
0.236176, -2.87266, 0.353909, 39
0.23795, -2.89424, 0.305223, 39
0.240636, -2.92691, 0.256935, 38
0.243255, -2.95877, 0.207595, 35
0.245806, -2.9898, 0.157217, 33
0.237477, -2.88849, 0.101209, 25
0.226116, -2.7503, 0.0481686, 29
0.228772, -2.78261, 0, 33
0.190609, -2.41116, 0.648083, 37
0.191165, -2.4182, 0.604805, 36
0.192275, -2.43223, 0.563277, 37
0.193021, -2.44166, 0.520611, 40
0.193707, -2.45035, 0.477786, 41
0.195577, -2.474, 0.437593, 40
0.221991, -2.80813, 0.446151, 33
0.224443, -2.83915, 0.400262, 41
0.226837, -2.86943, 0.353421, 40
0.22917, -2.89894, 0.305641, 39
0.231125, -2.92368, 0.256587, 40
0.234273, -2.9635, 0.207874, 33
0.236097, -2.98657, 0.157008, 34
0.228086, -2.88523, 0.101069, 26
0.217474, -2.751, 0.0481686, 29
0.219399, -2.77534, 0, 35
0.183033, -2.41174, 0.648083, 37
0.183274, -2.41491, 0.603837, 37
0.184633, -2.43283, 0.563277, 39
0.185053, -2.43836, 0.519779, 42
0.186008, -2.45095, 0.477786, 36
0.187804, -2.4746, 0.437593, 38
0.212869, -2.80487, 0.445525, 33
0.215823, -2.84379, 0.400819, 40
0.218122, -2.87409, 0.353909, 42
0.219459, -2.89171, 0.304805, 39
0.222241, -2.92836, 0.256935, 40
0.224358, -2.95626, 0.207316, 35
0.227016, -2.99128, 0.157217, 34
0.218113, -2.87398, 0.10065, 25
0.208528, -2.74768, 0.0480988, 30
0.211587, -2.78798, 0, 33
0.175175, -2.40845, 0.647048, 40
0.175968, -2.41935, 0.604805, 36
0.176424, -2.42562, 0.561478, 43
0.177676, -2.44283, 0.520611, 39
0.178308, -2.45152, 0.477786, 39
0.180028, -2.47518, 0.437593, 35
0.203769, -2.80158, 0.4449, 33
0.206888, -2.84446, 0.400819, 40
0.209091, -2.87476, 0.353909, 43
0.210662, -2.89635, 0.305223, 40
0.21304, -2.92904, 0.256935, 41
0.215359, -2.96093, 0.207595, 34
0.217328, -2.988, 0.157008, 35
0.209083, -2.87465, 0.10065, 25
0.199605, -2.74433, 0.048029, 32
0.202247, -2.78065, 0, 33
0.168566, -2.41667, 0.649118, 42
0.168519, -2.41599, 0.603837, 37
0.169497, -2.43002, 0.562378, 43
0.169882, -2.43554, 0.518948, 42
0.171306, -2.45595, 0.478549, 36
0.172684, -2.4757, 0.437593, 33
0.195181, -2.79824, 0.444274, 34
0.198723, -2.84901, 0.401375, 40
0.200561, -2.87537, 0.353909, 41
0.202344, -2.90093, 0.305641, 39
0.204348, -2.92966, 0.256935, 40
0.206573, -2.96156, 0.207595, 35
0.208461, -2.98863, 0.157008, 33
0.199997, -2.86728, 0.100371, 26
0.191183, -2.74092, 0.0479592, 33
0.193996, -2.78124, 0, 33
0.160716, -2.41333, 0.648083, 38
0.161186, -2.42038, 0.604805, 35
0.161603, -2.42665, 0.561478, 44
0.16249, -2.43996, 0.519779, 43
0.163329, -2.45256, 0.477786, 37
0.164643, -2.4723, 0.436899, 32
0.186652, -2.80278, 0.4449, 34
0.189508, -2.84567, 0.400819, 41
0.191263, -2.87202, 0.353421, 43
0.192965, -2.89759, 0.305223, 39
0.195143, -2.93029, 0.256935, 41
0.197533, -2.96617, 0.207874, 34
0.198806, -2.98528, 0.156799, 36
0.190988, -2.8679, 0.100371, 26
0.182571, -2.74151, 0.0479592, 34
0.185257, -2.78184, 0, 34
0.152889, -2.40997, 0.647048, 42
0.153581, -2.42087, 0.604805, 34
0.154226, -2.43104, 0.562378, 41
0.154824, -2.44046, 0.519779, 45
0.155623, -2.45306, 0.477786, 31
0.157125, -2.47674, 0.437593, 32
0.176845, -2.78758, 0.442397, 31
0.180567, -2.84625, 0.400819, 42
0.182239, -2.87261, 0.353421, 42
0.184113, -2.90215, 0.305641, 39
0.186189, -2.93487, 0.257284, 40
0.188466, -2.97076, 0.208153, 34
0.189426, -2.98589, 0.156799, 35
0.181471, -2.8605, 0.100092, 26
0.174211, -2.74606, 0.048029, 35
0.176264, -2.77841, 0, 34
0.146015, -2.42201, 0.650153, 41
0.145975, -2.42134, 0.604805, 37
0.146353, -2.42762, 0.561478, 41
0.147156, -2.44094, 0.519779, 45
0.14768, -2.44962, 0.477022, 22
0.14958, -2.48115, 0.438288, 36
0.167849, -2.78418, 0.441771, 28
0.171386, -2.84285, 0.400262, 41
0.173214, -2.87317, 0.353421, 42
0.174995, -2.90271, 0.305641, 38
0.177208, -2.93941, 0.257632, 41
0.178892, -2.96735, 0.207874, 34
0.180045, -2.98647, 0.156799, 37
0.172484, -2.86106, 0.100092, 27
0.165102, -2.73861, 0.0478894, 36
0.168016, -2.78694, 0, 36
0.138185, -2.4186, 0.649118, 38
0.138589, -2.42566, 0.605772, 37
0.139171, -2.43585, 0.563277, 38
0.13971, -2.44529, 0.520611, 44
0.139983, -2.45007, 0.477022, 10
0.14156, -2.47767, 0.437593, 31
0.158425, -2.77286, 0.439894, 22
0.162454, -2.84337, 0.400262, 39
0.164413, -2.87766, 0.353909, 43
0.165875, -2.90325, 0.305641, 38
0.167745, -2.93598, 0.257284, 42
0.169797, -2.97188, 0.208153, 35
0.170434, -2.98303, 0.156589, 34
0.162811, -2.84961, 0.099673, 27
0.157182, -2.75109, 0.0480988, 37
0.159031, -2.78346, 0, 38
0.131211, -2.43059, 0.652224, 34
0.130968, -2.42609, 0.605772, 40
0.131097, -2.42849, 0.561478, 36
0.132027, -2.44572, 0.520611, 41
0.131015, -2.42698, 0.472443, 3
0.1342, -2.48597, 0.438983, 34
0.148861, -2.75756, 0.437391, 17
0.153094, -2.83596, 0.399148, 38
0.155372, -2.87816, 0.353909, 42
0.156968, -2.90773, 0.306059, 37
0.158306, -2.93251, 0.256935, 40
0.160029, -2.96443, 0.207595, 36
0.160631, -2.97558, 0.15617, 33
0.153858, -2.85011, 0.099673, 25
0.148323, -2.74758, 0.048029, 39
0.150286, -2.78395, 0, 38
0.124751, -2.45415, 0.658436, 26
0.123148, -2.42261, 0.604805, 39
0.123665, -2.43278, 0.562378, 33
0.124343, -2.44612, 0.520611, 41
0.122194, -2.40385, 0.467864, 4
0.12639, -2.48638, 0.438983, 46
0.13759, -2.70672, 0.429256, 14
0.144184, -2.83643, 0.399148, 38
0.146329, -2.87864, 0.353909, 42
0.147832, -2.90821, 0.306059, 39
0.149497, -2.94095, 0.257632, 41
0.15112, -2.97289, 0.208153, 35
0.151485, -2.98006, 0.15638, 34
0.144497, -2.84259, 0.0993938, 26
0.139081, -2.73605, 0.0478196, 38
0.141945, -2.79239, 0, 35
0.122745, -2.57417, 0.690529, 24
0.115722, -2.42686, 0.605772, 40
0.116022, -2.43316, 0.562378, 37
0.116658, -2.4465, 0.520611, 41
0.113894, -2.38853, 0.464811, 5
0.118203, -2.4789, 0.437593, 23
0.127204, -2.66768, 0.422999, 14
0.134895, -2.82895, 0.398035, 37
0.137285, -2.87908, 0.353909, 43
0.138695, -2.90866, 0.306059, 38
0.140257, -2.94141, 0.257632, 40
0.14159, -2.96937, 0.207874, 34
0.141741, -2.97254, 0.155961, 35
0.135376, -2.83904, 0.0992542, 25
0.131056, -2.74846, 0.048029, 38
0.132981, -2.78883, 0, 33
0.11758, -2.64016, 0.708129, 25
0.108097, -2.42721, 0.605772, 38
0.108551, -2.43741, 0.563277, 36
0.108797, -2.44295, 0.519779, 34
0.105691, -2.37319, 0.461758, 6
0.110415, -2.47926, 0.437593, 27
0.116538, -2.61676, 0.414864, 14
0.12583, -2.82541, 0.397478, 33
0.127886, -2.87157, 0.352934, 41
0.129557, -2.90908, 0.306059, 37
0.130838, -2.93785, 0.257284, 41
0.132261, -2.9698, 0.207874, 34
0.13258, -2.97696, 0.15617, 33
0.1261, -2.83147, 0.098975, 25
0.122421, -2.74886, 0.048029, 37
0.124219, -2.78924, 0, 33
0.111043, -2.68298, 0.719517, 26
0.100952, -2.43918, 0.608676, 32
0.100893, -2.43774, 0.563277, 37
0.101284, -2.44719, 0.520611, 35
0.0980721, -2.36958, 0.460995, 5
0.102625, -2.47959, 0.437593, 37
0.106683, -2.57764, 0.408607, 14
0.116298, -2.80996, 0.395252, 27
0.118864, -2.87195, 0.352934, 41
0.120417, -2.90947, 0.306059, 38
0.121608, -2.93825, 0.257284, 39
0.12326, -2.97817, 0.208432, 34
0.123227, -2.97736, 0.15617, 33
0.117039, -2.82785, 0.0988354, 25
0.113785, -2.74923, 0.048029, 35
0.115622, -2.79361, 0, 35
0.103499, -2.70648, 0.725729, 34
0.0953654, -2.49378, 0.622223, 20
0.0932339, -2.43804, 0.563277, 38
0.0935954, -2.44749, 0.520611, 36
0.0904773, -2.36596, 0.460231, 4
0.0948348, -2.4799, 0.437593, 38
0.0967729, -2.53058, 0.401098, 16
0.106562, -2.78656, 0.391911, 21
0.109689, -2.86835, 0.352446, 41
0.111276, -2.90983, 0.306059, 37
0.112681, -2.94658, 0.257981, 39
0.113751, -2.97456, 0.208153, 33
0.113873, -2.97773, 0.15617, 32
0.108307, -2.8322, 0.098975, 25
0.104994, -2.74557, 0.0479592, 35
0.106998, -2.79795, 0, 28
0.0954027, -2.71837, 0.728834, 37
0.0916143, -2.61043, 0.651254, 26
0.0855742, -2.43832, 0.563277, 42
0.0861804, -2.4556, 0.522274, 38
0.0831817, -2.37015, 0.460995, 4
0.0870435, -2.48019, 0.437593, 39
0.0877138, -2.49929, 0.396092, 23
0.0965566, -2.75125, 0.386901, 18
0.10026, -2.85677, 0.350984, 39
0.101855, -2.90222, 0.305223, 39
0.103144, -2.93896, 0.257284, 37
0.104266, -2.97091, 0.207874, 33
0.104237, -2.97009, 0.155752, 33
0.0991286, -2.82454, 0.0986958, 26
0.0963685, -2.74589, 0.0479592, 34
0.100873, -2.87423, 0, 27
0.0872324, -2.73024, 0.73194, 39
0.0852721, -2.66889, 0.665769, 25
0.078038, -2.44247, 0.564177, 44
0.0784655, -2.45585, 0.522274, 37
0.0758606, -2.37433, 0.461758, 4
0.0792513, -2.48045, 0.437593, 42
0.080114, -2.50745, 0.397344, 31
0.0865214, -2.70799, 0.380778, 18
0.0910311, -2.84914, 0.350009, 34
0.0928638, -2.9065, 0.305641, 39
0.0939107, -2.93927, 0.257284, 37
0.0950592, -2.97521, 0.208153, 33
0.0947781, -2.96641, 0.155542, 31
0.0899993, -2.81684, 0.0984166, 26
0.0877415, -2.74618, 0.0479592, 38
0.0966964, -3.02646, 0, 30
0.0787659, -2.73437, 0.732976, 42
0.0782282, -2.7157, 0.677381, 30
0.0703644, -2.44271, 0.564177, 38
0.0707498, -2.45609, 0.522274, 39
0.0684011, -2.37455, 0.461758, 5
0.0714584, -2.48069, 0.437593, 45
0.0721224, -2.50374, 0.396718, 35
0.0769871, -2.67262, 0.375767, 19
0.0818512, -2.84147, 0.349034, 27
0.0836178, -2.9028, 0.305223, 38
0.0846763, -2.93955, 0.257284, 41
0.0858267, -2.97949, 0.208432, 34
0.0853433, -2.9627, 0.155333, 29
0.0811495, -2.81711, 0.0984166, 26
0.0789986, -2.74244, 0.0478894, 38
0.0899523, -3.1227, 0, 32
0.0702744, -2.73846, 0.734011, 42
0.0698954, -2.72369, 0.679317, 34
0.06279, -2.44681, 0.565077, 33
0.0629331, -2.45239, 0.521442, 43
0.0609409, -2.37476, 0.461758, 5
0.0636647, -2.4809, 0.437593, 44
0.0642564, -2.50395, 0.396718, 36
0.0678791, -2.64513, 0.371871, 20
0.0722111, -2.81393, 0.345621, 21
0.0744979, -2.90305, 0.305223, 35
0.075441, -2.9398, 0.257284, 40
0.0763636, -2.97575, 0.208153, 33
0.0760353, -2.96296, 0.155333, 29
0.0721963, -2.81336, 0.098277, 27
0.0705878, -2.75068, 0.048029, 40
0.0805521, -3.13897, 0, 34
0.0617579, -2.74253, 0.735046, 41
0.061513, -2.73166, 0.681252, 35
0.0551906, -2.45089, 0.565977, 30
0.0553165, -2.45648, 0.522274, 45
0.0535685, -2.37886, 0.462521, 4
0.0560478, -2.48896, 0.438983, 41
0.0563897, -2.50414, 0.396718, 36
0.0587663, -2.60968, 0.36686, 20
0.0625661, -2.77842, 0.341234, 17
0.0650192, -2.88736, 0.303551, 35
0.0662947, -2.94401, 0.257632, 39
0.0671045, -2.97997, 0.208432, 33
0.0667266, -2.96318, 0.155333, 28
0.0632676, -2.80957, 0.0981374, 25
0.0618559, -2.74689, 0.0479592, 40
0.0707804, -3.1432, 0, 34
0.0531417, -2.74271, 0.735046, 41
0.0530062, -2.73572, 0.68222, 36
0.0480191, -2.47833, 0.572275, 16
0.0475989, -2.45665, 0.522274, 46
0.0461709, -2.38294, 0.463284, 4
0.0482283, -2.48913, 0.438983, 40
0.0486755, -2.51221, 0.397969, 41
0.0498002, -2.57025, 0.361293, 22
0.0529142, -2.73097, 0.335384, 18
0.0558709, -2.88357, 0.303133, 31
0.0569684, -2.94022, 0.257284, 38
0.0576651, -2.97617, 0.208153, 34
0.0572624, -2.95539, 0.154914, 27
0.0542858, -2.80177, 0.0978582, 25
0.0534584, -2.75906, 0.0481686, 38
0.0611379, -3.15541, 0, 38
0.0439842, -2.73901, 0.734011, 42
0.0441209, -2.74752, 0.685123, 37
0.0406139, -2.52914, 0.583973, 13
0.039515, -2.4607, 0.523106, 45
0.0383946, -2.39094, 0.464811, 4
0.0399105, -2.48533, 0.438288, 39
0.0403444, -2.51236, 0.397969, 38
0.040895, -2.54664, 0.357953, 24
0.0431565, -2.68747, 0.330022, 19
0.0460528, -2.86783, 0.30146, 26
0.047154, -2.9364, 0.256935, 38
0.0477954, -2.97635, 0.208153, 37
0.0473333, -2.94757, 0.154496, 26
0.0449945, -2.80193, 0.0978582, 25
0.0441803, -2.75123, 0.048029, 38
0.050738, -3.15959, 0, 32
0.0354789, -2.74686, 0.736081, 41
0.0355893, -2.75541, 0.687058, 33
0.0332219, -2.57212, 0.593871, 14
0.0317337, -2.4569, 0.522274, 37
0.0310859, -2.40675, 0.467864, 4
0.0321024, -2.48545, 0.438288, 39
0.0324004, -2.50852, 0.397344, 39
0.032792, -2.53884, 0.35684, 35
0.0343031, -2.65583, 0.326122, 20
0.0367862, -2.84807, 0.29937, 20
0.0378773, -2.93255, 0.256587, 37
0.0383932, -2.97249, 0.207874, 37
0.0380215, -2.94371, 0.154286, 26
0.0360369, -2.79007, 0.0974394, 26
0.0356402, -2.75935, 0.0481686, 37
0.0408116, -3.15974, 0, 33
0.026887, -2.75083, 0.737117, 42
0.0269328, -2.75551, 0.687058, 34
0.0255983, -2.61898, 0.604668, 14
0.0240532, -2.4609, 0.523106, 33
0.0237167, -2.42647, 0.47168, 4
0.0243325, -2.48948, 0.438983, 40
0.0245581, -2.51256, 0.397969, 39
0.0247771, -2.53497, 0.356283, 38
0.0255714, -2.61623, 0.321248, 23
0.0274108, -2.80442, 0.29477, 16
0.0286253, -2.92867, 0.256238, 36
0.0290936, -2.97659, 0.208153, 37
0.0286172, -2.92784, 0.153449, 24
0.0272715, -2.79017, 0.0974394, 26
0.0268931, -2.75145, 0.048029, 37
0.0308849, -3.15985, 0, 32
0.0182193, -2.74703, 0.736081, 43
0.0183017, -2.75946, 0.688026, 33
0.0175514, -2.64633, 0.610967, 15
0.016322, -2.46097, 0.523106, 39
0.016328, -2.46187, 0.478549, 9
0.0165115, -2.48954, 0.438983, 43
0.0166384, -2.50867, 0.397344, 37
0.0168132, -2.53503, 0.356283, 40
0.0171152, -2.58056, 0.31686, 24
0.0182838, -2.75675, 0.289753, 17
0.0193452, -2.91679, 0.255192, 34
0.0197158, -2.97268, 0.207874, 36
0.019366, -2.91993, 0.15303, 23
0.0185323, -2.79424, 0.097579, 26
0.0183021, -2.75952, 0.0481686, 37
0.0209843, -3.16393, 0, 32
0.00960263, -2.75094, 0.737117, 42
0.00963253, -2.7595, 0.688026, 34
0.00933286, -2.67366, 0.617266, 17
0.00860422, -2.46492, 0.523937, 41
0.00863483, -2.47369, 0.480839, 19
0.00869031, -2.48958, 0.438983, 40
0.00877089, -2.51266, 0.397969, 31
0.0088491, -2.53507, 0.356283, 39
0.00896647, -2.56869, 0.315398, 28
0.00945645, -2.70906, 0.284736, 18
0.0101539, -2.90887, 0.254495, 26
0.0103489, -2.96474, 0.207316, 37
0.0101648, -2.91199, 0.152612, 23
0.00971205, -2.78229, 0.0971602, 26
0.00963273, -2.75956, 0.0481686, 36
0.0110444, -3.16398, 0, 32
0.000960265, -2.75096, 0.737117, 42
0.0009619, -2.75564, 0.687058, 38
0.00094009, -2.69316, 0.621765, 18
0.000859058, -2.46102, 0.523106, 44
0.000863484, -2.4737, 0.480839, 32
0.000869032, -2.48959, 0.438983, 43
0.00087709, -2.51268, 0.397969, 35
0.000886295, -2.53905, 0.35684, 38
0.000893877, -2.56077, 0.314423, 38
0.000937315, -2.68521, 0.282227, 18
0.00100705, -2.88498, 0.252403, 22
0.0010335, -2.96077, 0.207037, 36
0.0010123, -2.90002, 0.151984, 23
0.000968416, -2.77431, 0.096881, 26
0.000964671, -2.76358, 0.0482384, 37
0.00110444, -3.164, 0, 30
-0.00770369, -2.75867, 0.739187, 42
-0.00769519, -2.75563, 0.687058, 41
-0.00757513, -2.71264, 0.626264, 21
-0.00688338, -2.46492, 0.523937, 44
-0.00690787, -2.47369, 0.480839, 40
-0.00695225, -2.48958, 0.438983, 44
-0.00700568, -2.50872, 0.397344, 35
-0.00709035, -2.53904, 0.35684, 35
-0.00715101, -2.56076, 0.314423, 39
-0.0073652, -2.63746, 0.277209, 20
-0.0079451, -2.84512, 0.248917, 17
-0.00823459, -2.94879, 0.2062, 33
-0.00806491, -2.88803, 0.151356, 22
-0.00774732, -2.7743, 0.096881, 26
-0.00771736, -2.76357, 0.0482384, 34
-0.00884671, -3.16799, 0, 31
-0.0163244, -2.75091, 0.737117, 43
-0.0163983, -2.76335, 0.688994, 40
-0.0161202, -2.7165, 0.627164, 20
-0.0146503, -2.4688, 0.524769, 43
-0.0147024, -2.47758, 0.481602, 41
-0.0147501, -2.48561, 0.438288, 46
-0.0149105, -2.51263, 0.397969, 32
-0.0150434, -2.53504, 0.356283, 35
-0.0151958, -2.56072, 0.314423, 43
-0.0154621, -2.6056, 0.273865, 21
-0.0165759, -2.79328, 0.244385, 18
-0.0174747, -2.94476, 0.205921, 30
-0.0170667, -2.876, 0.150728, 23
-0.0163918, -2.76227, 0.0964622, 25
-0.016423, -2.76753, 0.0483083, 33
-0.0187517, -3.15994, 0, 32
-0.0250717, -2.76243, 0.740222, 41
-0.0250443, -2.75941, 0.688026, 41
-0.0246896, -2.72033, 0.628063, 21
-0.0223707, -2.46483, 0.523937, 42
-0.0224859, -2.47752, 0.481602, 41
-0.022666, -2.49737, 0.440372, 42
-0.0227682, -2.50863, 0.397344, 35
-0.0230433, -2.53894, 0.35684, 35
-0.0232405, -2.56066, 0.314423, 40
-0.0235034, -2.58963, 0.272192, 30
-0.0250256, -2.75735, 0.241247, 18
-0.0264362, -2.91277, 0.203689, 22
-0.0259569, -2.85996, 0.14989, 22
-0.0250334, -2.75821, 0.0963226, 24
-0.0250448, -2.75947, 0.0481686, 36
-0.0287878, -3.17187, 0, 32
-0.0337028, -2.75848, 0.739187, 43
-0.0337131, -2.75932, 0.688026, 41
-0.0333785, -2.73193, 0.630763, 20
-0.0301619, -2.46866, 0.524769, 41
-0.0303171, -2.48137, 0.482365, 40
-0.0305116, -2.49729, 0.440372, 41
-0.0307457, -2.51644, 0.398595, 36
-0.0310195, -2.53886, 0.35684, 33
-0.0313334, -2.56455, 0.31491, 43
-0.0316874, -2.59352, 0.27261, 38
-0.0331525, -2.71343, 0.237412, 19
-0.0353918, -2.89671, 0.202573, 20
-0.0347951, -2.84788, 0.149262, 23
-0.0336007, -2.75012, 0.0960434, 24
-0.0338604, -2.77137, 0.0483781, 36
-0.0387035, -3.16776, 0, 36
-0.042428, -2.76222, 0.740222, 45
-0.0423815, -2.7592, 0.688026, 42
-0.0419609, -2.73181, 0.630763, 20
-0.0378571, -2.46464, 0.523937, 45
-0.0380521, -2.47733, 0.481602, 36
-0.0383569, -2.49718, 0.440372, 47
-0.0385905, -2.51238, 0.397969, 37
-0.0391171, -2.54667, 0.357953, 34
-0.03939, -2.56444, 0.31491, 39
-0.0397739, -2.58943, 0.272192, 37
-0.041126, -2.67746, 0.234275, 20
-0.0440016, -2.86467, 0.200341, 19
-0.0435578, -2.83577, 0.148634, 23
-0.0419947, -2.73401, 0.095485, 27
-0.0425053, -2.76725, 0.0483083, 36
-0.0486551, -3.16763, 0, 32
-0.0511056, -2.76207, 0.740222, 41
-0.0511214, -2.76293, 0.688994, 42
-0.0503266, -2.71998, 0.628063, 20
-0.0456722, -2.46842, 0.524769, 44
-0.0459073, -2.48113, 0.482365, 36
-0.0462747, -2.50098, 0.441066, 44
-0.0466293, -2.52015, 0.399221, 36
-0.0470442, -2.54257, 0.357397, 38
-0.0474462, -2.5643, 0.31491, 36
-0.0479086, -2.58929, 0.272192, 40
-0.0488738, -2.64146, 0.231137, 22
-0.0524104, -2.8326, 0.198108, 18
-0.0521708, -2.81965, 0.147797, 21
-0.0505097, -2.72987, 0.0953454, 32
-0.0511986, -2.7671, 0.0483083, 36
-0.0586802, -3.17146, 0, 32
-0.0598662, -2.76576, 0.741258, 43
-0.0598011, -2.76276, 0.688994, 42
-0.0588714, -2.7198, 0.628063, 19
-0.0534268, -2.46827, 0.524769, 41
-0.0537018, -2.48097, 0.482365, 33
-0.0542168, -2.50476, 0.441761, 38
-0.0546319, -2.52394, 0.399846, 34
-0.0550317, -2.54241, 0.357397, 39
-0.055502, -2.56414, 0.31491, 36
-0.0560429, -2.58913, 0.272192, 40
-0.056827, -2.62535, 0.229743, 31
-0.0607046, -2.80449, 0.196155, 18
-0.0605965, -2.7995, 0.14675, 21
-0.058999, -2.7257, 0.0952058, 36
-0.0598049, -2.76293, 0.0482384, 36
-0.0687299, -3.17526, 0, 33
-0.0684591, -2.7617, 0.740222, 41
-0.0685764, -2.76643, 0.689961, 39
-0.0672225, -2.71181, 0.626264, 17
-0.0612777, -2.472, 0.525601, 41
-0.061593, -2.48472, 0.483128, 35
-0.0622807, -2.51246, 0.44315, 38
-0.0631482, -2.54745, 0.403601, 26
-0.0631168, -2.54619, 0.357953, 38
-0.0636555, -2.56792, 0.315398, 35
-0.0641766, -2.58894, 0.272192, 39
-0.0649758, -2.62118, 0.229394, 39
-0.068526, -2.7644, 0.193365, 16
-0.0689951, -2.78332, 0.145913, 21
-0.0676608, -2.7295, 0.0953454, 37
-0.0685837, -2.76673, 0.0483083, 35
-0.0784075, -3.16303, 0, 32
-0.077027, -2.75761, 0.739187, 41
-0.0772671, -2.7662, 0.689961, 41
-0.0757415, -2.71159, 0.626264, 15
-0.0689342, -2.46788, 0.524769, 39
-0.0693987, -2.48451, 0.483128, 35
-0.0712734, -2.55163, 0.450096, 27
-0.0745706, -2.66967, 0.422999, 22
-0.0712262, -2.54994, 0.35851, 37
-0.0717226, -2.56771, 0.315398, 39
-0.0724207, -2.5927, 0.27261, 35
-0.0733214, -2.62495, 0.229743, 41
-0.0760961, -2.72428, 0.190575, 18
-0.0771812, -2.76313, 0.144866, 21
-0.0760122, -2.72128, 0.0950662, 36
-0.077387, -2.7705, 0.0483781, 34
-0.0885674, -3.17076, 0, 32
-0.0859299, -2.76508, 0.741258, 40
-0.0858364, -2.76207, 0.688994, 39
-0.0836545, -2.69186, 0.621765, 14
-0.0768085, -2.47156, 0.525601, 37
-0.0770817, -2.48036, 0.482365, 36
-0.0856519, -2.75613, 0.486215, 25
-0.0855343, -2.75235, 0.436139, 22
-0.0792367, -2.5497, 0.35851, 36
-0.0799122, -2.57144, 0.315885, 39
-0.080442, -2.58849, 0.272192, 32
-0.0815675, -2.6247, 0.229743, 43
-0.0834148, -2.68415, 0.187784, 19
-0.085241, -2.74291, 0.143819, 22
-0.0848093, -2.72902, 0.0953454, 39
-0.0860904, -2.77024, 0.0483781, 33
-0.0987767, -3.17847, 0, 33
-0.0947484, -2.76865, 0.742293, 42
-0.094646, -2.76566, 0.689961, 40
-0.0918442, -2.68379, 0.619965, 14
-0.0845727, -2.47131, 0.525601, 35
-0.0850078, -2.48403, 0.483128, 38
-0.0955227, -2.79128, 0.492466, 34
-0.0963426, -2.81524, 0.446151, 27
-0.0873818, -2.5534, 0.359067, 37
-0.0878544, -2.56721, 0.315398, 39
-0.0888457, -2.59617, 0.273028, 33
-0.0898128, -2.62443, 0.229743, 44
-0.0910281, -2.65994, 0.18611, 28
-0.0931746, -2.72267, 0.142772, 22
-0.0933824, -2.72874, 0.0953454, 37
-0.0947929, -2.76996, 0.0483781, 34
-0.108625, -3.17414, 0, 36
-0.103446, -2.76834, 0.742293, 43
-0.103334, -2.76535, 0.689961, 39
-0.099693, -2.66791, 0.616366, 15
-0.0924822, -2.47494, 0.526432, 34
-0.0926646, -2.47982, 0.482365, 37
-0.105174, -2.81459, 0.496634, 35
-0.105629, -2.82677, 0.448028, 32
-0.0961427, -2.5729, 0.36185, 25
-0.0960674, -2.57089, 0.315885, 41
-0.0968528, -2.5919, 0.27261, 35
-0.0982061, -2.62812, 0.230091, 42
-0.0993841, -2.65964, 0.18611, 37
-0.101131, -2.70639, 0.141935, 26
-0.102104, -2.73243, 0.095485, 36
-0.103644, -2.77364, 0.0484479, 36
-0.118895, -3.18178, 0, 38
-0.112142, -2.768, 0.742293, 42
-0.112335, -2.77277, 0.691897, 38
-0.107916, -2.66369, 0.615466, 15
-0.100257, -2.47464, 0.526432, 30
-0.100773, -2.48737, 0.483892, 41
-0.114494, -2.82605, 0.498718, 37
-0.115309, -2.84616, 0.451157, 32
-0.108394, -2.67549, 0.376324, 23
-0.104304, -2.57454, 0.316373, 45
-0.105156, -2.59556, 0.273028, 37
-0.106301, -2.62382, 0.229743, 38
-0.107578, -2.65533, 0.185831, 38
-0.109309, -2.69808, 0.141516, 29
-0.110687, -2.73209, 0.095485, 34
-0.112519, -2.7773, 0.0485177, 36
-0.128728, -3.17739, 0, 36
-0.120838, -2.76764, 0.742293, 44
-0.121046, -2.7724, 0.691897, 38
-0.115604, -2.64776, 0.611867, 15
-0.107689, -2.46649, 0.524769, 21
-0.108758, -2.49096, 0.484655, 38
-0.123543, -2.82961, 0.499412, 38
-0.124422, -2.84973, 0.451783, 38
-0.121118, -2.77407, 0.390241, 24
-0.112392, -2.5742, 0.316373, 40
-0.113483, -2.59919, 0.273446, 35
-0.114543, -2.62347, 0.229743, 36
-0.115919, -2.65498, 0.185831, 40
-0.117611, -2.69373, 0.141307, 34
-0.119096, -2.72774, 0.0953454, 34
-0.121243, -2.77693, 0.0485177, 36
-0.13871, -3.17697, 0, 35
-0.129893, -2.77496, 0.744364, 43
-0.129755, -2.77201, 0.691897, 39
-0.123375, -2.63571, 0.609167, 15
-0.115438, -2.46614, 0.524769, 7
-0.116399, -2.48668, 0.483892, 38
-0.132617, -2.83314, 0.500107, 37
-0.133559, -2.85327, 0.452408, 39
-0.133167, -2.8449, 0.400262, 29
-0.12085, -2.58176, 0.317348, 36
-0.121648, -2.59882, 0.273446, 35
-0.123157, -2.63106, 0.23044, 35
-0.124259, -2.6546, 0.185831, 38
-0.126073, -2.69335, 0.141307, 33
-0.127851, -2.73134, 0.095485, 35
-0.129967, -2.77654, 0.0485177, 34
-0.14869, -3.17652, 0, 35
-0.13861, -2.77454, 0.744364, 44
-0.138656, -2.77547, 0.692864, 38
-0.131266, -2.62752, 0.607368, 14
-0.121428, -2.4306, 0.517284, 2
-0.124407, -2.49023, 0.484655, 36
-0.141713, -2.83665, 0.500801, 37
-0.142719, -2.85678, 0.453034, 39
-0.142894, -2.86029, 0.402489, 33
-0.130941, -2.62102, 0.322223, 25
-0.129812, -2.59843, 0.273446, 38
-0.131025, -2.6227, 0.229743, 33
-0.132797, -2.65819, 0.18611, 33
-0.134733, -2.69693, 0.141516, 33
-0.136431, -2.73093, 0.095485, 35
-0.138689, -2.77611, 0.0485177, 33
-0.158469, -3.17204, 0, 33
-0.147326, -2.77409, 0.744364, 44
-0.147375, -2.77502, 0.692864, 42
-0.138693, -2.61153, 0.603769, 15
-0.127818, -2.40676, 0.512294, 3
-0.132854, -2.50159, 0.486945, 31
-0.150624, -2.83619, 0.500801, 37
-0.151903, -2.86027, 0.45366, 39
-0.152509, -2.87169, 0.404159, 36
-0.144438, -2.71971, 0.334409, 25
-0.138186, -2.60198, 0.273865, 41
-0.139686, -2.63023, 0.23044, 37
-0.141148, -2.65776, 0.18611, 33
-0.143205, -2.69649, 0.141516, 35
-0.14501, -2.73049, 0.095485, 37
-0.147834, -2.78365, 0.0486573, 32
-0.168433, -3.17153, 0, 32
-0.15604, -2.77362, 0.744364, 44
-0.156092, -2.77454, 0.692864, 41
-0.146459, -2.6033, 0.601969, 16
-0.134719, -2.39463, 0.509799, 5
-0.141374, -2.51292, 0.489234, 24
-0.159533, -2.8357, 0.500801, 37
-0.160888, -2.85977, 0.45366, 40
-0.161975, -2.87911, 0.405272, 36
-0.159226, -2.83024, 0.348059, 24
-0.146583, -2.60551, 0.274283, 39
-0.147948, -2.62978, 0.23044, 40
-0.149497, -2.6573, 0.18611, 34
-0.151451, -2.69204, 0.141307, 34
-0.153812, -2.73401, 0.0956246, 34
-0.156354, -2.77918, 0.0485875, 37
-0.177947, -3.163, 0, 30
-0.164753, -2.77311, 0.744364, 44
-0.164348, -2.76629, 0.690929, 42
-0.154174, -2.59504, 0.600169, 15
-0.141313, -2.37857, 0.506473, 6
-0.152994, -2.57518, 0.501446, 18
-0.168675, -2.83912, 0.501496, 37
-0.169871, -2.85925, 0.45366, 39
-0.171724, -2.89045, 0.406942, 41
-0.171177, -2.88124, 0.354396, 32
-0.155239, -2.61297, 0.275119, 33
-0.156446, -2.63328, 0.230788, 34
-0.157844, -2.65682, 0.18611, 31
-0.160618, -2.70352, 0.141935, 36
-0.1624, -2.73351, 0.0956246, 35
-0.165084, -2.77868, 0.0485875, 36
-0.187645, -3.15843, 0, 31
-0.173706, -2.77644, 0.745399, 43
-0.173764, -2.77738, 0.693832, 41
-0.161352, -2.57899, 0.59657, 15
-0.149274, -2.38593, 0.508136, 4
-0.166722, -2.66482, 0.519, 16
-0.177839, -2.84251, 0.502191, 32
-0.179099, -2.86265, 0.454286, 39
-0.180557, -2.88594, 0.406385, 40
-0.18122, -2.89654, 0.356346, 35
-0.166925, -2.66806, 0.280973, 23
-0.164718, -2.63278, 0.230788, 36
-0.166688, -2.66427, 0.186668, 33
-0.168612, -2.69502, 0.141516, 32
-0.171237, -2.73698, 0.0957642, 36
-0.174312, -2.78613, 0.0487271, 37
-0.196818, -3.14585, 0, 27
-0.182934, -2.78359, 0.747469, 41
-0.182235, -2.77295, 0.692864, 39
-0.169454, -2.57847, 0.59657, 16
-0.156255, -2.37764, 0.506473, 4
-0.178955, -2.72305, 0.530449, 18
-0.186768, -2.84193, 0.502191, 36
-0.188351, -2.86602, 0.454911, 38
-0.189882, -2.88931, 0.406942, 41
-0.190839, -2.90388, 0.357321, 35
-0.182611, -2.77867, 0.29268, 22
-0.172988, -2.63225, 0.230788, 34
-0.175319, -2.66772, 0.186947, 34
-0.177602, -2.70245, 0.141935, 27
-0.179834, -2.73643, 0.0957642, 29
-0.183064, -2.78557, 0.0487271, 36
-0.205126, -3.12127, 0, 22
-0.191147, -2.77529, 0.745399, 41
-0.190945, -2.77236, 0.692864, 41
-0.176214, -2.55848, 0.592071, 16
-0.163993, -2.38104, 0.507305, 3
-0.190207, -2.76165, 0.538081, 20
-0.195966, -2.84526, 0.502885, 37
-0.197354, -2.86541, 0.454911, 38
-0.199502, -2.8966, 0.408056, 39
-0.200234, -2.90723, 0.357808, 39
-0.198446, -2.88127, 0.303551, 22
-0.181804, -2.63964, 0.231486, 35
-0.183425, -2.66317, 0.186668, 35
-0.186091, -2.70188, 0.141935, 29
-0.188156, -2.73186, 0.0956246, 29
-0.192089, -2.78897, 0.0487969, 38
-0.211907, -3.07671, 0, 18
-0.20042, -2.78238, 0.747469, 41
-0.199654, -2.77175, 0.692864, 40
-0.183971, -2.55403, 0.591171, 17
-0.171754, -2.38441, 0.508136, 4
-0.200011, -2.7767, 0.541134, 21
-0.204904, -2.84463, 0.502885, 38
-0.206355, -2.86478, 0.454911, 37
-0.208601, -2.89596, 0.408056, 40
-0.210222, -2.91846, 0.359271, 39
-0.209497, -2.9084, 0.306477, 28
-0.1921, -2.66688, 0.233926, 28
-0.192077, -2.66656, 0.186947, 32
-0.194865, -2.70527, 0.142144, 30
-0.197311, -2.73923, 0.0959038, 28
-0.200562, -2.78436, 0.0487271, 38
-0.218698, -3.03613, 0, 19
-0.20916, -2.78174, 0.747469, 42
-0.208651, -2.77497, 0.693832, 40
-0.191994, -2.55344, 0.591171, 17
-0.179244, -2.38386, 0.508136, 4
-0.209027, -2.77997, 0.541898, 23
-0.21384, -2.84398, 0.502885, 39
-0.215946, -2.87199, 0.456163, 37
-0.217698, -2.89529, 0.408056, 38
-0.21939, -2.91779, 0.359271, 42
-0.220423, -2.93153, 0.308986, 30
-0.207648, -2.76163, 0.242293, 23
-0.200753, -2.66993, 0.187226, 33
-0.203064, -2.70066, 0.141935, 28
-0.206515, -2.74657, 0.096183, 29
-0.209309, -2.78372, 0.0487271, 37
-0.224936, -2.99156, 0, 18
-0.217898, -2.78107, 0.747469, 43
-0.217065, -2.77044, 0.692864, 39
-0.198797, -2.53728, 0.587572, 18
-0.187037, -2.38719, 0.508968, 4
-0.218373, -2.78713, 0.543424, 24
-0.223081, -2.84722, 0.50358, 39
-0.224659, -2.86736, 0.455537, 37
-0.227102, -2.89854, 0.408612, 38
-0.228555, -2.91709, 0.359271, 42
-0.230253, -2.93876, 0.309822, 29
-0.225038, -2.87219, 0.252054, 22
-0.20914, -2.66928, 0.187226, 33
-0.211859, -2.70399, 0.142144, 32
-0.214519, -2.73794, 0.0959038, 28
-0.218365, -2.78703, 0.0487969, 37
-0.231521, -2.95494, 0, 20
-0.226634, -2.78037, 0.747469, 43
-0.226398, -2.77748, 0.6948, 38
-0.205501, -2.5211, 0.583973, 18
-0.194536, -2.38659, 0.508968, 3
-0.227766, -2.79426, 0.54495, 24
-0.232024, -2.8465, 0.50358, 40
-0.233987, -2.87058, 0.456163, 37
-0.236207, -2.89782, 0.408612, 40
-0.238041, -2.92031, 0.359758, 45
-0.240777, -2.95388, 0.311495, 32
-0.237945, -2.91913, 0.256238, 24
-0.217848, -2.67259, 0.187505, 30
-0.220677, -2.70729, 0.142354, 29
-0.223444, -2.74123, 0.0960434, 29
-0.227445, -2.79032, 0.0488667, 37
-0.236254, -2.89839, 0, 17
-0.235694, -2.7835, 0.748505, 44
-0.23414, -2.76515, 0.691897, 38
-0.213091, -2.51656, 0.583073, 17
-0.203683, -2.40546, 0.513126, 3
-0.236875, -2.79744, 0.545714, 27
-0.241298, -2.84968, 0.504274, 41
-0.243004, -2.86983, 0.456163, 39
-0.245978, -2.90495, 0.409726, 39
-0.247549, -2.9235, 0.360246, 43
-0.249384, -2.94518, 0.310659, 34
-0.249804, -2.95013, 0.259027, 30
-0.227254, -2.68382, 0.188342, 27
-0.229181, -2.70659, 0.142354, 33
-0.232054, -2.74052, 0.0960434, 30
-0.235872, -2.78561, 0.0487969, 37
-0.240633, -2.84183, 0, 23
-0.244437, -2.78274, 0.748505, 43
-0.243505, -2.77213, 0.693832, 37
-0.219632, -2.50035, 0.579474, 18
-0.211924, -2.4126, 0.514789, 3
-0.246349, -2.80451, 0.54724, 30
-0.25025, -2.84891, 0.504274, 42
-0.25271, -2.87692, 0.457414, 38
-0.25441, -2.89627, 0.408612, 40
-0.257427, -2.93062, 0.361221, 40
-0.259332, -2.95231, 0.311495, 34
-0.259419, -2.9533, 0.259376, 33
-0.238477, -2.71489, 0.190575, 21
-0.238033, -2.70983, 0.142563, 37
-0.241362, -2.74774, 0.0963226, 30
-0.245322, -2.79282, 0.0489365, 37
-0.24921, -2.83708, 0, 32
-0.253879, -2.78966, 0.750575, 44
-0.252213, -2.77136, 0.693832, 37
-0.227839, -2.50353, 0.580374, 20
-0.219502, -2.41193, 0.514789, 3
-0.25587, -2.81154, 0.548767, 31
-0.259912, -2.85596, 0.505664, 40
-0.262105, -2.88005, 0.45804, 38
-0.264585, -2.9073, 0.410282, 39
-0.266633, -2.9298, 0.361221, 40
-0.269687, -2.96336, 0.312749, 35
-0.26978, -2.96438, 0.260421, 35
-0.25026, -2.74989, 0.193086, 19
-0.246907, -2.71305, 0.142772, 34
-0.249631, -2.74299, 0.096183, 33
-0.253733, -2.78805, 0.0488667, 34
-0.257759, -2.8323, 0, 35
-0.262279, -2.785, 0.74954, 41
-0.260918, -2.77055, 0.693832, 36
-0.235337, -2.49892, 0.579474, 23
-0.23038, -2.44628, 0.522274, 4
-0.264334, -2.80681, 0.548003, 31
-0.268514, -2.8512, 0.504969, 39
-0.271152, -2.87921, 0.45804, 38
-0.273345, -2.90251, 0.409726, 41
-0.276208, -2.9329, 0.361708, 39
-0.278622, -2.95854, 0.312331, 36
-0.279465, -2.96748, 0.26077, 38
-0.261142, -2.77293, 0.19476, 20
-0.255054, -2.70828, 0.142563, 35
-0.258247, -2.74219, 0.096183, 30
-0.26249, -2.78724, 0.0488667, 35
-0.267031, -2.83545, 0, 35
-0.270653, -2.78032, 0.748505, 46
-0.270373, -2.77744, 0.695767, 35
-0.242054, -2.48653, 0.576774, 28
-0.241855, -2.48449, 0.530591, 11
-0.274291, -2.81769, 0.550293, 32
-0.27747, -2.85035, 0.504969, 41
-0.280578, -2.88228, 0.458666, 37
-0.282463, -2.90163, 0.409726, 41
-0.285805, -2.93597, 0.362196, 39
-0.287916, -2.95765, 0.312331, 37
-0.289172, -2.97056, 0.261119, 39
-0.272559, -2.7999, 0.196713, 20
-0.263948, -2.71144, 0.142772, 33
-0.268023, -2.7533, 0.0966018, 32
-0.271633, -2.79038, 0.0489365, 37
-0.276325, -2.83858, 0, 34
-0.280159, -2.78714, 0.750575, 44
-0.279097, -2.77658, 0.695767, 34
-0.249864, -2.48576, 0.576774, 33
-0.250833, -2.4954, 0.533086, 20
-0.282749, -2.81291, 0.54953, 35
-0.286817, -2.85338, 0.505664, 42
-0.289237, -2.87745, 0.45804, 36
-0.291973, -2.90467, 0.410282, 40
-0.295027, -2.93506, 0.362196, 38
-0.297604, -2.96069, 0.312749, 36
-0.2993, -2.97756, 0.261816, 38
-0.282551, -2.81094, 0.19755, 22
-0.272865, -2.71458, 0.142982, 29
-0.275872, -2.74449, 0.0963226, 31
-0.280798, -2.7935, 0.0490064, 34
-0.284441, -2.82974, 0, 36
-0.289312, -2.79009, 0.751611, 45
-0.287018, -2.76797, 0.693832, 34
-0.257672, -2.48496, 0.576774, 37
-0.258671, -2.4946, 0.533086, 31
-0.292395, -2.81982, 0.551056, 33
-0.296593, -2.8603, 0.507053, 39
-0.298683, -2.88046, 0.458666, 36
-0.301097, -2.90374, 0.410282, 40
-0.304656, -2.93806, 0.362683, 38
-0.306493, -2.95578, 0.312331, 39
-0.309475, -2.98454, 0.262513, 36
-0.292615, -2.82194, 0.198387, 24
-0.281392, -2.71371, 0.142982, 31
-0.285729, -2.75554, 0.0967414, 32
-0.289572, -2.7926, 0.0490064, 35
-0.294155, -2.83679, 0, 39
-0.298486, -2.79301, 0.752646, 45
-0.296125, -2.77091, 0.6948, 34
-0.265478, -2.48414, 0.576774, 38
-0.266507, -2.49377, 0.533086, 36
-0.302087, -2.8267, 0.552583, 34
-0.305996, -2.86327, 0.507747, 40
-0.30773, -2.87951, 0.458666, 35
-0.310639, -2.90672, 0.410839, 40
-0.313463, -2.93314, 0.362196, 38
-0.316623, -2.96272, 0.313167, 36
-0.318426, -2.97959, 0.262164, 39
-0.302751, -2.83291, 0.199224, 23
-0.29034, -2.71678, 0.143191, 31
-0.29396, -2.75065, 0.0966018, 30
-0.298769, -2.79565, 0.0490762, 35
-0.303065, -2.83585, 0, 35
-0.307259, -2.79206, 0.752646, 46
-0.304829, -2.76997, 0.6948, 33
-0.273707, -2.48717, 0.577674, 37
-0.27434, -2.49292, 0.533086, 38
-0.311395, -2.82964, 0.553346, 35
-0.314128, -2.85447, 0.506358, 39
-0.317639, -2.88638, 0.459917, 36
-0.320635, -2.9136, 0.411952, 39
-0.32311, -2.93609, 0.362683, 37
-0.326364, -2.96566, 0.313585, 37
-0.328657, -2.98649, 0.262862, 41
-0.312522, -2.83988, 0.199783, 23
-0.298437, -2.71188, 0.142982, 31
-0.303037, -2.75369, 0.0967414, 31
-0.307988, -2.79868, 0.049146, 35
-0.311973, -2.83489, 0, 34
-0.316899, -2.79876, 0.754716, 44
-0.313092, -2.76514, 0.693832, 33
-0.281958, -2.49017, 0.578574, 37
-0.282611, -2.49593, 0.533917, 38
-0.320725, -2.83255, 0.554109, 35
-0.32398, -2.86129, 0.507747, 40
-0.326261, -2.88144, 0.459292, 36
-0.329787, -2.91258, 0.411952, 39
-0.332333, -2.93506, 0.362683, 37
-0.336127, -2.96857, 0.314003, 36
-0.338038, -2.98545, 0.262862, 42
-0.321891, -2.84285, 0.200062, 24
-0.308303, -2.72284, 0.14361, 32
-0.311686, -2.75272, 0.0967414, 31
-0.316779, -2.79769, 0.049146, 34
-0.322227, -2.84582, 0, 34
-0.325243, -2.79391, 0.753681, 45
-0.321329, -2.76029, 0.692864, 31
-0.288878, -2.48153, 0.576774, 38
-0.290903, -2.49892, 0.534749, 36
-0.330076, -2.83542, 0.554873, 35
-0.333423, -2.86418, 0.508442, 38
-0.336225, -2.88825, 0.460543, 37
-0.338478, -2.9076, 0.411396, 40
-0.34247, -2.94189, 0.363658, 38
-0.344532, -2.9596, 0.313167, 36
-0.347415, -2.98437, 0.262862, 41
-0.331282, -2.84579, 0.200341, 24
-0.316394, -2.71789, 0.143401, 29
-0.320795, -2.7557, 0.096881, 31
-0.326029, -2.80066, 0.0492158, 34
-0.331166, -2.84479, 0, 35
-0.333101, -2.7852, 0.751611, 44
-0.329999, -2.75926, 0.692864, 31
-0.298061, -2.49222, 0.579474, 40
-0.298752, -2.49799, 0.534749, 33
-0.338982, -2.83437, 0.554873, 36
-0.342419, -2.86311, 0.508442, 37
-0.344828, -2.88326, 0.459917, 38
-0.348081, -2.91045, 0.411952, 38
-0.351239, -2.93686, 0.363171, 40
-0.355245, -2.97035, 0.314422, 38
-0.357262, -2.98722, 0.26321, 43
-0.341169, -2.85266, 0.200899, 24
-0.324931, -2.71688, 0.143401, 29
-0.329451, -2.75468, 0.096881, 30
-0.334826, -2.79962, 0.0492158, 33
-0.340102, -2.84373, 0, 36
-0.34232, -2.78798, 0.752646, 46
-0.338666, -2.75821, 0.692864, 29
-0.305414, -2.4874, 0.578574, 41
-0.307075, -2.50093, 0.535581, 33
-0.347885, -2.83329, 0.554873, 40
-0.351412, -2.86202, 0.508442, 40
-0.354848, -2.89, 0.461169, 37
-0.357223, -2.90934, 0.411952, 39
-0.361431, -2.94362, 0.364146, 37
-0.364575, -2.96922, 0.314422, 37
-0.365674, -2.97817, 0.262513, 42
-0.350615, -2.85553, 0.201178, 25
-0.333951, -2.71981, 0.14361, 32
-0.339078, -2.76157, 0.0971602, 31
-0.344107, -2.80252, 0.0492856, 34
-0.348546, -2.83868, 0, 37
-0.352043, -2.79455, 0.754716, 45
-0.346844, -2.75328, 0.691897, 26
-0.313714, -2.4903, 0.579474, 39
-0.314442, -2.49607, 0.534749, 32
-0.357766, -2.83998, 0.556399, 40
-0.360894, -2.86481, 0.509136, 38
-0.363925, -2.88887, 0.461169, 38
-0.367351, -2.91607, 0.413066, 39
-0.370677, -2.94247, 0.364146, 37
-0.374398, -2.97201, 0.31484, 38
-0.375526, -2.98096, 0.262862, 44
-0.359584, -2.85441, 0.201178, 25
-0.342494, -2.71875, 0.14361, 35
-0.347752, -2.76049, 0.0971602, 30
-0.352909, -2.80143, 0.0492856, 33
-0.358462, -2.84551, 0, 41
-0.360326, -2.7896, 0.753681, 45
-0.354498, -2.74448, 0.689961, 24
-0.321037, -2.48543, 0.578574, 38
-0.322783, -2.49895, 0.535581, 33
-0.366686, -2.83884, 0.556399, 40
-0.370397, -2.86757, 0.509831, 40
-0.372999, -2.88772, 0.461169, 37
-0.37651, -2.9149, 0.413066, 40
-0.380428, -2.94523, 0.364633, 38
-0.383733, -2.97082, 0.31484, 38
-0.3854, -2.98372, 0.26321, 43
-0.36855, -2.85327, 0.201178, 26
-0.352057, -2.72559, 0.144029, 39
-0.356934, -2.76335, 0.0972998, 31
-0.362733, -2.80824, 0.0494252, 35
-0.367913, -2.84834, 0, 39
-0.370609, -2.79995, 0.756787, 44
-0.363628, -2.7472, 0.690929, 22
-0.330378, -2.496, 0.581274, 37
-0.330632, -2.49792, 0.535581, 36
-0.376633, -2.84546, 0.557926, 40
-0.379921, -2.8703, 0.510526, 40
-0.382587, -2.89045, 0.461795, 37
-0.386705, -2.92156, 0.414179, 37
-0.389679, -2.94402, 0.364633, 37
-0.393586, -2.97354, 0.315258, 39
-0.394248, -2.97854, 0.262862, 42
-0.377512, -2.8521, 0.201178, 26
-0.361142, -2.72843, 0.144238, 36
-0.365614, -2.76221, 0.0972998, 32
-0.374178, -2.82691, 0.0497743, 33
-0.377384, -2.85113, 0, 39
-0.379403, -2.79877, 0.756787, 46
-0.370692, -2.73451, 0.688026, 21
-0.337171, -2.48723, 0.579474, 38
-0.339529, -2.50463, 0.537244, 37
-0.38557, -2.84426, 0.557926, 40
-0.388407, -2.86519, 0.509831, 43
-0.392728, -2.89706, 0.463046, 38
-0.395882, -2.92033, 0.414179, 38
-0.399992, -2.95065, 0.365608, 37
-0.402926, -2.97229, 0.315258, 38
-0.403069, -2.97334, 0.262513, 42
-0.38647, -2.8509, 0.201178, 27
-0.369175, -2.72332, 0.144029, 40
-0.374827, -2.76501, 0.0974394, 32
-0.415292, -3.06351, 0.0539628, 30
-0.386339, -2.84993, 0, 30
-0.388194, -2.79756, 0.756787, 44
-0.377147, -2.71795, 0.684155, 17
-0.345518, -2.49002, 0.580374, 39
-0.347933, -2.50742, 0.538075, 36
-0.395044, -2.84693, 0.558689, 38
-0.398489, -2.87176, 0.51122, 41
-0.400741, -2.88798, 0.461795, 37
-0.406143, -2.92692, 0.415293, 37
-0.408714, -2.94545, 0.365121, 37
-0.412809, -2.97495, 0.315676, 38
-0.412955, -2.97601, 0.262862, 41
-0.394328, -2.84177, 0.20062, 26
-0.378827, -2.73006, 0.144447, 38
-0.383511, -2.76382, 0.0974394, 32
-0.435908, -3.14142, 0.055359, 30
-0.405736, -2.92398, 0, 22
-0.397524, -2.80015, 0.757822, 48
-0.385684, -2.71676, 0.684155, 16
-0.353887, -2.49278, 0.581274, 36
-0.355809, -2.50632, 0.538075, 37
-0.404537, -2.84956, 0.559452, 36
-0.408063, -2.87439, 0.511915, 40
-0.410367, -2.89062, 0.46242, 37
-0.414223, -2.91778, 0.414179, 38
-0.419082, -2.95201, 0.366095, 36
-0.422712, -2.97758, 0.316094, 38
-0.422863, -2.97864, 0.26321, 42
-0.402692, -2.83656, 0.200341, 27
-0.387402, -2.72886, 0.144447, 38
-0.392754, -2.76656, 0.097579, 32
-0.446899, -3.14795, 0.0554987, 30
-0.433474, -3.05338, 0, 21
-0.407984, -2.81036, 0.760928, 49
-0.391987, -2.70017, 0.680284, 16
-0.361717, -2.49165, 0.581274, 37
-0.363681, -2.50519, 0.538075, 37
-0.413488, -2.84827, 0.559452, 37
-0.417657, -2.87699, 0.512609, 40
-0.420581, -2.89714, 0.463672, 37
-0.424525, -2.92431, 0.415293, 38
-0.428354, -2.95068, 0.366095, 36
-0.432064, -2.97624, 0.316094, 36
-0.431646, -2.97336, 0.262862, 39
-0.412175, -2.83923, 0.20062, 28
-0.396547, -2.73158, 0.144657, 37
-0.401444, -2.76531, 0.097579, 33
-0.459659, -3.16632, 0.0558477, 30
-0.459154, -3.16285, 0, 22
-0.415677, -2.80142, 0.758857, 47
-0.399898, -2.69508, 0.679317, 16
-0.370115, -2.49436, 0.582173, 33
-0.372698, -2.51177, 0.539739, 39
-0.422434, -2.84696, 0.559452, 36
-0.426115, -2.87177, 0.511915, 42
-0.429681, -2.8958, 0.463672, 38
-0.43371, -2.92296, 0.415293, 37
-0.437622, -2.94932, 0.366095, 37
-0.441996, -2.9788, 0.316512, 38
-0.4404, -2.96804, 0.262513, 41
-0.419921, -2.83003, 0.200062, 27
-0.405713, -2.73427, 0.144866, 38
-0.411303, -2.77194, 0.0978582, 34
-0.470191, -3.16882, 0.0559175, 32
-0.472611, -3.18513, 0, 25
-0.426213, -2.81156, 0.761963, 48
-0.406036, -2.67846, 0.675446, 16
-0.378533, -2.49704, 0.583073, 22
-0.380587, -2.51059, 0.539739, 39
-0.432553, -2.85338, 0.560978, 39
-0.436316, -2.87821, 0.513304, 42
-0.439961, -2.90225, 0.464923, 34
-0.444078, -2.92941, 0.416406, 38
-0.44748, -2.95185, 0.366583, 37
-0.452544, -2.98526, 0.317348, 33
-0.450319, -2.97058, 0.262862, 39
-0.428212, -2.82475, 0.199783, 26
-0.414899, -2.73693, 0.145075, 42
-0.420608, -2.77459, 0.0979978, 33
-0.479544, -3.16337, 0.0558477, 33
-0.486212, -3.20736, 0, 28
-0.434453, -2.80639, 0.760928, 48
-0.412667, -2.66567, 0.672543, 16
-0.384587, -2.48428, 0.580374, 7
-0.389071, -2.51325, 0.54057, 40
-0.440914, -2.84813, 0.560215, 40
-0.445356, -2.87682, 0.513304, 41
-0.449076, -2.90086, 0.464923, 36
-0.452673, -2.92409, 0.415849, 39
-0.457966, -2.95828, 0.367558, 36
-0.461312, -2.97989, 0.31693, 35
-0.45904, -2.96522, 0.262513, 37
-0.437084, -2.82339, 0.199783, 27
-0.422884, -2.73167, 0.144866, 40
-0.435438, -2.81276, 0.0993938, 40
-0.490092, -3.1658, 0.0559175, 35
-0.49751, -3.21372, 0, 27
-0.443267, -2.80501, 0.760928, 49
-0.419828, -2.65669, 0.670608, 16
-0.38874, -2.45996, 0.574975, 2
-0.396965, -2.51201, 0.54057, 35
-0.450472, -2.85061, 0.560978, 40
-0.455006, -2.8793, 0.513999, 41
-0.457571, -2.89553, 0.464297, 33
-0.463094, -2.93048, 0.416963, 37
-0.466638, -2.95291, 0.36707, 39
-0.471913, -2.98629, 0.317767, 35
-0.467109, -2.95589, 0.261816, 34
-0.443461, -2.80624, 0.198666, 27
-0.432088, -2.73427, 0.145075, 38
-0.45176, -2.85876, 0.101069, 41
-0.501284, -3.17215, 0.0560571, 36
-0.508852, -3.22004, 0, 24
-0.452692, -2.80742, 0.761963, 50
-0.426937, -2.6477, 0.668672, 17
-0.390882, -2.4241, 0.566877, 2
-0.4061, -2.51848, 0.542234, 29
-0.460676, -2.85693, 0.562505, 40
-0.464677, -2.88175, 0.514693, 35
-0.467294, -2.89798, 0.464923, 36
-0.471667, -2.9251, 0.416406, 39
-0.476544, -2.95534, 0.367558, 38
-0.481293, -2.98479, 0.317767, 36
-0.477027, -2.95834, 0.262164, 32
-0.452274, -2.80483, 0.198666, 28
-0.44004, -2.72896, 0.144866, 34
-0.494467, -3.0665, 0.108468, 36
-0.511883, -3.1745, 0.0561269, 35
-0.520239, -3.22633, 0, 27
-0.46151, -2.80599, 0.761963, 50
-0.433993, -2.63868, 0.666737, 17
-0.397231, -2.41517, 0.565077, 3
-0.41782, -2.54035, 0.547224, 22
-0.470923, -2.86322, 0.564031, 40
-0.473728, -2.88027, 0.514693, 40
-0.478319, -2.90819, 0.4668, 37
-0.481497, -2.92751, 0.416963, 40
-0.486471, -2.95775, 0.368045, 39
-0.491313, -2.98719, 0.318185, 36
-0.486319, -2.95683, 0.262164, 30
-0.461084, -2.8034, 0.198666, 28
-0.449907, -2.73544, 0.145285, 31
-0.513181, -3.12015, 0.110422, 37
-0.523152, -3.18077, 0.0562666, 36
-0.531022, -3.22862, 0, 30
-0.470962, -2.80833, 0.762999, 50
-0.440354, -2.62582, 0.663834, 17
-0.406105, -2.4216, 0.566877, 3
-0.4368, -2.60463, 0.561362, 19
-0.479916, -2.86173, 0.564031, 42
-0.484077, -2.88654, 0.516082, 41
-0.4868, -2.90278, 0.466175, 37
-0.491347, -2.92989, 0.417519, 38
-0.496417, -2.96012, 0.368533, 38
-0.500695, -2.98563, 0.318185, 34
-0.495606, -2.95528, 0.262164, 29
-0.468569, -2.79406, 0.198108, 28
-0.459159, -2.73796, 0.145494, 32
-0.524303, -3.12641, 0.110701, 36
-0.531819, -3.17123, 0.0561269, 33
-0.541824, -3.23088, 0, 33
-0.479782, -2.80684, 0.762999, 49
-0.448602, -2.62443, 0.663834, 17
-0.411084, -2.40494, 0.563277, 2
-0.46212, -2.70351, 0.582984, 18
-0.488904, -2.86021, 0.564031, 41
-0.492479, -2.88112, 0.515388, 40
-0.497248, -2.90902, 0.467426, 37
-0.501884, -2.93614, 0.418633, 36
-0.506383, -2.96246, 0.36902, 41
-0.510742, -2.98797, 0.318603, 33
-0.502873, -2.94193, 0.261119, 27
-0.476, -2.78471, 0.19755, 27
-0.468432, -2.74044, 0.145703, 33
-0.53547, -3.13263, 0.11098, 36
-0.543127, -3.17742, 0.0562666, 35
-0.551971, -3.22916, 0, 33
-0.48926, -2.80912, 0.764034, 50
-0.453514, -2.60389, 0.658995, 18
-0.417969, -2.3998, 0.562378, 2
-0.483367, -2.77529, 0.598786, 20
-0.497887, -2.85866, 0.564031, 41
-0.50288, -2.88732, 0.516777, 41
-0.505707, -2.90355, 0.4668, 38
-0.511105, -2.93455, 0.418633, 38
-0.516369, -2.96477, 0.369508, 40
-0.520809, -2.99027, 0.319021, 35
-0.510746, -2.93248, 0.260421, 25
-0.484061, -2.77927, 0.197271, 27
-0.477039, -2.73895, 0.145703, 31
-0.54668, -3.13881, 0.11126, 35
-0.553106, -3.1757, 0.0562666, 35
-0.5628, -3.23136, 0, 33
-0.496733, -2.79996, 0.761963, 49
-0.461693, -2.60245, 0.658995, 18
-0.426187, -2.40231, 0.563277, 2
-0.496184, -2.79687, 0.603776, 22
-0.507551, -2.86094, 0.564795, 39
-0.51126, -2.88185, 0.516082, 41
-0.515516, -2.90584, 0.467426, 36
-0.520322, -2.93293, 0.418633, 35
-0.52568, -2.96313, 0.369508, 40
-0.530201, -2.98861, 0.319021, 34
-0.518564, -2.92302, 0.259724, 26
-0.492093, -2.77381, 0.196992, 28
-0.485641, -2.73744, 0.145703, 31
-0.556539, -3.13707, 0.11126, 35
-0.565875, -3.1897, 0.0565458, 36
-0.573647, -3.23351, 0, 33
-0.505527, -2.79839, 0.761963, 50
-0.468486, -2.59335, 0.65706, 19
-0.43581, -2.41247, 0.565977, 3
-0.50775, -2.8107, 0.607102, 26
-0.517235, -2.8632, 0.565558, 39
-0.521712, -2.88798, 0.517472, 40
-0.525345, -2.90809, 0.468052, 37
-0.530942, -2.93908, 0.419746, 38
-0.534986, -2.96147, 0.369508, 42
-0.540295, -2.99085, 0.319439, 38
-0.527036, -2.91745, 0.259376, 26
-0.500095, -2.76832, 0.196713, 29
-0.495659, -2.74376, 0.146122, 29
-0.567102, -3.13924, 0.111399, 35
-0.575893, -3.18791, 0.0565458, 34
-0.584514, -3.23563, 0, 32
-0.514316, -2.79679, 0.761963, 49
-0.474525, -2.58041, 0.654157, 19
-0.444797, -2.41875, 0.567776, 3
-0.518701, -2.82063, 0.609597, 28
-0.526227, -2.86156, 0.565558, 36
-0.531494, -2.8902, 0.518166, 40
-0.535907, -2.9142, 0.469303, 35
-0.540889, -2.94129, 0.420303, 35
-0.545006, -2.96367, 0.369995, 42
-0.549688, -2.98914, 0.319439, 38
-0.536199, -2.91578, 0.259376, 27
-0.508068, -2.76281, 0.196434, 28
-0.504276, -2.74219, 0.146122, 33
-0.577684, -3.14138, 0.111539, 34
-0.585182, -3.18215, 0.056476, 35
-0.595399, -3.23771, 0, 32
-0.522389, -2.79136, 0.760928, 46
-0.481202, -2.57128, 0.652221, 19
-0.453827, -2.425, 0.569576, 2
-0.527559, -2.81899, 0.609597, 30
-0.535214, -2.85989, 0.565558, 40
-0.542021, -2.89626, 0.519555, 36
-0.544333, -2.90862, 0.468678, 38
-0.550127, -2.93958, 0.420303, 35
-0.555044, -2.96585, 0.370483, 42
-0.559076, -2.9874, 0.319439, 39
-0.546089, -2.918, 0.259724, 27
-0.516011, -2.75728, 0.196155, 28
-0.512888, -2.74059, 0.146122, 32
-0.588286, -3.14348, 0.111678, 34
-0.595176, -3.18029, 0.056476, 35
-0.607039, -3.24369, 0, 32
-0.52971, -2.78212, 0.758857, 45
-0.489277, -2.56975, 0.652221, 20
-0.459985, -2.41591, 0.567776, 2
-0.53934, -2.83269, 0.612924, 31
-0.544931, -2.86205, 0.566321, 37
-0.549644, -2.88681, 0.518166, 38
-0.553468, -2.90689, 0.468678, 36
-0.5601, -2.94172, 0.420859, 34
-0.566586, -2.97579, 0.371945, 41
-0.569202, -2.98953, 0.319857, 38
-0.553018, -2.90453, 0.258678, 27
-0.524671, -2.75565, 0.196155, 29
-0.522243, -2.74289, 0.146331, 32
-0.598906, -3.14554, 0.111818, 33
-0.607408, -3.1902, 0.0566854, 36
-0.616479, -3.23783, 0, 32
-0.536979, -2.77285, 0.756787, 41
-0.495872, -2.56058, 0.650286, 19
-0.470537, -2.42976, 0.571376, 2
-0.548237, -2.83098, 0.612924, 33
-0.556159, -2.87189, 0.568611, 38
-0.559459, -2.88893, 0.518861, 39
-0.564851, -2.91678, 0.470555, 37
-0.570092, -2.94384, 0.421416, 35
-0.575177, -2.9701, 0.371458, 41
-0.579348, -2.99163, 0.320275, 37
-0.559867, -2.89104, 0.257632, 26
-0.532567, -2.75007, 0.195876, 28
-0.532376, -2.74908, 0.14675, 29
-0.609545, -3.14757, 0.111958, 35
-0.618188, -3.1922, 0.0567552, 34
-0.628169, -3.24374, 0, 33
-0.544941, -2.76736, 0.755752, 32
-0.501664, -2.54759, 0.647383, 19
-0.479674, -2.43592, 0.573175, 2
-0.557128, -2.82925, 0.612924, 35
-0.565179, -2.87013, 0.568611, 39
-0.569293, -2.89103, 0.519555, 41
-0.574775, -2.91886, 0.471181, 38
-0.579337, -2.94203, 0.421416, 34
-0.585272, -2.97217, 0.371945, 41
-0.589512, -2.9937, 0.320693, 37
-0.568177, -2.88536, 0.257284, 25
-0.540433, -2.74447, 0.195597, 29
-0.54101, -2.7474, 0.14675, 33
-0.61943, -3.14564, 0.111958, 34
-0.628213, -3.19024, 0.0567552, 35
-0.639129, -3.24567, 0, 32
-0.54984, -2.74669, 0.750575, 26
-0.508903, -2.54219, 0.646415, 19
-0.491915, -2.45733, 0.578574, 2
-0.567549, -2.83516, 0.614587, 36
-0.574193, -2.86834, 0.568611, 39
-0.579146, -2.89309, 0.52025, 38
-0.583166, -2.91317, 0.470555, 39
-0.589355, -2.94408, 0.421973, 34
-0.595386, -2.97421, 0.372433, 41
-0.598133, -2.98794, 0.320275, 37
-0.577239, -2.88356, 0.257284, 26
-0.547486, -2.73493, 0.195039, 29
-0.548854, -2.74177, 0.146541, 32
-0.630879, -3.15152, 0.112237, 34
-0.637448, -3.18433, 0.0566854, 35
-0.650107, -3.24757, 0, 33
-0.556156, -2.73359, 0.747469, 26
-0.514566, -2.52917, 0.643512, 19
-0.504294, -2.47868, 0.583973, 4
-0.577233, -2.83719, 0.615419, 37
-0.583201, -2.86652, 0.568611, 39
-0.589017, -2.89511, 0.520945, 39
-0.593891, -2.91907, 0.471806, 38
-0.60097, -2.95386, 0.423643, 34
-0.603935, -2.96844, 0.371945, 43
-0.60831, -2.98994, 0.320693, 38
-0.5855, -2.87783, 0.256935, 27
-0.556075, -2.7332, 0.195039, 28
-0.559854, -2.75177, 0.147169, 33
-0.640777, -3.14952, 0.112237, 34
-0.650638, -3.19799, 0.0569647, 36
-0.659509, -3.24159, 0, 32
-0.561612, -2.7167, 0.743328, 24
-0.521723, -2.52374, 0.642545, 22
-0.516813, -2.49999, 0.589372, 9
-0.586936, -2.8392, 0.61625, 37
-0.593793, -2.87237, 0.570137, 39
-0.599705, -2.90096, 0.522334, 39
-0.603858, -2.92106, 0.472432, 40
-0.608643, -2.9442, 0.42253, 33
-0.615669, -2.97819, 0.373408, 41
-0.6177, -2.98801, 0.320693, 38
-0.593731, -2.87207, 0.256587, 26
-0.564659, -2.73143, 0.195039, 30
-0.568496, -2.75, 0.147169, 33
-0.652287, -3.15532, 0.112516, 32
-0.660681, -3.19593, 0.0569647, 37
-0.672119, -3.25125, 0, 31
-0.566173, -2.69601, 0.738152, 23
-0.530447, -2.52589, 0.643512, 27
-0.528669, -2.51742, 0.593871, 19
-0.596657, -2.84117, 0.617082, 38
-0.603621, -2.87433, 0.570901, 37
-0.608815, -2.89906, 0.522334, 39
-0.613032, -2.91914, 0.472432, 39
-0.619518, -2.95003, 0.423643, 33
-0.625023, -2.97624, 0.373408, 40
-0.628719, -2.99384, 0.32153, 38
-0.601114, -2.86239, 0.255889, 26
-0.571597, -2.72184, 0.194481, 33
-0.577954, -2.75211, 0.147378, 32
-0.662196, -3.15325, 0.112516, 34
-0.672362, -3.20166, 0.0571043, 36
-0.68233, -3.24913, 0, 32
-0.572223, -2.68288, 0.735046, 23
-0.535951, -2.51282, 0.640609, 31
-0.538201, -2.52337, 0.59567, 30
-0.605579, -2.83928, 0.617082, 37
-0.612648, -2.87242, 0.570901, 40
-0.61792, -2.89714, 0.522334, 40
-0.623024, -2.92107, 0.473058, 39
-0.628782, -2.94807, 0.423643, 34
-0.635198, -2.97815, 0.373895, 41
-0.637292, -2.98796, 0.321111, 36
-0.609272, -2.85659, 0.255541, 25
-0.580977, -2.72393, 0.19476, 36
-0.58743, -2.75419, 0.147587, 31
-0.672099, -3.15116, 0.112516, 34
-0.680749, -3.19171, 0.0569647, 35
-0.693368, -3.25088, 0, 33
-0.576559, -2.66219, 0.72987, 24
-0.543842, -2.51113, 0.640609, 34
-0.546126, -2.52167, 0.59567, 38
-0.614496, -2.83736, 0.617082, 37
-0.6225, -2.87432, 0.571664, 39
-0.627852, -2.89903, 0.523028, 41
-0.63387, -2.92682, 0.474309, 42
-0.638879, -2.94995, 0.4242, 35
-0.645391, -2.98002, 0.374383, 41
-0.646676, -2.98595, 0.321111, 37
-0.6174, -2.85077, 0.255192, 26
-0.589532, -2.72209, 0.19476, 37
-0.597771, -2.76014, 0.148006, 30
-0.683688, -3.15685, 0.112795, 34
-0.692466, -3.19738, 0.0571043, 34
-0.705271, -3.2565, 0, 33
-0.582431, -2.64905, 0.726764, 23
-0.551729, -2.50941, 0.640609, 36
-0.552372, -2.51233, 0.593871, 36
-0.623407, -2.83542, 0.617082, 37
-0.63237, -2.87618, 0.572427, 41
-0.636957, -2.89705, 0.523028, 41
-0.64391, -2.92867, 0.474935, 41
-0.649845, -2.95566, 0.425313, 36
-0.65475, -2.97797, 0.374383, 41
-0.656053, -2.9839, 0.321111, 35
-0.625497, -2.84492, 0.254843, 26
-0.598937, -2.72412, 0.195039, 36
-0.608155, -2.76605, 0.148425, 29
-0.69446, -3.15859, 0.112935, 33
-0.703366, -3.19909, 0.0571741, 35
-0.715498, -3.25427, 0, 34
-0.587384, -2.63212, 0.722623, 25
-0.560455, -2.51145, 0.641577, 40
-0.562808, -2.52199, 0.59657, 35
-0.63146, -2.82963, 0.61625, 36
-0.641403, -2.87418, 0.572427, 41
-0.646913, -2.89887, 0.523723, 42
-0.653108, -2.92663, 0.474935, 39
-0.65999, -2.95747, 0.42587, 36
-0.665832, -2.98365, 0.375358, 39
-0.666291, -2.98571, 0.32153, 33
-0.633563, -2.83905, 0.254495, 26
-0.606623, -2.71833, 0.19476, 37
-0.615972, -2.76022, 0.148215, 29
-0.70525, -3.16029, 0.113074, 33
-0.714284, -3.20077, 0.0572439, 37
-0.726589, -3.25591, 0, 34
-0.59309, -2.61896, 0.719517, 24
-0.569199, -2.51346, 0.642545, 40
-0.570729, -2.52021, 0.59657, 34
-0.64121, -2.83145, 0.617082, 36
-0.651296, -2.87598, 0.57319, 44
-0.656887, -2.90067, 0.524418, 39
-0.663171, -2.92842, 0.475561, 37
-0.669278, -2.95539, 0.42587, 36
-0.676079, -2.98542, 0.375845, 39
-0.675667, -2.9836, 0.32153, 33
-0.642479, -2.83705, 0.254495, 24
-0.616042, -2.72031, 0.195039, 36
-0.625522, -2.76217, 0.148425, 30
-0.715175, -3.15806, 0.113074, 33
-0.726102, -3.20631, 0.0573835, 38
-0.737698, -3.25751, 0, 34
-0.597854, -2.60202, 0.715376, 26
-0.577962, -2.51544, 0.643512, 38
-0.579516, -2.52221, 0.59747, 36
-0.64835, -2.82179, 0.615419, 30
-0.660328, -2.87392, 0.57319, 44
-0.66776, -2.90627, 0.525807, 39
-0.674137, -2.93402, 0.476812, 36
-0.680333, -2.96099, 0.426983, 38
-0.685454, -2.98328, 0.375845, 39
-0.684146, -2.97759, 0.321111, 32
-0.649604, -2.82725, 0.253798, 25
-0.624585, -2.71836, 0.195039, 34
-0.635091, -2.76409, 0.148634, 30
-0.725988, -3.15969, 0.113214, 32
-0.737963, -3.21181, 0.0575231, 35
-0.747032, -3.25128, 0, 35
-0.60164, -2.58131, 0.710199, 25
-0.586742, -2.51739, 0.64448, 38
-0.587437, -2.52037, 0.59747, 35
-0.655435, -2.81212, 0.613755, 28
-0.668462, -2.86801, 0.572427, 44
-0.677782, -2.90799, 0.526501, 39
-0.683351, -2.93189, 0.476812, 36
-0.689632, -2.95884, 0.426983, 34
-0.695724, -2.98498, 0.376333, 38
-0.6944, -2.9793, 0.32153, 33
-0.657579, -2.82132, 0.253449, 24
-0.635839, -2.72804, 0.195876, 38
-0.645585, -2.76986, 0.149053, 30
-0.737726, -3.16518, 0.113493, 33
-0.747141, -3.20558, 0.0574533, 35
-0.760875, -3.2645, 0, 33
-0.60708, -2.56813, 0.707094, 24
-0.593755, -2.51176, 0.643512, 35
-0.597145, -2.5261, 0.59927, 34
-0.660666, -2.79482, 0.610429, 23
-0.678373, -2.86972, 0.57319, 39
-0.686008, -2.90202, 0.525807, 41
-0.692559, -2.92973, 0.476812, 38
-0.700746, -2.96437, 0.428096, 36
-0.705098, -2.98278, 0.376333, 38
-0.703757, -2.9771, 0.32153, 32
-0.664606, -2.81148, 0.252752, 25
-0.644406, -2.72603, 0.195876, 36
-0.655203, -2.7717, 0.149262, 29
-0.746746, -3.15896, 0.113354, 34
-0.759969, -3.21489, 0.0576627, 36
-0.771127, -3.2621, 0, 34
-0.613344, -2.5587, 0.705023, 25
-0.602548, -2.51366, 0.64448, 36
-0.606895, -2.53179, 0.601069, 32
-0.668531, -2.78892, 0.609597, 20
-0.685554, -2.85994, 0.571664, 44
-0.69604, -2.90368, 0.526501, 43
-0.701759, -2.92754, 0.476812, 37
-0.710979, -2.966, 0.428653, 36
-0.716317, -2.98827, 0.377307, 37
-0.711251, -2.96714, 0.320693, 33
-0.674364, -2.81325, 0.2531, 25
-0.653897, -2.72787, 0.196155, 36
-0.667632, -2.78517, 0.1501, 28
-0.759462, -3.16826, 0.113772, 35
-0.770065, -3.21249, 0.0576627, 37
-0.782303, -3.26355, 0, 33
-0.61773, -2.54174, 0.700882, 27
-0.613192, -2.52307, 0.647383, 36
-0.613005, -2.5223, 0.59927, 37
-0.674518, -2.7754, 0.607102, 21
-0.694535, -2.85777, 0.571664, 39
-0.703298, -2.89382, 0.525112, 44
-0.712819, -2.933, 0.478064, 38
-0.720293, -2.96375, 0.428653, 36
-0.726638, -2.98986, 0.377795, 36
-0.721509, -2.96875, 0.321111, 33
-0.682257, -2.80725, 0.252752, 27
-0.663406, -2.72968, 0.196434, 36
-0.684868, -2.81799, 0.151984, 30
-0.769412, -3.16586, 0.113772, 35
-0.781098, -3.21394, 0.0577326, 35
-0.793497, -3.26496, 0, 34
-0.623863, -2.53228, 0.698811, 32
-0.620187, -2.51736, 0.646415, 37
-0.620926, -2.52036, 0.59927, 37
-0.678554, -2.75427, 0.602944, 19
-0.702571, -2.85176, 0.570901, 38
-0.712385, -2.8916, 0.525112, 40
-0.722975, -2.93458, 0.478689, 38
-0.729601, -2.96148, 0.428653, 38
-0.736978, -2.99142, 0.378282, 35
-0.730832, -2.96647, 0.321111, 32
-0.691073, -2.80509, 0.252752, 27
-0.672933, -2.73146, 0.196713, 35
-0.724295, -2.93994, 0.158683, 31
-0.78031, -3.16731, 0.113912, 33
-0.792147, -3.21535, 0.0578024, 32
-0.805664, -3.27022, 0, 34
-0.628071, -2.51532, 0.69467, 37
-0.627152, -2.51163, 0.645448, 35
-0.631674, -2.52974, 0.601969, 37
-0.685307, -2.74454, 0.601281, 21
-0.709624, -2.84192, 0.569374, 32
-0.721466, -2.88935, 0.525112, 44
-0.731233, -2.92846, 0.478064, 37
-0.739861, -2.96301, 0.42921, 37
-0.74541, -2.98524, 0.377795, 35
-0.741111, -2.96802, 0.32153, 30
-0.698917, -2.79904, 0.252403, 26
-0.683444, -2.73707, 0.197271, 33
-0.777075, -3.11205, 0.168103, 36
-0.791225, -3.16872, 0.114052, 33
-0.802245, -3.21285, 0.0578024, 34
-0.815934, -3.26767, 0, 34
-0.636918, -2.51708, 0.695706, 39
-0.635991, -2.51341, 0.646415, 37
-0.640574, -2.53152, 0.602869, 39
-0.690087, -2.7272, 0.597954, 22
-0.713732, -2.82064, 0.565558, 28
-0.729573, -2.88325, 0.524418, 40
-0.74043, -2.92615, 0.478064, 40
-0.751109, -2.96835, 0.430323, 36
-0.756732, -2.99058, 0.37877, 36
-0.749456, -2.96182, 0.321111, 27
-0.706729, -2.79297, 0.252054, 27
-0.690082, -2.72718, 0.196713, 37
-0.790767, -3.12508, 0.16894, 36
-0.803137, -3.17397, 0.114331, 37
-0.813315, -3.21419, 0.0578722, 36
-0.828158, -3.27285, 0, 34
-0.644823, -2.51506, 0.695706, 40
-0.644848, -2.51516, 0.647383, 37
-0.647556, -2.52572, 0.601969, 39
-0.695736, -2.71365, 0.595459, 21
-0.719665, -2.80698, 0.563268, 24
-0.736671, -2.87331, 0.523028, 40
-0.749619, -2.92381, 0.478064, 38
-0.759447, -2.96214, 0.429767, 37
-0.76711, -2.99203, 0.379257, 38
-0.757769, -2.9556, 0.320693, 26
-0.713521, -2.78301, 0.251357, 26
-0.701619, -2.73659, 0.19755, 38
-0.801573, -3.12645, 0.16915, 34
-0.814098, -3.1753, 0.11447, 39
-0.825396, -3.21937, 0.0580118, 36
-0.837442, -3.26635, 0, 35
-0.653692, -2.51676, 0.696741, 40
-0.652747, -2.51312, 0.647383, 35
-0.658427, -2.53499, 0.604668, 39
-0.700324, -2.6963, 0.592133, 22
-0.724531, -2.7895, 0.560215, 24
-0.745694, -2.87098, 0.523028, 34
-0.756814, -2.91379, 0.476812, 38
-0.769745, -2.96358, 0.430323, 37
-0.776506, -2.98961, 0.379257, 40
-0.765051, -2.9455, 0.319857, 27
-0.723262, -2.78461, 0.251706, 27
-0.711216, -2.73824, 0.197829, 40
-0.814404, -3.13552, 0.169778, 35
-0.825074, -3.1766, 0.11461, 37
-0.836511, -3.22063, 0.0580816, 37
-0.851722, -3.27919, 0, 35
-0.661595, -2.5147, 0.696741, 41
-0.661626, -2.51481, 0.648351, 33
-0.665396, -2.52914, 0.603769, 39
-0.7068, -2.68652, 0.590469, 21
-0.730294, -2.77582, 0.557926, 24
-0.750701, -2.85338, 0.52025, 29
-0.764959, -2.90758, 0.476186, 39
-0.778043, -2.95731, 0.429767, 38
-0.785894, -2.98715, 0.379257, 40
-0.7743, -2.94309, 0.319857, 26
-0.730993, -2.77848, 0.251357, 26
-0.719815, -2.73599, 0.197829, 40
-0.823234, -3.12908, 0.169568, 36
-0.837084, -3.18172, 0.114889, 36
-0.846625, -3.21799, 0.0580816, 36
-0.861002, -3.27263, 0, 35
-0.670487, -2.51634, 0.697776, 40
-0.671522, -2.52022, 0.650286, 29
-0.675345, -2.53457, 0.605568, 40
-0.711207, -2.66916, 0.587143, 21
-0.734967, -2.75833, 0.554873, 24
-0.755604, -2.83579, 0.517472, 23
-0.773073, -2.90134, 0.475561, 39
-0.78835, -2.95868, 0.430323, 38
-0.795275, -2.98467, 0.379257, 40
-0.782518, -2.93679, 0.319439, 27
-0.738692, -2.77231, 0.251009, 26
-0.727379, -2.72986, 0.19755, 38
-0.837174, -3.14192, 0.170406, 36
-0.845017, -3.17135, 0.11461, 36
-0.858789, -3.22304, 0.0582212, 36
-0.872309, -3.27378, 0, 35
-0.679396, -2.51795, 0.698811, 41
-0.679436, -2.5181, 0.650286, 15
-0.683304, -2.53244, 0.605568, 39
-0.716531, -2.65558, 0.584648, 20
-0.738514, -2.73706, 0.551056, 24
-0.758353, -2.81058, 0.513304, 22
-0.780125, -2.89127, 0.474309, 34
-0.794545, -2.94472, 0.428653, 38
-0.805682, -2.98599, 0.379745, 43
-0.789668, -2.92664, 0.318603, 27
-0.74636, -2.76613, 0.25066, 25
-0.738031, -2.73526, 0.198108, 37
-0.846, -3.13541, 0.170197, 35
-0.8581, -3.18026, 0.115029, 37
-0.869953, -3.22419, 0.058291, 36
-0.885715, -3.28261, 0, 34
-0.687303, -2.51581, 0.698811, 40
-0.680184, -2.48975, 0.643512, 5
-0.693311, -2.5378, 0.607368, 39
-0.721777, -2.64199, 0.582153, 20
-0.74297, -2.71957, 0.548003, 24
-0.764064, -2.79678, 0.51122, 23
-0.786081, -2.87737, 0.472432, 29
-0.803793, -2.94221, 0.428653, 38
-0.814012, -2.97961, 0.379257, 41
-0.79781, -2.92031, 0.318185, 27
-0.753996, -2.75993, 0.250311, 25
-0.74662, -2.73293, 0.198108, 38
-0.857951, -3.14045, 0.170615, 36
-0.86914, -3.1814, 0.115168, 38
-0.881131, -3.2253, 0.0583608, 37
-0.896024, -3.27981, 0, 35
-0.697263, -2.52108, 0.700882, 37
-0.681795, -2.46515, 0.637706, 3
-0.700242, -2.53185, 0.606468, 39
-0.725901, -2.62463, 0.578826, 22
-0.747324, -2.70209, 0.54495, 25
-0.768646, -2.77918, 0.508442, 23
-0.793011, -2.86728, 0.471181, 25
-0.811976, -2.93585, 0.428096, 37
-0.824427, -2.98087, 0.379745, 44
-0.80592, -2.91395, 0.317767, 28
-0.762663, -2.75755, 0.250311, 26
-0.754138, -2.72673, 0.197829, 43
-0.867813, -3.13774, 0.170615, 36
-0.880196, -3.18251, 0.115308, 38
-0.893392, -3.23022, 0.0585005, 37
-0.908455, -3.28469, 0, 34
-0.70518, -2.51888, 0.700882, 34
-0.687443, -2.45552, 0.635771, 3
-0.710294, -2.53715, 0.608268, 36
-0.729924, -2.60727, 0.5755, 21
-0.752633, -2.68838, 0.542661, 24
-0.772064, -2.75779, 0.504969, 23
-0.794559, -2.83814, 0.4668, 24
-0.819059, -2.92565, 0.426983, 33
-0.830577, -2.96679, 0.378282, 41
-0.812926, -2.90374, 0.31693, 27
-0.772397, -2.75898, 0.25066, 27
-0.763777, -2.72819, 0.198108, 58
-0.878743, -3.13884, 0.170825, 35
-0.891268, -3.18358, 0.115448, 37
-0.904613, -3.23125, 0.0585703, 35
-0.91877, -3.28182, 0, 34
-0.715196, -2.52409, 0.702953, 36
-0.693038, -2.44588, 0.633835, 3
-0.720386, -2.5424, 0.610067, 38
-0.734912, -2.59367, 0.573005, 22
-0.757864, -2.67467, 0.540371, 26
-0.777502, -2.74398, 0.502885, 24
-0.80024, -2.82422, 0.464923, 24
-0.826087, -2.91544, 0.42587, 30
-0.838811, -2.96035, 0.377795, 41
-0.819875, -2.89352, 0.316094, 28
-0.78106, -2.75654, 0.25066, 28
-0.772344, -2.72577, 0.198108, 65
-0.889688, -3.13991, 0.171034, 36
-0.903444, -3.18846, 0.115727, 37
-0.91476, -3.22839, 0.0585703, 36
-0.931257, -3.28661, 0, 34
-0.722057, -2.51811, 0.701917, 38
-0.700718, -2.4437, 0.633835, 3
-0.727295, -2.53638, 0.609167, 38
-0.737664, -2.57254, 0.568846, 23
-0.761934, -2.65718, 0.537318, 25
-0.781775, -2.72638, 0.500107, 24
-0.803664, -2.80271, 0.461795, 23
-0.829783, -2.8938, 0.423086, 27
-0.845918, -2.95007, 0.37682, 38
-0.826768, -2.88328, 0.315258, 28
-0.785323, -2.73875, 0.249265, 28
-0.782003, -2.72717, 0.198387, 69
-0.90175, -3.14478, 0.171453, 36
-0.912355, -3.18176, 0.115587, 36
-0.926, -3.22935, 0.0586401, 34
-0.941577, -3.28367, 0, 34
-0.731041, -2.51954, 0.702953, 35
-0.705147, -2.4303, 0.630932, 3
-0.736346, -2.53783, 0.610067, 37
-0.745742, -2.57021, 0.568846, 27
-0.766995, -2.64346, 0.535028, 25
-0.788141, -2.71634, 0.498718, 25
-0.810263, -2.79258, 0.460543, 25
-0.833351, -2.87215, 0.420303, 25
-0.854075, -2.94358, 0.376333, 36
-0.834714, -2.87685, 0.31484, 27
-0.795034, -2.74009, 0.249614, 29
-0.792791, -2.73236, 0.198945, 73
-0.912739, -3.14577, 0.171662, 37
-0.926802, -3.19423, 0.116146, 36
-0.935027, -3.22258, 0.0585703, 33
-0.956347, -3.29606, 0, 36
-0.740041, -2.52094, 0.703988, 37
-0.714965, -2.43552, 0.632868, 2
-0.746511, -2.54298, 0.611867, 35
-0.751609, -2.56035, 0.567183, 39
-0.770872, -2.62597, 0.531976, 25
-0.792233, -2.69873, 0.495939, 25
-0.815694, -2.77865, 0.458666, 24
-0.839023, -2.85812, 0.418633, 26
-0.857727, -2.92184, 0.373895, 33
-0.842627, -2.8704, 0.314422, 27
-0.802516, -2.73376, 0.249265, 31
-0.802495, -2.73369, 0.199224, 74
-0.923742, -3.14672, 0.171871, 36
-0.93458, -3.18364, 0.115866, 37
-0.948526, -3.23114, 0.0587797, 34
-0.966697, -3.29304, 0, 35
-0.749057, -2.52231, 0.705023, 38
-0.721508, -2.42954, 0.6319, 2
-0.755606, -2.54436, 0.612767, 32
-0.758535, -2.55422, 0.566351, 41
-0.775765, -2.61224, 0.529686, 27
-0.797343, -2.6849, 0.493855, 26
-0.817671, -2.75335, 0.454911, 24
-0.842359, -2.83648, 0.415849, 26
-0.863512, -2.90771, 0.372433, 34
-0.84711, -2.85248, 0.312749, 29
-0.812234, -2.73504, 0.249614, 32
-0.811079, -2.73115, 0.199224, 75
-0.93476, -3.14763, 0.172081, 37
-0.946853, -3.18835, 0.116146, 37
-0.95981, -3.23198, 0.0588495, 36
-0.978177, -3.29382, 0, 35
-0.756977, -2.51994, 0.705023, 35
-0.731371, -2.4347, 0.633835, 2
-0.765838, -2.54944, 0.614566, 31
-0.767681, -2.55557, 0.567183, 39
-0.780579, -2.59851, 0.527396, 27
-0.798974, -2.65975, 0.489688, 26
-0.82177, -2.73563, 0.452408, 24
-0.847848, -2.82244, 0.414179, 25
-0.869215, -2.89358, 0.37097, 32
-0.854923, -2.846, 0.312331, 28
-0.81853, -2.72485, 0.248917, 35
-0.819655, -2.72859, 0.199224, 75
-0.945793, -3.1485, 0.17229, 37
-0.959165, -3.19301, 0.116425, 36
-0.973411, -3.24044, 0.0590589, 36
-0.987369, -3.2869, 0, 35
-0.766014, -2.52125, 0.706058, 38
-0.741272, -2.43981, 0.635771, 2
-0.774976, -2.55075, 0.615466, 32
-0.775706, -2.55315, 0.567183, 41
-0.787597, -2.59229, 0.526633, 28
-0.805036, -2.64968, 0.488299, 29
-0.825766, -2.71792, 0.449906, 24
-0.853256, -2.8084, 0.412509, 26
-0.872531, -2.87184, 0.368533, 32
-0.862703, -2.83949, 0.311913, 28
-0.827086, -2.72226, 0.248917, 38
-0.828223, -2.726, 0.199224, 73
-0.959164, -3.15698, 0.172918, 37
-0.970354, -3.19381, 0.116564, 37
-0.984749, -3.24119, 0.0591288, 37
-0.998853, -3.28761, 0, 35
-0.7762, -2.52622, 0.708129, 37
-0.752353, -2.4486, 0.638674, 2
-0.781841, -2.54457, 0.614566, 34
-0.786021, -2.55818, 0.568846, 38
-0.791124, -2.57479, 0.52358, 35
-0.809885, -2.63585, 0.486215, 30
-0.83198, -2.70776, 0.448654, 26
-0.857421, -2.79056, 0.410282, 26
-0.878051, -2.8577, 0.36707, 31
-0.868114, -2.82536, 0.310659, 28
-0.836805, -2.72346, 0.249265, 38
-0.836783, -2.72339, 0.199224, 61
-0.967904, -3.15013, 0.172709, 38
-0.982731, -3.19839, 0.116844, 36
-0.997276, -3.24573, 0.0592684, 38
-1.0127, -3.29593, 0, 34
-0.786425, -2.53114, 0.710199, 38
-0.761194, -2.44993, 0.639642, 2
-0.790988, -2.54583, 0.615466, 35
-0.794054, -2.5557, 0.568846, 40
-0.802704, -2.58354, 0.52587, 40
-0.814655, -2.622, 0.484131, 30
-0.835794, -2.69004, 0.446151, 27
-0.862658, -2.7765, 0.408612, 26
-0.882312, -2.83976, 0.365121, 31
-0.875806, -2.81882, 0.31024, 29
-0.846539, -2.72462, 0.249614, 38
-0.841783, -2.70931, 0.198387, 58
-0.978981, -3.15089, 0.172918, 39
-0.992774, -3.19529, 0.116844, 35
-1.01103, -3.25404, 0.0594778, 38
-1.02305, -3.29273, 0, 34
-0.794373, -2.52866, 0.710199, 40
-0.77354, -2.46234, 0.643512, 2
-0.80015, -2.54705, 0.616366, 36
-0.803252, -2.55692, 0.569678, 39
-0.80964, -2.57726, 0.525106, 38
-0.820527, -2.61191, 0.482742, 32
-0.841872, -2.67986, 0.4449, 30
-0.86544, -2.75488, 0.405829, 26
-0.887659, -2.82561, 0.363658, 32
-0.882273, -2.80846, 0.309404, 28
-0.856289, -2.72575, 0.249963, 37
-0.851486, -2.71046, 0.198666, 53
-0.988874, -3.1478, 0.172918, 37
-1.0052, -3.19978, 0.117123, 35
-1.02125, -3.25084, 0.0594778, 37
-1.03579, -3.29713, 0, 35
-0.803483, -2.52983, 0.711235, 41
-0.785971, -2.4747, 0.647383, 3
-0.810507, -2.55195, 0.618165, 37
-0.812465, -2.55812, 0.57051, 40
-0.818921, -2.57844, 0.52587, 34
-0.826344, -2.60181, 0.481353, 39
-0.8467, -2.66591, 0.443022, 29
-0.870494, -2.74082, 0.404159, 26
-0.891725, -2.80767, 0.361708, 33
-0.886275, -2.79051, 0.307732, 28
-0.86726, -2.73064, 0.25066, 40
-0.857581, -2.70017, 0.198108, 47
-0.999968, -3.14848, 0.173127, 38
-1.01525, -3.1966, 0.117123, 36
-1.03024, -3.24381, 0.059408, 36
-1.04856, -3.30149, 0, 35
-0.812608, -2.53098, 0.71227, 38
-0.802047, -2.49808, 0.654157, 4
-0.819712, -2.5531, 0.619065, 34
-0.82289, -2.563, 0.572173, 43
-0.829418, -2.58333, 0.527396, 33
-0.834514, -2.59921, 0.481353, 43
-0.85024, -2.64819, 0.440519, 31
-0.874256, -2.72299, 0.401932, 28
-0.899327, -2.80108, 0.361221, 32
-0.891389, -2.77635, 0.306477, 29
-0.874616, -2.72411, 0.250311, 40
-0.868499, -2.70506, 0.198666, 37
-1.00863, -3.14152, 0.172918, 37
-1.02651, -3.19721, 0.117262, 37
-1.04165, -3.24436, 0.0594778, 34
-1.05893, -3.29818, 0, 36
-0.820555, -2.52841, 0.71227, 24
-0.812287, -2.50293, 0.656092, 5
-0.830135, -2.55793, 0.620865, 37
-0.830938, -2.5604, 0.572173, 41
-0.836317, -2.57698, 0.526633, 38
-0.843891, -2.60032, 0.482047, 41
-0.854896, -2.63423, 0.438642, 33
-0.880361, -2.71269, 0.400819, 28
-0.904446, -2.78691, 0.359758, 29
-0.898878, -2.76975, 0.306059, 28
-0.88563, -2.72893, 0.251009, 38
-0.879457, -2.70991, 0.199224, 28
-1.0185, -3.13834, 0.172918, 37
-1.03778, -3.19777, 0.117402, 38
-1.05431, -3.24868, 0.0596174, 36
-1.07175, -3.30244, 0, 34
-0.829698, -2.52949, 0.713305, 34
-0.829823, -2.52987, 0.663834, 11
-0.836952, -2.55161, 0.619965, 34
-0.842635, -2.56893, 0.574668, 43
-0.845633, -2.57807, 0.527396, 38
-0.853284, -2.6014, 0.482742, 44
-0.863168, -2.63153, 0.438642, 40
-0.882706, -2.6911, 0.398035, 31
-0.908247, -2.76896, 0.357808, 30
-0.905096, -2.75936, 0.305223, 28
-0.896683, -2.73371, 0.251706, 36
-0.897915, -2.73746, 0.201457, 19
-1.02711, -3.13133, 0.172709, 38
-1.04907, -3.19829, 0.117541, 37
-1.06825, -3.25675, 0.0598268, 37
-1.08337, -3.30286, 0, 33
-0.840072, -2.53421, 0.715376, 40
-0.84143, -2.53831, 0.666737, 21
-0.847416, -2.55636, 0.621765, 37
-0.849471, -2.56256, 0.573836, 36
-0.856199, -2.58286, 0.528923, 44
-0.862692, -2.60244, 0.483437, 41
-0.868944, -2.62131, 0.437391, 43
-0.888663, -2.68079, 0.396922, 32
-0.911945, -2.75102, 0.355858, 26
-0.910005, -2.74517, 0.303969, 28
-0.905266, -2.73088, 0.251706, 37
-0.927855, -2.79902, 0.2062, 18
-1.03568, -3.1243, 0.172499, 34
-1.0566, -3.18739, 0.117262, 36
-1.07973, -3.25718, 0.0598967, 37
-1.095, -3.30324, 0, 36
-0.850484, -2.53888, 0.717446, 38
-0.851866, -2.54301, 0.668672, 31
-0.855443, -2.55369, 0.621765, 38
-0.861245, -2.57101, 0.576331, 39
-0.864309, -2.58015, 0.528923, 39
-0.872114, -2.60346, 0.484131, 41
-0.879685, -2.62605, 0.438642, 39
-0.893306, -2.66672, 0.395252, 33
-0.916799, -2.73685, 0.354396, 31
-0.91357, -2.72721, 0.302296, 30
-0.917638, -2.73935, 0.252752, 34
-0.939179, -2.80366, 0.206758, 19
-1.04169, -3.10966, 0.171871, 31
-1.06534, -3.18026, 0.117123, 36
-1.08996, -3.25377, 0.0598967, 37
-1.10791, -3.30737, 0, 37
-0.859695, -2.53986, 0.718482, 36
-0.861095, -2.544, 0.66964, 34
-0.865961, -2.55837, 0.623564, 38
-0.869318, -2.56829, 0.576331, 39
-0.876187, -2.58858, 0.531212, 34
-0.880289, -2.6007, 0.484131, 39
-0.889197, -2.62702, 0.439268, 40
-0.90041, -2.66015, 0.394695, 38
-0.920301, -2.71891, 0.352446, 31
-0.920858, -2.72056, 0.301878, 31
-0.924962, -2.73268, 0.252403, 36
-0.954379, -2.81959, 0.208153, 17
-1.04889, -3.09881, 0.171453, 27
-1.07532, -3.1769, 0.117123, 36
-1.10274, -3.25791, 0.0600363, 38
-1.1183, -3.30387, 0, 39
-0.86892, -2.5408, 0.719517, 38
-0.871595, -2.54862, 0.671575, 32
-0.875255, -2.55933, 0.624464, 36
-0.897639, -2.62478, 0.589638, 58
-0.881774, -2.57839, 0.529686, 33
-0.891004, -2.60538, 0.48552, 37
-0.898724, -2.62795, 0.439894, 39
-0.90748, -2.65356, 0.394138, 40
-0.926269, -2.7085, 0.351471, 34
-0.926826, -2.71012, 0.301042, 33
-0.936121, -2.7373, 0.2531, 39
-0.958067, -2.80148, 0.207037, 18
-1.04957, -3.06904, 0.169987, 24
-1.084, -3.16972, 0.116983, 36
-1.11038, -3.24686, 0.0598967, 40
-1.12997, -3.30412, 0, 40
-0.87816, -2.54171, 0.720552, 38
-0.879598, -2.54587, 0.671575, 33
-0.917656, -2.65603, 0.648759, 64
-0.955711, -2.76617, 0.622072, 38
-0.893717, -2.58674, 0.531976, 37
-0.897899, -2.59884, 0.484826, 32
-0.908266, -2.62885, 0.440519, 38
-0.917106, -2.65444, 0.394695, 39
-0.929588, -2.69056, 0.349521, 35
-0.935335, -2.7072, 0.301042, 34
-0.946017, -2.73812, 0.253449, 38
-0.96556, -2.79468, 0.206758, 19
-1.05529, -3.0544, 0.169359, 22
-1.09004, -3.15497, 0.116564, 31
-1.12058, -3.24335, 0.0598967, 39
-1.14034, -3.30056, 0, 41
-0.88614, -2.53894, 0.720552, 42
-0.886312, -2.53943, 0.670608, 32
-0.946544, -2.71201, 0.663156, 68
-1.01339, -2.90353, 0.653674, 39
-0.901839, -2.58392, 0.531976, 39
-0.909953, -2.60717, 0.486909, 36
-0.91652, -2.62598, 0.440519, 36
-0.926746, -2.65528, 0.395252, 38
-0.936727, -2.68388, 0.349034, 39
-0.943836, -2.70425, 0.301042, 30
-0.957241, -2.74265, 0.254146, 36
-0.970391, -2.78033, 0.205921, 21
-1.05699, -3.02844, 0.168103, 22
-1.09731, -3.14398, 0.116285, 25
-1.12944, -3.23604, 0.0598268, 38
-1.15334, -3.30451, 0, 41
-0.895397, -2.53979, 0.721588, 40
-0.899448, -2.55128, 0.674478, 35
-1.01467, -2.8781, 0.704547, 47
-1.02381, -2.90402, 0.654506, 40
-0.924313, -2.62181, 0.540371, 45
-0.918139, -2.6043, 0.486909, 37
-0.927393, -2.63054, 0.441771, 36
-0.937717, -2.65983, 0.396365, 38
-0.947795, -2.68841, 0.350009, 42
-0.954972, -2.70877, 0.301878, 30
-0.967177, -2.74339, 0.254495, 35
-0.977794, -2.77351, 0.205642, 25
-1.06118, -3.01004, 0.167266, 23
-1.10187, -3.12544, 0.115727, 23
-1.1396, -3.23248, 0.0598268, 37
-1.16239, -3.2971, 0, 42
-0.905964, -2.54424, 0.723658, 38
-0.907458, -2.54844, 0.674478, 33
-1.03155, -2.89693, 0.709945, 45
-1.03818, -2.91553, 0.657833, 37
-0.979962, -2.75205, 0.567848, 32
-0.928959, -2.60882, 0.488299, 37
-0.936978, -2.63134, 0.442397, 33
-0.947397, -2.6606, 0.396922, 39
-0.956236, -2.68542, 0.350009, 37
-0.963477, -2.70576, 0.301878, 29
-0.974455, -2.73659, 0.254146, 37
-0.990518, -2.7817, 0.206479, 28
-1.06393, -2.98787, 0.166219, 23
-1.10363, -3.09936, 0.114889, 23
-1.14707, -3.22135, 0.0596872, 37
-1.1714, -3.28966, 0, 42
-0.912645, -2.53775, 0.722623, 36
-0.918087, -2.55288, 0.676414, 30
-1.04328, -2.90101, 0.711745, 45
-1.04998, -2.91962, 0.659496, 40
-1.0484, -2.91523, 0.602193, 38
-0.94115, -2.61701, 0.490382, 37
-0.947913, -2.63582, 0.443648, 35
-0.955751, -2.65761, 0.396922, 34
-0.964668, -2.6824, 0.350009, 36
-0.974665, -2.7102, 0.302714, 30
-0.98035, -2.72601, 0.253449, 43
-0.999252, -2.77857, 0.206479, 29
-1.06791, -2.96948, 0.165382, 24
-1.1066, -3.07707, 0.114191, 23
-1.15448, -3.2102, 0.0595476, 31
-1.17902, -3.27844, 0, 44
-0.925888, -2.54939, 0.726764, 37
-0.928752, -2.55728, 0.678349, 31
-1.05505, -2.90505, 0.713545, 43
-1.06048, -2.91999, 0.660328, 38
-1.06157, -2.92299, 0.604483, 38
-0.969537, -2.66958, 0.500801, 55
-0.954841, -2.62911, 0.443022, 32
-0.965448, -2.65832, 0.397478, 39
-0.9758, -2.68682, 0.350984, 33
-0.987249, -2.71835, 0.303969, 28
-0.990269, -2.72666, 0.253798, 61
-1.00798, -2.77542, 0.206479, 31
-1.07178, -2.95109, 0.164544, 24
-1.10944, -3.05479, 0.113493, 23
-1.16183, -3.19904, 0.059408, 27
-1.19068, -3.27848, 0, 45
-0.935223, -2.5501, 0.727799, 36
-0.936782, -2.55435, 0.678349, 32
-1.06686, -2.90904, 0.715344, 44
-1.071, -2.92031, 0.661159, 37
-1.07616, -2.93439, 0.607536, 37
-1.02403, -2.79226, 0.524418, 37
-0.965816, -2.63352, 0.444274, 34
-0.976522, -2.66271, 0.398592, 36
-0.985603, -2.68747, 0.351471, 35
-0.994414, -2.7115, 0.303551, 26
-1.00157, -2.73102, 0.254495, 69
-1.01806, -2.77599, 0.206758, 31
-1.07829, -2.94021, 0.164126, 25
-1.11215, -3.03253, 0.112795, 24
-1.16361, -3.17284, 0.0589891, 25
-1.19959, -3.27097, 0, 40
-0.94323, -2.54715, 0.727799, 37
-0.948845, -2.56231, 0.681252, 34
-1.0787, -2.91298, 0.717144, 43
-1.08288, -2.92427, 0.662822, 37
-1.0881, -2.93836, 0.609062, 37
-1.09162, -2.94788, 0.554285, 38
-0.989176, -2.67123, 0.451157, 44
-0.984882, -2.65963, 0.398592, 37
-0.99542, -2.68809, 0.351959, 31
-1.00569, -2.71582, 0.304387, 28
-1.00877, -2.72413, 0.254146, 74
-1.03232, -2.78774, 0.207874, 30
-1.08059, -2.91808, 0.163079, 26
-1.11751, -3.01777, 0.112376, 25
-1.16663, -3.15042, 0.0586401, 23
-1.2057, -3.25593, 0, 37
-0.952581, -2.54779, 0.728834, 37
-0.954172, -2.55205, 0.679317, 36
-1.08648, -2.90593, 0.716244, 42
-1.09206, -2.92086, 0.662822, 39
-1.0987, -2.9386, 0.609826, 37
-1.10502, -2.9555, 0.556369, 37
-1.00863, -2.69771, 0.456163, 51
-0.997394, -2.66765, 0.400262, 40
-1.00525, -2.68866, 0.352446, 34
-1.01561, -2.71637, 0.304805, 25
-1.02011, -2.72841, 0.254843, 78
-1.03968, -2.78075, 0.207595, 30
-1.08415, -2.8997, 0.162241, 26
-1.11858, -2.99178, 0.111539, 25
-1.16951, -3.12801, 0.058291, 23
-1.21312, -3.24463, 0, 34
-0.961944, -2.5484, 0.72987, 35
-0.964926, -2.5563, 0.681252, 34
-1.09698, -2.90615, 0.717144, 42
-1.10538, -2.92839, 0.665317, 39
-1.10793, -2.93514, 0.609826, 37
-1.12125, -2.97045, 0.559842, 36
-1.07989, -2.86086, 0.484321, 36
-1.00577, -2.66451, 0.400262, 35
-1.01509, -2.68921, 0.352934, 33
-1.02414, -2.71317, 0.304805, 26
-1.03149, -2.73265, 0.255541, 79
-1.04982, -2.7812, 0.207874, 32
-1.08621, -2.8776, 0.161195, 26
-1.12374, -2.97703, 0.11112, 25
-1.17369, -3.10935, 0.0580118, 23
-1.22048, -3.23332, 0, 31
-0.969946, -2.54537, 0.72987, 37
-0.975716, -2.56051, 0.683187, 35
-1.11027, -2.91361, 0.719843, 42
-1.11597, -2.92856, 0.666149, 38
-1.11994, -2.93898, 0.611352, 38
-1.13198, -2.97059, 0.560536, 35
-1.1367, -2.98297, 0.505596, 35
-1.04094, -2.73166, 0.410839, 60
-1.02495, -2.68972, 0.353421, 34
-1.03407, -2.71366, 0.305223, 27
-1.04149, -2.73311, 0.255889, 79
-1.05997, -2.78162, 0.208153, 32
-1.09097, -2.86297, 0.160567, 25
-1.12597, -2.95481, 0.110422, 25
-1.17348, -3.07949, 0.0575231, 25
-1.22493, -3.21452, 0, 29
-0.980712, -2.54952, 0.73194, 36
-0.987935, -2.5683, 0.686091, 34
-1.12082, -2.91375, 0.720743, 42
-1.12657, -2.92869, 0.666981, 39
-1.13057, -2.93911, 0.612115, 37
-1.14272, -2.97069, 0.561231, 35
-1.1489, -2.98676, 0.506848, 33
-1.06231, -2.76165, 0.415849, 57
-1.03482, -2.69019, 0.353909, 35
-1.04545, -2.71782, 0.306059, 28
-1.05007, -2.72983, 0.255889, 79
-1.073, -2.78945, 0.20899, 31
-1.09709, -2.85208, 0.160148, 26
-1.12951, -2.93633, 0.109864, 25
-1.17884, -3.06459, 0.0573137, 24
-1.22928, -3.19572, 0, 28
-0.991513, -2.55363, 0.734011, 36
-0.994594, -2.56156, 0.685123, 33
-1.13279, -2.91748, 0.722543, 40
-1.13576, -2.92514, 0.666981, 40
-1.14264, -2.94287, 0.613642, 38
-1.15348, -2.97076, 0.561926, 35
-1.16257, -2.99418, 0.508725, 34
-1.16417, -2.99831, 0.452034, 42
-1.04471, -2.69062, 0.354396, 35
-1.05542, -2.71823, 0.306477, 25
-1.05864, -2.72652, 0.255889, 74
-1.08032, -2.78234, 0.208711, 32
-1.10316, -2.84117, 0.159729, 28
-1.13294, -2.91786, 0.109305, 26
-1.18122, -3.04223, 0.0569647, 24
-1.23642, -3.18439, 0, 26
-0.999531, -2.5505, 0.734011, 31
-1.00547, -2.56565, 0.687058, 33
-1.14337, -2.91753, 0.723443, 42
-1.1478, -2.92884, 0.668644, 39
-1.15332, -2.94292, 0.614405, 35
-1.1628, -2.96712, 0.561926, 36
-1.17485, -2.99787, 0.509976, 36
-1.17648, -3.00202, 0.453148, 42
-1.05605, -2.69472, 0.355371, 35
-1.06686, -2.72231, 0.307314, 24
-1.06284, -2.71205, 0.254843, 61
-1.09342, -2.79008, 0.209548, 29
-1.10771, -2.82653, 0.159101, 31
-1.13626, -2.8994, 0.108747, 25
-1.1864, -3.02733, 0.0567552, 25
-1.2362, -3.15442, 0, 25
-1.00754, -2.54735, 0.734011, 30
-1.01495, -2.56609, 0.688026, 32
-1.1554, -2.92117, 0.725242, 42
-1.15844, -2.92886, 0.669476, 39
-1.16689, -2.95023, 0.616695, 35
-1.17502, -2.97078, 0.563315, 36
-1.18281, -2.99049, 0.509351, 36
-1.19173, -3.01304, 0.455374, 43
-1.06743, -2.69877, 0.356346, 32
-1.0798, -2.73004, 0.308568, 25
-1.07282, -2.7124, 0.255192, 58
-1.10218, -2.78663, 0.209548, 32
-1.11658, -2.82304, 0.159101, 32
-1.13949, -2.88095, 0.108188, 28
-1.19002, -3.00871, 0.056476, 25
-1.24169, -3.13936, 0, 24
-1.01697, -2.54776, 0.735046, 27
-1.02876, -2.57731, 0.691897, 28
-1.16312, -2.91391, 0.724342, 40
-1.17053, -2.93248, 0.671139, 38
-1.17615, -2.94655, 0.616695, 36
-1.18726, -2.97439, 0.564704, 36
-1.19513, -2.9941, 0.510602, 36
-1.20119, -3.00928, 0.455374, 42
-1.08474, -2.71753, 0.359271, 29
-1.08689, -2.72294, 0.30815, 31
-1.08134, -2.70902, 0.255192, 51
-1.11241, -2.78686, 0.209827, 29
-1.12692, -2.82322, 0.159311, 33
-1.14705, -2.87364, 0.108049, 30
-1.19354, -2.9901, 0.0561967, 25
-1.24562, -3.12058, 0, 23
-1.01919, -2.53022, 0.730905, 19
-1.03976, -2.58126, 0.693832, 24
-1.17664, -2.92109, 0.727042, 39
-1.1812, -2.93241, 0.671971, 38
-1.18834, -2.95013, 0.618221, 34
-1.19807, -2.9743, 0.565398, 35
-1.20896, -3.00133, 0.512479, 36
-1.21064, -3.00549, 0.455374, 41
-1.10365, -2.73989, 0.362683, 24
-1.09842, -2.72689, 0.308986, 32
-1.09133, -2.7093, 0.255541, 44
-1.12414, -2.79075, 0.210386, 26
-1.13877, -2.82708, 0.159729, 31
-1.15308, -2.86261, 0.10777, 33
-1.19695, -2.9715, 0.0559175, 26
-1.24794, -3.0981, 0, 22
-1.02568, -2.52342, 0.72987, 10
-1.05955, -2.60675, 0.701574, 17
-1.18875, -2.9246, 0.728841, 39
-1.19335, -2.93594, 0.673634, 38
-1.19908, -2.95002, 0.618984, 36
-1.21186, -2.98147, 0.567482, 37
-1.21987, -3.00117, 0.513105, 36
-1.22306, -3.00901, 0.456488, 42
-1.14215, -2.80997, 0.372433, 20
-1.10997, -2.7308, 0.309822, 32
-1.10284, -2.71324, 0.256238, 35
-1.1344, -2.7909, 0.210665, 26
-1.14915, -2.82719, 0.159939, 29
-1.16358, -2.86268, 0.107909, 31
-1.19875, -2.9492, 0.0555685, 25
-1.25315, -3.08305, 0, 23
-1.01894, -2.48444, 0.719517, 6
-1.09424, -2.66804, 0.718992, 16
-1.19941, -2.92446, 0.729741, 41
-1.20554, -2.93941, 0.675297, 37
-1.20983, -2.94987, 0.619748, 34
-1.22272, -2.98129, 0.568177, 39
-1.23229, -3.00464, 0.514357, 35
-1.23401, -3.00882, 0.457044, 42
-1.15851, -2.82473, 0.37487, 21
-1.12006, -2.73098, 0.31024, 31
-1.12043, -2.73189, 0.25833, 28
-1.14317, -2.78733, 0.210665, 27
-1.15803, -2.82357, 0.159939, 26
-1.17408, -2.8627, 0.108049, 30
-1.20042, -2.92692, 0.0552194, 27
-1.25524, -3.06059, 0, 24
-1.02379, -2.47409, 0.717446, 4
-1.13675, -2.74708, 0.741249, 17
-1.21008, -2.92427, 0.730641, 40
-1.21627, -2.93923, 0.676129, 38
-1.22059, -2.94968, 0.620511, 33
-1.23358, -2.98108, 0.568871, 37
-1.24323, -3.0044, 0.514982, 34
-1.24497, -3.00859, 0.457601, 41
-1.16738, -2.82108, 0.37487, 22
-1.12863, -2.72745, 0.31024, 32
-1.14272, -2.76149, 0.261467, 28
-1.15497, -2.7911, 0.211223, 29
-1.17148, -2.83099, 0.160567, 28
-1.18765, -2.87008, 0.108468, 30
-1.20502, -2.91205, 0.05501, 30
-1.25873, -3.04185, 0, 24
-1.03453, -2.47799, 0.719517, 2
-1.17379, -2.81154, 0.759635, 20
-1.22226, -2.92765, 0.732441, 39
-1.22851, -2.94261, 0.677792, 34
-1.23288, -2.95308, 0.622037, 34
-1.24446, -2.98082, 0.569566, 38
-1.25571, -3.00777, 0.516234, 35
-1.25441, -3.00466, 0.457601, 40
-1.17929, -2.82472, 0.375845, 23
-1.14026, -2.73123, 0.311077, 30
-1.15446, -2.76524, 0.262164, 30
-1.16834, -2.7985, 0.21206, 27
-1.1819, -2.83098, 0.160776, 30
-1.19666, -2.86634, 0.108468, 30
-1.2157, -2.91194, 0.0550798, 34
-1.25749, -3.01204, 0, 25
-1.04231, -2.47473, 0.719517, 2
-1.20371, -2.85792, 0.773182, 24
-1.23448, -2.93098, 0.73424, 41
-1.23927, -2.94234, 0.678624, 35
-1.24672, -2.96005, 0.624327, 34
-1.25535, -2.98053, 0.570261, 37
-1.26515, -3.00381, 0.516234, 35
-1.26538, -3.00436, 0.458158, 41
-1.19278, -2.83198, 0.377307, 25
-1.15347, -2.73863, 0.312331, 30
-1.16778, -2.77262, 0.26321, 28
-1.17713, -2.79482, 0.21206, 32
-1.19544, -2.8383, 0.161404, 32
-1.20877, -2.86993, 0.108747, 31
-1.2264, -2.91179, 0.0551496, 31
-1.26229, -2.99702, 0, 25
-1.05159, -2.475, 0.720552, 2
-1.22179, -2.87556, 0.778989, 25
-1.24521, -2.93068, 0.73514, 40
-1.25003, -2.94204, 0.679455, 36
-1.25755, -2.95973, 0.62509, 34
-1.26779, -2.98382, 0.57165, 36
-1.27768, -3.0071, 0.517485, 34
-1.27327, -2.99672, 0.457601, 39
-1.20167, -2.82822, 0.377307, 26
-1.16362, -2.73866, 0.312749, 32
-1.17648, -2.76894, 0.26321, 27
-1.20775, -2.84252, 0.215966, 34
-1.20591, -2.8382, 0.161613, 31
-1.21934, -2.8698, 0.108886, 30
-1.2371, -2.9116, 0.0552194, 31
-1.26701, -2.98199, 0, 28
-1.06393, -2.48234, 0.723658, 2
-1.23234, -2.87527, 0.779956, 28
-1.25594, -2.93033, 0.73604, 40
-1.26235, -2.94529, 0.681119, 36
-1.2653, -2.95216, 0.624327, 34
-1.28181, -2.99069, 0.573734, 37
-1.28867, -3.0067, 0.518111, 35
-1.28268, -2.99271, 0.457601, 38
-1.20899, -2.82078, 0.37682, 27
-1.17222, -2.73499, 0.312749, 34
-1.18832, -2.77255, 0.263908, 30
-1.25126, -2.9194, 0.222105, 31
-1.2164, -2.83807, 0.161823, 30
-1.2315, -2.8733, 0.109166, 31
-1.24939, -2.91505, 0.055359, 31
-1.27795, -2.98167, 0, 29
0, 0, 0, 0
-1.24753, -2.88563, 0.783827, 30
-1.26669, -2.92995, 0.73694, 37
-1.27315, -2.9449, 0.68195, 33
-1.27768, -2.95537, 0.625853, 33
-1.2912, -2.98664, 0.573734, 38
-1.30281, -3.01351, 0.519988, 34
-1.29364, -2.9923, 0.458158, 36
-1.21942, -2.82061, 0.377307, 27
-1.18396, -2.73859, 0.313585, 31
-1.1986, -2.77246, 0.264256, 33
-1.36493, -3.15719, 0.24052, 33
-1.24433, -2.87823, 0.164335, 34
-1.24211, -2.87309, 0.109305, 33
-1.26013, -2.91478, 0.0554288, 29
-1.28413, -2.9703, 0, 32
-1.08414, -2.48623, 0.726764, 2
-1.26279, -2.89593, 0.787698, 33
-1.28212, -2.94025, 0.740539, 38
-1.28552, -2.94806, 0.683614, 36
-1.29324, -2.96574, 0.628906, 33
-1.30372, -2.9898, 0.575123, 36
-1.31385, -3.01303, 0.520614, 36
-1.30462, -2.99185, 0.458715, 33
-1.22669, -2.81313, 0.37682, 27
-1.19574, -2.74215, 0.314422, 33
-1.22801, -2.81617, 0.268788, 37
-1.37962, -3.16386, 0.241357, 34
-1.27732, -2.92923, 0.167475, 42
-1.25272, -2.87284, 0.109445, 33
-1.27248, -2.91814, 0.0555685, 30
-1.29666, -2.97359, 0, 29
-1.08728, -2.4722, 0.723658, 2
-1.27657, -2.90261, 0.790601, 32
-1.28978, -2.93263, 0.739639, 38
-1.29635, -2.94759, 0.684445, 37
-1.30571, -2.96885, 0.630433, 33
-1.3147, -2.98929, 0.575817, 36
-1.3265, -3.01612, 0.521865, 35
-1.31401, -2.98774, 0.458715, 32
-1.23552, -2.80926, 0.37682, 28
-1.20435, -2.73838, 0.314422, 35
-1.2561, -2.85607, 0.272972, 37
-1.39277, -3.16681, 0.241915, 35
-1.39265, -3.16654, 0.181292, 32
-1.26657, -2.87987, 0.109864, 32
-1.28325, -2.91779, 0.0556383, 32
-1.30599, -2.9695, 0, 27
-1.11071, -2.50409, 0.734011, 2
-1.28883, -2.90568, 0.792536, 33
-1.30215, -2.93569, 0.741439, 39
-1.30719, -2.94708, 0.685277, 38
-1.31503, -2.96474, 0.630433, 34
-1.33047, -2.99955, 0.578596, 35
-1.33917, -3.01916, 0.523117, 35
-1.32018, -2.97635, 0.457601, 29
-1.24273, -2.80174, 0.376333, 28
-1.21133, -2.73095, 0.314003, 43
-1.36686, -3.08159, 0.294935, 33
-1.40433, -3.16607, 0.242194, 32
-1.42203, -3.20596, 0.183804, 31
-1.27723, -2.87953, 0.110003, 26
-1.29241, -2.91375, 0.0556383, 31
-1.32018, -2.97635, 0, 29
-1.12645, -2.51822, 0.739187, 2
-1.30113, -2.9087, 0.794472, 34
-1.31455, -2.9387, 0.743238, 39
-1.32124, -2.95367, 0.687772, 36
-1.33075, -2.97493, 0.633486, 33
-1.33828, -2.99176, 0.577901, 36
-1.35187, -3.02215, 0.524368, 35
-1.33114, -2.97581, 0.458158, 28
-1.2499, -2.7942, 0.375845, 28
-1.22153, -2.73076, 0.314422, 54
-1.40094, -3.13184, 0.300164, 35
-1.41916, -3.17257, 0.243032, 33
-1.43698, -3.21242, 0.184432, 33
-1.3532, -3.02511, 0.115727, 68
-1.30646, -2.92062, 0.0558477, 33
-1.33116, -2.97584, 0, 28
-1.14866, -2.54637, 0.748505, 2
-1.31185, -2.90814, 0.795439, 34
-1.33018, -2.94877, 0.746837, 39
-1.33212, -2.95307, 0.688604, 36
-1.3417, -2.97431, 0.634249, 32
-1.35253, -2.99831, 0.579985, 36
-1.36136, -3.01789, 0.524368, 32
-1.33723, -2.96439, 0.457044, 27
-1.25704, -2.78664, 0.375358, 29
-1.23174, -2.73054, 0.31484, 63
-1.41569, -3.13832, 0.30121, 35
-1.42912, -3.16809, 0.243032, 33
-1.45035, -3.21517, 0.184851, 33
-1.42023, -3.14839, 0.120613, 45
-1.31892, -2.9238, 0.0559873, 31
-1.34214, -2.97529, 0, 29
-1.15665, -2.54275, 0.748505, 3
-1.32741, -2.91813, 0.79931, 35
-1.33783, -2.94103, 0.745938, 38
-1.34625, -2.95955, 0.691098, 37
-1.35104, -2.97008, 0.634249, 34
-1.36194, -2.99405, 0.579985, 35
-1.37574, -3.02438, 0.526246, 34
-1.34325, -2.95296, 0.455931, 27
-1.26415, -2.77906, 0.37487, 29
-1.24031, -2.72666, 0.31484, 67
-1.42554, -3.13386, 0.30121, 36
-1.44567, -3.17812, 0.244148, 32
-1.46376, -3.21787, 0.185269, 34
-1.48142, -3.25671, 0.12494, 31
-1.33141, -2.92692, 0.0561269, 32
-1.35148, -2.97106, 0, 29
-1.17108, -2.55315, 0.752646, 5
-1.33657, -2.91395, 0.79931, 36
-1.34868, -2.94035, 0.746837, 38
-1.35717, -2.95887, 0.69193, 37
-1.36364, -2.97296, 0.635776, 34
-1.37627, -3.0005, 0.582069, 35
-1.38688, -3.02364, 0.526871, 32
-1.35417, -2.95233, 0.456488, 27
-1.27122, -2.77147, 0.374383, 30
-1.2555, -2.73721, 0.316512, 65
-1.44202, -3.14385, 0.302605, 34
-1.45565, -3.17356, 0.244148, 33
-1.47552, -3.21689, 0.185479, 33
-1.49498, -3.25931, 0.125219, 30
-1.38228, -3.0136, 0.0578722, 50
-1.36415, -2.97407, 0, 28
-1.18396, -2.55998, 0.755752, 6
-1.35061, -2.9203, 0.802213, 34
-1.36282, -2.94672, 0.749537, 39
-1.36975, -2.96169, 0.693593, 37
-1.37462, -2.97223, 0.636539, 34
-1.39065, -3.00688, 0.584152, 34
-1.39803, -3.02285, 0.527497, 35
-1.36012, -2.94087, 0.455374, 27
-1.27992, -2.76746, 0.374383, 28
-1.26577, -2.73686, 0.31693, 59
-1.45524, -3.14654, 0.303302, 36
-1.47064, -3.17984, 0.244985, 34
-1.4873, -3.21586, 0.185688, 32
-1.51025, -3.26548, 0.125638, 30
-1.42196, -3.07459, 0.0591288, 42
-1.37684, -2.97703, 0, 28
-1.19853, -2.57025, 0.759893, 11
-1.36305, -2.92308, 0.804148, 36
-1.37207, -2.94242, 0.749537, 36
-1.37905, -2.95737, 0.693593, 36
-1.38893, -2.97857, 0.638829, 33
-1.39842, -2.99893, 0.583458, 34
-1.41086, -3.02561, 0.528749, 35
-1.366, -2.9294, 0.454261, 27
-1.28693, -2.75983, 0.373895, 28
-1.27436, -2.73287, 0.31693, 65
-1.46848, -3.14917, 0.303999, 34
-1.48231, -3.17882, 0.245264, 32
-1.50246, -3.22203, 0.186316, 31
-1.52388, -3.26797, 0.125917, 28
-1.52626, -3.27309, 0.0630381, 38
-1.38788, -2.97631, 0, 27
-1.20495, -2.56298, 0.758857, 20
-1.37553, -2.92581, 0.806084, 37
-1.38628, -2.94868, 0.752236, 36
-1.39166, -2.96011, 0.695257, 35
-1.40162, -2.9813, 0.640355, 34
-1.41287, -3.00522, 0.585542, 35
-1.42204, -3.02473, 0.529374, 36
-1.3752, -2.92509, 0.454261, 26
-1.2939, -2.75218, 0.373408, 30
-1.28294, -2.72885, 0.31693, 55
-1.48006, -3.14815, 0.304348, 34
-1.49398, -3.17775, 0.245543, 33
-1.51597, -3.22453, 0.186735, 32
-1.53584, -3.26678, 0.126057, 31
-1.54164, -3.27913, 0.0632475, 38
-1.40233, -2.9828, 0, 27
-1.22293, -2.58013, 0.765069, 30
-1.38638, -2.92498, 0.807051, 37
-1.40055, -2.95487, 0.754936, 36
-1.40598, -2.96633, 0.697752, 35
-1.41098, -2.97688, 0.640355, 36
-1.42568, -3.00788, 0.586931, 35
-1.43492, -3.02739, 0.530626, 36
-1.38268, -2.91718, 0.453704, 26
-1.29914, -2.74092, 0.372433, 32
-1.2915, -2.72481, 0.31693, 61
-1.49336, -3.15069, 0.305045, 33
-1.50909, -3.18386, 0.24638, 32
-1.52952, -3.22697, 0.187153, 30
-1.54952, -3.26916, 0.126336, 29
-1.55536, -3.2815, 0.0633871, 40
-1.42368, -3.00368, 0, 27
-1.22936, -2.57279, 0.764034, 34
-1.40058, -2.93112, 0.809955, 39
-1.41151, -2.95397, 0.755836, 37
-1.41698, -2.96543, 0.698583, 36
-1.42371, -2.97952, 0.641881, 35
-1.43682, -3.00694, 0.587625, 35
-1.44613, -3.02643, 0.531251, 35
-1.39013, -2.90925, 0.453148, 25
-1.30946, -2.74041, 0.37292, 34
-1.29663, -2.71356, 0.316094, 52
-1.50669, -3.15317, 0.305742, 32
-1.5208, -3.18271, 0.246659, 32
-1.54137, -3.22575, 0.187363, 31
-1.56323, -3.27149, 0.126615, 29
-1.56739, -3.28021, 0.0634569, 39
-1.45553, -3.04611, 0, 22
-1.24079, -2.57587, 0.766104, 35
-1.41315, -2.9337, 0.81189, 39
-1.42247, -2.95304, 0.756735, 37
-1.42799, -2.96449, 0.699415, 35
-1.43477, -2.97857, 0.642645, 35
-1.44967, -3.00951, 0.589015, 33
-1.45734, -3.02543, 0.531877, 36
-1.40099, -2.90843, 0.453704, 25
-1.31978, -2.73986, 0.373408, 37
-1.30687, -2.71306, 0.316512, 46
-1.51832, -3.15201, 0.306091, 33
-1.53252, -3.18151, 0.246938, 33
-1.55496, -3.22809, 0.187781, 30
-1.57697, -3.27377, 0.126895, 29
-1.57595, -3.27166, 0.0633871, 40
-1.4894, -3.09198, 0, 22
-1.25057, -2.57544, 0.76714, 34
-1.42575, -2.93622, 0.813825, 39
-1.43515, -2.95557, 0.758535, 37
-1.44071, -2.96702, 0.701078, 36
-1.44755, -2.98111, 0.644171, 35
-1.46428, -3.01557, 0.591098, 33
-1.46857, -3.0244, 0.532503, 36
-1.40493, -2.89333, 0.452034, 26
-1.33012, -2.73927, 0.373895, 40
-1.31365, -2.70536, 0.316094, 40
-1.53169, -3.15439, 0.306788, 32
-1.54948, -3.19104, 0.248054, 32
-1.56859, -3.23038, 0.1882, 30
-1.58899, -3.2724, 0.127034, 27
-1.58972, -3.27389, 0.0635268, 40
-1.50959, -3.10887, 0, 23
-1.25865, -2.5715, 0.76714, 32
-1.43497, -2.93173, 0.813825, 39
-1.44785, -2.95804, 0.760335, 35
-1.45346, -2.96951, 0.702742, 36
-1.46381, -2.99065, 0.647224, 35
-1.47375, -3.01096, 0.591098, 34
-1.4798, -3.02332, 0.533129, 35
-1.41401, -2.8889, 0.452034, 25
-1.33523, -2.72795, 0.37292, 41
-1.32739, -2.71194, 0.317348, 33
-1.54335, -3.15315, 0.307137, 33
-1.56125, -3.18974, 0.248333, 32
-1.58224, -3.23261, 0.188619, 31
-1.60453, -3.27816, 0.127453, 30
-1.59824, -3.26529, 0.0634569, 36
-1.52286, -3.1113, 0, 23
-1.27185, -2.57792, 0.770245, 32
-1.44589, -2.93069, 0.814793, 38
-1.45886, -2.95698, 0.761234, 36
-1.46625, -2.97195, 0.704405, 35
-1.47494, -2.98956, 0.647987, 34
-1.48495, -3.00985, 0.591793, 34
-1.49104, -3.02219, 0.533754, 35
-1.42308, -2.88444, 0.452034, 26
-1.35082, -2.73798, 0.37487, 38
-1.34295, -2.72203, 0.319021, 27
-1.55677, -3.15543, 0.307834, 32
-1.5748, -3.19197, 0.248891, 31
-1.59592, -3.23479, 0.189037, 30
-1.61836, -3.28027, 0.127732, 32
-1.60849, -3.26025, 0.0634569, 35
-1.53617, -3.11367, 0, 24
-1.28338, -2.58083, 0.772316, 31
-1.45855, -2.93308, 0.816728, 40
-1.47161, -2.95936, 0.763034, 36
-1.47906, -2.97433, 0.706068, 36
-1.48432, -2.98491, 0.647987, 33
-1.49966, -3.01575, 0.593877, 35
-1.50404, -3.02457, 0.535006, 35
-1.4286, -2.87287, 0.450921, 26
-1.36295, -2.74083, 0.375845, 37
-1.36566, -2.74629, 0.322366, 22
-1.572, -3.16123, 0.30888, 32
-1.58837, -3.19415, 0.249449, 33
-1.61141, -3.24049, 0.189666, 30
-1.634, -3.28591, 0.128151, 32
-1.61694, -3.2516, 0.0633871, 34
-1.54773, -3.11241, 0, 25
-1.29668, -2.58715, 0.775422, 30
-1.46775, -2.92849, 0.816728, 39
-1.47916, -2.95124, 0.762134, 37
-1.49015, -2.97317, 0.7069, 37
-1.50073, -2.99428, 0.65104, 33
-1.51265, -3.01807, 0.595266, 33
-1.51531, -3.02336, 0.535632, 35
-1.43585, -2.86482, 0.450364, 26
-1.37333, -2.74009, 0.376333, 33
-1.39924, -2.79178, 0.328219, 28
-1.58549, -3.1634, 0.309577, 32
-1.60198, -3.19628, 0.250007, 30
-1.62158, -3.23541, 0.189666, 30
-1.6479, -3.28791, 0.12843, 34
-1.63073, -3.25366, 0.0635268, 33
-1.55929, -3.11111, 0, 27
-1.30828, -2.58996, 0.777492, 29
-1.47695, -2.92386, 0.816728, 38
-1.49194, -2.95353, 0.763934, 39
-1.50125, -2.97197, 0.707731, 38
-1.5119, -2.99305, 0.651803, 35
-1.52213, -3.0133, 0.595266, 34
-1.52836, -3.02564, 0.536883, 34
-1.44484, -2.8603, 0.450364, 27
-1.38372, -2.7393, 0.37682, 33
-1.4349, -2.84063, 0.334491, 32
-1.59902, -3.16551, 0.310274, 32
-1.61381, -3.1948, 0.250286, 32
-1.63714, -3.24099, 0.190294, 30
-1.66002, -3.28628, 0.12857, 35
-1.64094, -3.24852, 0.0635268, 33
-1.56905, -3.1062, 0, 28
-1.31992, -2.59273, 0.779563, 30
-1.48437, -2.91575, 0.815761, 37
-1.50474, -2.95578, 0.765733, 42
-1.51413, -2.97421, 0.709395, 39
-1.52308, -2.99179, 0.652567, 34
-1.53695, -3.01903, 0.59735, 34
-1.53607, -3.0173, 0.536257, 35
-1.45202, -2.85221, 0.449807, 26
-1.39592, -2.74202, 0.377795, 34
-1.50338, -2.9531, 0.348289, 38
-1.61076, -3.16403, 0.310623, 31
-1.62927, -3.20038, 0.251123, 30
-1.65275, -3.24651, 0.190922, 29
-1.67396, -3.28818, 0.128849, 32
-1.6457, -3.23265, 0.0633173, 30
-1.58062, -3.10482, 0, 27
-1.32806, -2.58857, 0.779563, 29
-1.49529, -2.91452, 0.816728, 38
-1.51046, -2.9441, 0.763934, 38
-1.52704, -2.9764, 0.711058, 40
-1.53785, -2.99747, 0.654856, 37
-1.55002, -3.0212, 0.598739, 33
-1.55095, -3.02301, 0.538135, 34
-1.45917, -2.84411, 0.449251, 26
-1.40997, -2.74822, 0.379257, 37
-1.598, -3.11471, 0.36794, 34
-1.62433, -3.16604, 0.31132, 29
-1.64296, -3.20235, 0.251681, 32
-1.66659, -3.24841, 0.19134, 27
-1.68976, -3.29357, 0.129268, 34
-1.65767, -3.23103, 0.0633871, 33
-1.59037, -3.09984, 0, 28
-1.33973, -2.59125, 0.781633, 29
-1.50087, -2.90292, 0.814793, 38
-1.51971, -2.93934, 0.763934, 42
-1.53638, -2.97159, 0.711058, 43
-1.54725, -2.99262, 0.654856, 38
-1.56493, -3.02681, 0.600823, 34
-1.56044, -3.01812, 0.538135, 33
-1.47173, -2.84655, 0.450364, 27
-1.42042, -2.7473, 0.379745, 38
-1.62056, -3.13441, 0.370867, 33
-1.63976, -3.17154, 0.312366, 29
-1.65667, -3.20426, 0.252239, 30
-1.68046, -3.25026, 0.191759, 27
-1.7001, -3.28825, 0.129268, 34
-1.66414, -3.2187, 0.0632475, 32
-1.6001, -3.09483, 0, 30
-1.35144, -2.59388, 0.783704, 31
-1.5064, -2.8913, 0.812858, 35
-1.52713, -2.93109, 0.763034, 39
-1.54571, -2.96675, 0.711058, 40
-1.56028, -2.99471, 0.656383, 39
-1.57625, -3.02538, 0.601517, 34
-1.57174, -3.01671, 0.53876, 34
-1.47701, -2.83489, 0.449251, 27
-1.43271, -2.74987, 0.38072, 36
-1.63408, -3.13636, 0.371703, 32
-1.65156, -3.16991, 0.312715, 30
-1.66858, -3.20257, 0.252518, 31
-1.69251, -3.24851, 0.191968, 29
-1.71412, -3.28998, 0.129547, 32
-1.6724, -3.20991, 0.0631777, 32
-1.60796, -3.08624, 0, 31
-1.35958, -2.58962, 0.783704, 30
-1.51006, -2.87625, 0.809955, 32
-1.53814, -2.92973, 0.763934, 40
-1.55502, -2.96188, 0.711058, 39
-1.5715, -2.99327, 0.657146, 39
-1.58941, -3.02738, 0.602906, 34
-1.58121, -3.01175, 0.53876, 34
-1.48591, -2.83024, 0.449251, 26
-1.44319, -2.74887, 0.381207, 36
-1.65132, -3.1453, 0.373376, 30
-1.66521, -3.17176, 0.313412, 30
-1.68419, -3.20792, 0.253356, 30
-1.70827, -3.25378, 0.192596, 28
-1.7263, -3.28812, 0.129687, 33
-1.68433, -3.20818, 0.0632475, 32
-1.61579, -3.07763, 0, 33
-1.37313, -2.59558, 0.78681, 29
-1.51909, -2.87149, 0.809955, 29
-1.54187, -2.91455, 0.761234, 39
-1.56432, -2.95698, 0.711058, 39
-1.58273, -2.99179, 0.657909, 39
-1.60076, -3.02586, 0.603601, 37
-1.59251, -3.01026, 0.539386, 34
-1.48923, -2.81505, 0.447581, 26
-1.45182, -2.74432, 0.381207, 42
-1.66305, -3.14361, 0.373794, 30
-1.68076, -3.17708, 0.314458, 31
-1.698, -3.20966, 0.253914, 31
-1.72222, -3.25546, 0.193015, 28
-1.74036, -3.28975, 0.129966, 35
-1.69253, -3.19934, 0.0631777, 32
-1.62732, -3.07607, 0, 31
-1.38128, -2.59125, 0.78681, 28
-1.52263, -2.85643, 0.807051, 29
-1.54919, -2.90625, 0.760335, 35
-1.56992, -2.94514, 0.709395, 38
-1.59213, -2.9868, 0.657909, 40
-1.61026, -3.02081, 0.603601, 38
-1.60196, -3.00525, 0.539386, 35
-1.49993, -2.81385, 0.448137, 24
-1.46043, -2.73975, 0.381207, 48
-1.67853, -3.14891, 0.375048, 29
-1.6926, -3.1753, 0.314807, 32
-1.71182, -3.21136, 0.254472, 29
-1.7362, -3.25709, 0.193434, 27
-1.75069, -3.28426, 0.129966, 33
-1.70069, -3.19047, 0.0631079, 33
-1.6351, -3.06742, 0, 34
-1.39855, -2.60392, 0.791986, 25
-1.52792, -2.84479, 0.805116, 28
-1.55278, -2.89107, 0.757635, 33
-1.57916, -2.9402, 0.709395, 39
-1.59964, -2.97833, 0.657146, 40
-1.62347, -3.02268, 0.60499, 38
-1.61139, -3.0002, 0.539386, 33
-1.50689, -2.80564, 0.447581, 25
-1.47279, -2.74214, 0.382182, 60
-1.68842, -3.14362, 0.375048, 29
-1.70634, -3.17699, 0.315504, 32
-1.72757, -3.21651, 0.255309, 30
-1.7502, -3.25865, 0.193852, 29
-1.76667, -3.28931, 0.130385, 37
-1.70882, -3.18159, 0.0630381, 31
-1.64662, -3.06579, 0, 33
-1.40489, -2.59612, 0.790951, 25
-1.53131, -2.82974, 0.802213, 27
-1.55629, -2.8759, 0.754936, 32
-1.58653, -2.93178, 0.708563, 34
-1.60712, -2.96983, 0.656383, 42
-1.63108, -3.0141, 0.604296, 41
-1.62081, -2.99512, 0.539386, 31
-1.5157, -2.80089, 0.447581, 24
-1.4814, -2.7375, 0.382182, 65
-1.70397, -3.14879, 0.376302, 31
-1.722, -3.18213, 0.31655, 33
-1.74146, -3.21808, 0.255867, 30
-1.76233, -3.25665, 0.194062, 28
-1.777, -3.28375, 0.130385, 38
-1.7188, -3.17621, 0.0630381, 32
-1.65053, -3.05005, 0, 35
-1.42043, -2.60526, 0.795092, 25
-1.53276, -2.81128, 0.798342, 27
-1.56345, -2.86757, 0.754036, 31
-1.59011, -2.91647, 0.706068, 32
-1.61457, -2.96132, 0.65562, 38
-1.64243, -3.01242, 0.60499, 42
-1.62832, -2.98655, 0.53876, 30
-1.52449, -2.79611, 0.447581, 24
-1.49569, -2.74329, 0.383645, 69
-1.71575, -3.14692, 0.376721, 30
-1.73772, -3.1872, 0.317596, 33
-1.75347, -3.2161, 0.256146, 30
-1.78212, -3.26863, 0.195108, 27
-1.78922, -3.28166, 0.130524, 38
-1.72686, -3.16728, 0.0629683, 33
-1.66393, -3.05187, 0, 33
-1.43047, -2.60417, 0.796127, 24
-1.54158, -2.80645, 0.798342, 28
-1.56495, -2.84898, 0.750437, 32
-1.59362, -2.90118, 0.703573, 30
-1.62197, -2.95279, 0.654856, 35
-1.65188, -3.00725, 0.60499, 43
-1.63579, -2.97795, 0.538135, 30
-1.53327, -2.79131, 0.447581, 24
-1.50621, -2.74206, 0.384132, 73
-1.72946, -3.14848, 0.377557, 32
-1.75156, -3.18871, 0.318293, 32
-1.76741, -3.21757, 0.256704, 29
-1.79622, -3.27002, 0.195527, 28
-1.79952, -3.27602, 0.130524, 38
-1.73295, -3.15483, 0.0628287, 30
-1.67159, -3.04312, 0, 32
-1.44239, -2.60643, 0.798198, 24
-1.54476, -2.79141, 0.795439, 28
-1.56823, -2.83382, 0.747737, 31
-1.59893, -2.88931, 0.70191, 30
-1.62934, -2.94425, 0.654093, 32
-1.65751, -2.99515, 0.603601, 41
-1.64131, -2.96589, 0.536883, 31
-1.54011, -2.78301, 0.447024, 24
-1.51674, -2.74078, 0.38462, 68
-1.74512, -3.15348, 0.378811, 33
-1.76349, -3.18667, 0.318641, 34
-1.78331, -3.22248, 0.257541, 30
-1.81036, -3.27135, 0.195946, 27
-1.81174, -3.27385, 0.130664, 38
-1.74285, -3.14937, 0.0628287, 31
-1.67533, -3.02735, 0, 33
-1.45621, -2.61201, 0.801304, 25
-1.54785, -2.77637, 0.792536, 29
-1.57522, -2.82547, 0.746837, 31
-1.60229, -2.87402, 0.699415, 29
-1.63284, -2.92883, 0.651803, 32
-1.66307, -2.98305, 0.602212, 39
-1.64485, -2.95036, 0.535006, 30
-1.55078, -2.78162, 0.447581, 25
-1.52534, -2.73601, 0.38462, 66
-1.76083, -3.1584, 0.380066, 32
-1.78126, -3.19504, 0.320036, 35
-1.79537, -3.22034, 0.25782, 30
-1.82451, -3.27263, 0.196365, 26
-1.82396, -3.27163, 0.130803, 38
-1.75274, -3.14388, 0.0628287, 31
-1.68873, -3.02906, 0, 38
-1.4682, -2.61416, 0.803374, 26
-1.55466, -2.76811, 0.791568, 27
-1.57646, -2.80692, 0.743238, 32
-1.60556, -2.85874, 0.69692, 29
-1.63627, -2.91341, 0.649514, 31
-1.6705, -2.97437, 0.601517, 34
-1.65218, -2.94174, 0.53438, 30
-1.55757, -2.77328, 0.447024, 25
-1.53588, -2.73466, 0.385107, 61
-1.7727, -3.15632, 0.380484, 33
-1.79519, -3.19638, 0.320733, 34
-1.81134, -3.22512, 0.258657, 28
-1.8387, -3.27385, 0.196783, 27
-1.83423, -3.26588, 0.130803, 36
-1.76065, -3.13487, 0.0627588, 32
-1.70411, -3.03421, 0, 51
-1.4764, -2.60953, 0.803374, 29
-1.55762, -2.75308, 0.788665, 24
-1.58143, -2.79517, 0.741439, 32
-1.61068, -2.84687, 0.695257, 29
-1.64155, -2.90142, 0.647987, 31
-1.67402, -2.95882, 0.599433, 34
-1.65946, -2.93309, 0.533754, 30
-1.56432, -2.76493, 0.446467, 27
-1.53859, -2.71946, 0.383645, 49
-1.78848, -3.16113, 0.381738, 33
-1.80719, -3.19419, 0.321082, 34
-1.82539, -3.22636, 0.259215, 29
-1.85291, -3.27501, 0.197202, 27
-1.84645, -3.26359, 0.130943, 35
-1.76852, -3.12584, 0.062689, 31
-1.71363, -3.02884, 0, 72
-1.48459, -2.60488, 0.803374, 30
-1.56049, -2.73805, 0.785762, 25
-1.58827, -2.7868, 0.740539, 29
-1.61187, -2.8282, 0.69193, 30
-1.64288, -2.88261, 0.644934, 31
-1.67941, -2.9467, 0.598044, 32
-1.66085, -2.91413, 0.531251, 31
-1.57496, -2.76344, 0.447024, 27
-1.54713, -2.71461, 0.383645, 45
-1.80037, -3.15895, 0.382156, 35
-1.82116, -3.19542, 0.321779, 33
-1.84144, -3.23101, 0.260052, 31
-1.8711, -3.28305, 0.198039, 23
-1.85471, -3.2543, 0.130803, 30
-1.77833, -3.12027, 0.062689, 30
-1.72908, -3.03386, 0, 68
-1.50046, -2.6136, 0.807515, 31
-1.56715, -2.72977, 0.784795, 25
-1.58732, -2.7649, 0.73604, 31
-1.6188, -2.81973, 0.691098, 29
-1.64606, -2.86721, 0.642645, 30
-1.68277, -2.93117, 0.595961, 31
-1.66999, -2.9089, 0.531251, 30
-1.58363, -2.75848, 0.447024, 29
-1.56158, -2.72007, 0.385107, 38
-1.81029, -3.15328, 0.382156, 35
-1.83714, -3.20005, 0.322825, 33
-1.85357, -3.22867, 0.260331, 30
-1.88339, -3.28062, 0.198249, 24
-1.86493, -3.24845, 0.130803, 29
-1.79011, -3.11814, 0.0627588, 32
-1.73861, -3.02842, 0, 60
-1.5106, -2.61222, 0.808551, 34
-1.57184, -2.71812, 0.782859, 27
-1.596, -2.7599, 0.73604, 31
-1.61785, -2.79769, 0.68694, 31
-1.65506, -2.86203, 0.642645, 31
-1.68803, -2.91904, 0.594571, 30
-1.67714, -2.90022, 0.530626, 31
-1.59229, -2.75349, 0.447024, 30
-1.57807, -2.72889, 0.387057, 33
-1.82417, -3.15446, 0.382992, 38
-1.84918, -3.19771, 0.323173, 36
-1.8717, -3.23665, 0.261447, 29
-1.90169, -3.28852, 0.199086, 23
-1.87312, -3.23912, 0.130664, 29
-1.7959, -3.10557, 0.0626192, 31
-1.74411, -3.01602, 0, 45
-1.52269, -2.61414, 0.810621, 34
-1.57451, -2.7031, 0.779956, 28
-1.59877, -2.74476, 0.73334, 30
-1.62467, -2.78921, 0.686109, 30
-1.65811, -2.84664, 0.640355, 31
-1.69323, -2.90692, 0.593182, 30
-1.68227, -2.88811, 0.529374, 31
-1.60492, -2.75532, 0.448137, 31
-1.60262, -2.75137, 0.390957, 30
-1.83207, -3.14528, 0.382574, 38
-1.86323, -3.19877, 0.323871, 37
-1.88587, -3.23765, 0.262005, 30
-1.91402, -3.28598, 0.199295, 27
-1.8853, -3.23667, 0.130803, 29
-1.80564, -3.09992, 0.0626192, 30
-1.75357, -3.01052, 0, 41
-1.53089, -2.60934, 0.810621, 32
-1.58103, -2.6948, 0.778989, 29
-1.60147, -2.72964, 0.730641, 29
-1.62946, -2.77735, 0.684445, 29
-1.66307, -2.83464, 0.638829, 31
-1.69637, -2.89139, 0.591098, 31
-1.68934, -2.8794, 0.528749, 30
-1.61357, -2.75027, 0.448137, 32
-1.62532, -2.77029, 0.394369, 29
-1.84194, -3.13951, 0.382574, 39
-1.87327, -3.1929, 0.323871, 38
-1.90411, -3.24548, 0.263121, 32
-1.92636, -3.2834, 0.199505, 29
-1.89344, -3.22728, 0.130664, 29
-1.81132, -3.08733, 0.0624796, 30
-1.75897, -2.9981, 0, 39
-1.54695, -2.61783, 0.814762, 30
-1.58159, -2.67645, 0.775118, 28
-1.60806, -2.72124, 0.729741, 29
-1.63221, -2.76211, 0.68195, 29
-1.66598, -2.81926, 0.636539, 30
-1.70144, -2.87927, 0.589709, 31
-1.69033, -2.86048, 0.526246, 31
-1.62825, -2.75541, 0.449807, 32
-1.64613, -2.78568, 0.397294, 30
-1.84774, -3.12686, 0.381738, 37
-1.88531, -3.19043, 0.324219, 39
-1.91227, -3.23604, 0.262842, 33
-1.94073, -3.28421, 0.199923, 31
-1.90153, -3.21788, 0.130524, 28
-1.82305, -3.08507, 0.0625494, 30
-1.77042, -2.996, 0, 37
-1.55714, -2.61628, 0.815798, 31
-1.58999, -2.67147, 0.775118, 30
-1.61062, -2.70613, 0.727042, 31
-1.63687, -2.75024, 0.680287, 30
-1.6688, -2.80389, 0.634249, 29
-1.70644, -2.86714, 0.58832, 32
-1.69527, -2.84836, 0.524994, 31
-1.63892, -2.75369, 0.450364, 32
-1.68127, -2.82484, 0.403631, 30
-1.85756, -3.12103, 0.381738, 35
-1.89329, -3.18107, 0.323871, 37
-1.92855, -3.24031, 0.263679, 33
-1.95512, -3.28496, 0.200342, 34
-1.91163, -3.21189, 0.130524, 29
-1.83069, -3.07589, 0.0624796, 31
-1.77778, -2.98699, 0, 37
-1.56932, -2.618, 0.817868, 31
-1.59039, -2.65314, 0.771247, 33
-1.6131, -2.69103, 0.724342, 33
-1.64349, -2.74173, 0.679455, 29
-1.67155, -2.78853, 0.631959, 30
-1.70937, -2.85162, 0.586236, 31
-1.70218, -2.83963, 0.524368, 32
-1.65164, -2.75532, 0.451478, 33
-1.72688, -2.88084, 0.412406, 27
-1.86326, -3.10836, 0.380902, 33
-1.90327, -3.17511, 0.323871, 38
-1.94077, -3.23765, 0.263958, 34
-1.96543, -3.2788, 0.200342, 36
-1.92171, -3.20587, 0.130524, 28
-1.84034, -3.07012, 0.0624796, 28
-1.78921, -2.98482, 0, 38
-1.58153, -2.61967, 0.819939, 33
-1.59671, -2.64481, 0.770279, 36
-1.61752, -2.67927, 0.722543, 33
-1.64401, -2.72316, 0.676129, 31
-1.67827, -2.7799, 0.631196, 29
-1.71425, -2.8395, 0.584847, 30
-1.70905, -2.83089, 0.523743, 31
-1.66438, -2.7569, 0.452591, 34
-1.78927, -2.96377, 0.42508, 22
-1.86891, -3.09568, 0.380066, 32
-1.90912, -3.16229, 0.323173, 38
-1.94887, -3.22813, 0.263679, 34
-1.97779, -3.27603, 0.200551, 35
-1.92764, -3.19297, 0.130245, 29
-1.84584, -3.05748, 0.06234, 29
-1.79237, -2.96891, 0, 38
-1.59377, -2.62129, 0.822009, 31
-1.60501, -2.63978, 0.770279, 38
-1.62188, -2.66752, 0.720743, 37
-1.65052, -2.71464, 0.675297, 31
-1.68087, -2.76455, 0.628906, 30
-1.72111, -2.83073, 0.584152, 30
-1.71178, -2.81538, 0.521865, 32
-1.67715, -2.75843, 0.453704, 35
-1.80683, -2.97171, 0.42703, 20
-1.87242, -3.0796, 0.378811, 31
-1.92112, -3.15968, 0.323522, 34
-1.959, -3.22199, 0.263679, 33
-1.99014, -3.27321, 0.200761, 38
-1.93974, -3.19031, 0.130385, 29
-1.85752, -3.05508, 0.0624098, 29
-1.80377, -2.96668, 0, 38
-1.60402, -2.61957, 0.823045, 32
-1.61533, -2.63804, 0.771247, 37
-1.63025, -2.66241, 0.720743, 45
-1.65292, -2.69943, 0.672802, 31
-1.68545, -2.75256, 0.62738, 31
-1.71971, -2.80851, 0.58068, 31
-1.71649, -2.80325, 0.520614, 32
-1.68994, -2.7599, 0.454818, 34
-1.80993, -2.95586, 0.425568, 22
-1.88001, -3.07031, 0.378393, 31
-1.92271, -3.14004, 0.322128, 33
-1.96703, -3.21241, 0.2634, 35
-1.99833, -3.26354, 0.200551, 36
-1.94349, -3.17398, 0.129966, 30
-1.86711, -3.04923, 0.0624098, 30
-1.80682, -2.95077, 0, 37
-1.62035, -2.62767, 0.827186, 32
-1.62564, -2.63625, 0.772215, 31
-1.63861, -2.65728, 0.720743, 35
-1.65728, -2.68756, 0.671139, 33
-1.68791, -2.73723, 0.62509, 30
-1.72646, -2.79974, 0.579985, 31
-1.72321, -2.79448, 0.519988, 31
-1.70069, -2.75795, 0.455374, 33
-1.81713, -2.94678, 0.42508, 21
-1.87921, -3.04745, 0.376302, 29
-1.92838, -3.1272, 0.32143, 30
-1.97502, -3.20282, 0.263121, 33
-2.00648, -3.25384, 0.200342, 37
-1.95555, -3.17126, 0.130105, 26
-1.87458, -3.03994, 0.06234, 28
-1.81398, -2.94167, 0, 38
-1.62656, -2.61928, 0.82615, 28
-1.64006, -2.64103, 0.775118, 31
-1.64695, -2.65212, 0.720743, 34
-1.66572, -2.68234, 0.671139, 34
-1.69443, -2.72857, 0.624327, 30
-1.72693, -2.78092, 0.577207, 31
-1.72782, -2.78234, 0.518737, 32
-1.71143, -2.75596, 0.455931, 37
-1.82009, -2.93094, 0.423618, 21
-1.88458, -3.03478, 0.375466, 30
-1.92979, -3.10758, 0.320036, 31
-1.98296, -3.19321, 0.262842, 30
-2.01458, -3.24413, 0.200133, 35
-1.96972, -3.17189, 0.130385, 28
-1.88201, -3.03064, 0.0622702, 29
-1.82321, -2.93596, 0, 38
-1.63888, -2.62071, 0.828221, 17
-1.65246, -2.64244, 0.777053, 31
-1.6594, -2.65354, 0.722543, 30
-1.67206, -2.67378, 0.670307, 35
-1.69883, -2.71658, 0.622801, 32
-1.73148, -2.7688, 0.575817, 31
-1.73236, -2.7702, 0.517485, 33
-1.71798, -2.74721, 0.455374, 44
-1.82087, -2.91174, 0.421668, 21
-1.88777, -3.01872, 0.374212, 30
-1.93743, -3.09813, 0.319687, 29
-1.98664, -3.17682, 0.262005, 29
-2.02053, -3.23101, 0.199714, 32
-1.97332, -3.15552, 0.129966, 29
-1.89364, -3.02811, 0.06234, 29
-1.83242, -2.93021, 0, 39
-1.64298, -2.60901, 0.82615, 9
-1.66076, -2.63724, 0.777053, 32
-1.67188, -2.65491, 0.724342, 26
-1.68671, -2.67844, 0.672802, 35
-1.70108, -2.70126, 0.620511, 32
-1.73807, -2.76001, 0.575123, 33
-1.73474, -2.75471, 0.515608, 35
-1.7266, -2.7418, 0.455374, 54
-1.82578, -2.89929, 0.420693, 20
-1.88877, -2.99931, 0.372539, 31
-1.93866, -3.07854, 0.318293, 30
-1.99023, -3.16043, 0.261168, 29
-2.02215, -3.21113, 0.198877, 32
-1.98748, -3.15607, 0.130245, 28
-1.90101, -3.01876, 0.0622702, 31
-1.83949, -2.92106, 0, 38
-1.62634, -2.56468, 0.813727, 3
-1.67111, -2.63528, 0.778021, 18
-1.68439, -2.65622, 0.726142, 29
-1.69511, -2.67313, 0.672802, 32
-1.70955, -2.6959, 0.620511, 35
-1.74041, -2.74456, 0.573039, 35
-1.7455, -2.75259, 0.516234, 35
-1.74369, -2.74974, 0.457601, 60
-1.82637, -2.88012, 0.418743, 21
-1.89392, -2.98664, 0.371703, 32
-1.94192, -3.06234, 0.317247, 29
-1.9916, -3.14068, 0.260052, 28
-2.03009, -3.20139, 0.198667, 33
-1.99311, -3.14306, 0.129966, 29
-1.91691, -3.0229, 0.0624796, 34
-1.84437, -2.90851, 0, 38
-1.63439, -2.55956, 0.813727, 2
-1.67312, -2.62021, 0.775118, 8
-1.69902, -2.66077, 0.728841, 29
-1.70561, -2.67109, 0.673634, 29
-1.71801, -2.69052, 0.620511, 33
-1.7469, -2.73576, 0.572344, 36
-1.75201, -2.74376, 0.515608, 35
-1.75659, -2.75093, 0.458715, 66
-1.82686, -2.86099, 0.416793, 19
-1.89687, -2.97062, 0.370449, 33
-1.9451, -3.04615, 0.316201, 31
-1.99716, -3.12768, 0.259494, 29
-2.03799, -3.19163, 0.198458, 31
-2.00297, -3.13678, 0.129966, 30
-1.9307, -3.02361, 0.0626192, 42
-1.85565, -2.90607, 0, 37
-1.64451, -2.55766, 0.814762, 3
-1.66035, -2.58229, 0.765441, 2
-1.70316, -2.64887, 0.727042, 8
-1.71822, -2.6723, 0.675297, 29
-1.73071, -2.69171, 0.622037, 30
-1.75336, -2.72694, 0.57165, 36
-1.7649, -2.74489, 0.516859, 31
-1.76736, -2.74873, 0.459271, 62
-1.8337, -2.85189, 0.416306, 22
-1.90404, -2.9613, 0.370031, 31
-1.94819, -3.02996, 0.315155, 30
-2.00266, -3.11468, 0.258936, 28
-2.04369, -3.17849, 0.198039, 31
-2.01065, -3.12711, 0.129826, 30
-1.94452, -3.02426, 0.0627588, 62
-1.86045, -2.8935, 0, 38
-1.67144, -2.58167, 0.82408, 6
-1.66424, -2.57055, 0.763506, 1
-1.703, -2.63042, 0.723443, 4
-1.73511, -2.68003, 0.678624, 24
-1.74129, -2.68956, 0.622801, 26
-1.76406, -2.72473, 0.572344, 38
-1.7778, -2.74596, 0.518111, 31
-1.77599, -2.74316, 0.459271, 48
-1.83833, -2.83945, 0.415331, 22
-1.90469, -2.94195, 0.368358, 31
-1.95337, -3.01714, 0.314458, 31
-2.00593, -3.09833, 0.258099, 29
-2.04498, -3.15864, 0.197202, 31
-2.0183, -3.11742, 0.129687, 30
-1.95619, -3.02149, 0.0628287, 57
-1.86735, -2.88428, 0, 38
-1.72385, -2.64438, 0.845821, 5
-1.67018, -2.56206, 0.762538, 2
-1.67507, -2.56955, 0.708146, 2
-1.73925, -2.66801, 0.67696, 13
-1.75616, -2.69394, 0.62509, 24
-1.77476, -2.72247, 0.573039, 34
-1.79074, -2.74698, 0.519362, 28
-1.77811, -2.72761, 0.457601, 44
-1.84074, -2.82369, 0.413868, 24
-1.91175, -2.93262, 0.36794, 32
-1.95631, -3.00097, 0.313412, 31
-2.00694, -3.07864, 0.256983, 28
-2.05053, -3.14551, 0.196783, 28
-2.02371, -3.10437, 0.129407, 30
-1.96567, -3.01533, 0.0628287, 45
-1.87422, -2.87505, 0, 37
-1.93144, -2.94258, 0.943137, 25
-1.7123, -2.60871, 0.778021, 9
-1.67885, -2.55776, 0.706346, 1
-1.74333, -2.65599, 0.675297, 5
-1.76462, -2.68841, 0.62509, 25
-1.78763, -2.72347, 0.574428, 29
-1.80369, -2.74795, 0.520614, 28
-1.78667, -2.72201, 0.457601, 41
-1.8496, -2.81789, 0.413868, 27
-1.91222, -2.91329, 0.366268, 33
-1.96135, -2.98815, 0.312715, 31
-2.01003, -3.06231, 0.256146, 29
-2.05821, -3.13571, 0.196574, 30
-2.03346, -3.098, 0.129407, 31
-1.97294, -3.00579, 0.0627588, 41
-1.88324, -2.86915, 0, 38
-1.96837, -2.9784, 0.956595, 23
-1.9623, -2.96921, 0.88737, 7
-1.69763, -2.56873, 0.710845, 2
-1.71284, -2.59174, 0.660328, 2
-1.77955, -2.69268, 0.62738, 18
-1.80052, -2.72441, 0.575817, 30
-1.81885, -2.75216, 0.522491, 25
-1.79084, -2.70978, 0.456488, 46
-1.85844, -2.81207, 0.413868, 28
-1.91917, -2.90395, 0.36585, 32
-1.96194, -2.96868, 0.31132, 33
-2.01524, -3.04932, 0.255588, 28
-2.06144, -3.11923, 0.195946, 28
-2.03877, -3.08492, 0.129128, 31
-1.98237, -2.99958, 0.0627588, 38
-1.89004, -2.85988, 0, 38
-1.99056, -2.9915, 0.962807, 28
-1.94796, -2.92748, 0.876725, 34
-1.74455, -2.62179, 0.727042, 12
-1.7188, -2.58309, 0.659496, 2
-1.78147, -2.67727, 0.62509, 4
-1.81561, -2.72858, 0.577901, 26
-1.82968, -2.74972, 0.523117, 26
-1.80374, -2.71073, 0.457601, 44
-1.87387, -2.81613, 0.415331, 30
-1.91726, -2.88135, 0.363759, 32
-1.96685, -2.95586, 0.310623, 31
-2.01597, -3.02969, 0.254472, 31
-2.06459, -3.10276, 0.195318, 29
-2.05067, -3.08183, 0.129268, 31
-1.98957, -2.99001, 0.062689, 37
-1.8968, -2.8506, 0, 38
-2.0064, -2.99486, 0.965913, 28
-2.01332, -3.00519, 0.901885, 28
-1.77881, -2.65515, 0.737839, 6
-1.73998, -2.59718, 0.664486, 1
-1.75272, -2.61621, 0.612115, 1
-1.81979, -2.71632, 0.576512, 16
-1.8449, -2.75381, 0.524994, 24
-1.82327, -2.72151, 0.460385, 45
-1.88491, -2.81353, 0.415818, 28
-1.92409, -2.87201, 0.363341, 31
-1.96725, -2.93643, 0.309229, 32
-2.02326, -3.02003, 0.254193, 29
-2.06988, -3.08962, 0.194899, 31
-2.05366, -3.06541, 0.128849, 32
-2.00118, -2.98707, 0.0627588, 37
-1.90352, -2.8413, 0, 37
-2.02228, -2.99815, 0.969018, 27
-2.02926, -3.0085, 0.904788, 28
-1.98983, -2.95005, 0.821521, 38
-1.78313, -2.6436, 0.677792, 8
-1.75215, -2.59767, 0.609062, 1
-1.8195, -2.69753, 0.573734, 4
-1.86017, -2.75782, 0.526871, 21
-1.84731, -2.73875, 0.464281, 34
-1.9004, -2.81747, 0.417281, 29
-1.92421, -2.85276, 0.361668, 31
-1.97647, -2.93023, 0.309229, 33
-2.02604, -3.00373, 0.253356, 30
-2.07958, -3.0831, 0.194899, 30
-2.06105, -3.05563, 0.128709, 31
-2.00161, -2.9675, 0.0624796, 36
-1.91468, -2.83862, 0, 37
-2.03603, -2.99818, 0.971089, 26
-2.04742, -3.01495, 0.908659, 27
-2.05164, -3.02116, 0.843117, 25
-2.01124, -2.96167, 0.760957, 17
-1.76912, -2.60514, 0.612115, 1
-1.79035, -2.6364, 0.561926, 1
-1.86661, -2.7487, 0.526246, 13
-1.87149, -2.75588, 0.468178, 31
-1.91371, -2.81805, 0.418256, 23
-1.9354, -2.84999, 0.362087, 32
-1.97447, -2.90753, 0.307485, 31
-2.02874, -2.98745, 0.252518, 30
-2.08028, -3.06334, 0.194062, 31
-2.06839, -3.04583, 0.12857, 29
-2.01541, -2.96782, 0.0626192, 36
-1.91684, -2.82267, 0, 37
-2.05416, -3.00452, 0.97523, 27
-2.06126, -3.01491, 0.910594, 26
-2.07212, -3.03079, 0.847616, 25
-1.99845, -2.92304, 0.75264, 49
-1.82162, -2.6644, 0.62738, 6
-1.80085, -2.63401, 0.56262, 1
-1.86855, -2.73303, 0.524368, 3
-1.89802, -2.77614, 0.472632, 17
-1.92927, -2.82186, 0.419718, 28
-1.94659, -2.84718, 0.362505, 33
-1.98359, -2.90131, 0.307485, 34
-2.03361, -2.97447, 0.25196, 31
-2.08313, -3.0469, 0.193434, 30
-2.07344, -3.03272, 0.128291, 32
-2.02021, -2.95487, 0.0624796, 37
-1.92796, -2.81993, 0, 37
-2.06797, -3.00442, 0.977301, 29
-2.07733, -3.01801, 0.913497, 26
-2.09047, -3.03711, 0.851215, 25
-2.09414, -3.04244, 0.785075, 30
-2.01922, -2.93359, 0.692255, 23
-1.81805, -2.64132, 0.565398, 1
-1.83456, -2.66532, 0.512479, 1
-1.91347, -2.77995, 0.474302, 14
-1.93813, -2.81578, 0.419718, 25
-1.96003, -2.8476, 0.363341, 29
-1.98818, -2.8885, 0.306788, 34
-2.03842, -2.96149, 0.251402, 30
-2.09043, -3.03705, 0.193224, 29
-2.07615, -3.01631, 0.127872, 31
-2.02722, -2.94521, 0.0624098, 36
-1.93227, -2.80727, 0, 36
-2.0862, -3.01061, 0.981442, 28
-2.09122, -3.01785, 0.915432, 27
-2.10444, -3.03693, 0.853014, 24
-2.11928, -3.05835, 0.790896, 28
-1.99935, -2.88527, 0.682333, 35
-1.86448, -2.69064, 0.577207, 7
-1.83618, -2.6498, 0.510602, 1
-1.91091, -2.75765, 0.471518, 3
-1.94697, -2.80968, 0.419718, 15
-1.9735, -2.84797, 0.364177, 26
-2.00178, -2.88879, 0.307485, 31
-2.03863, -2.94196, 0.250286, 30
-2.09541, -3.0239, 0.192806, 30
-2.0879, -3.01306, 0.128011, 33
-2.03418, -2.93554, 0.06234, 37
-1.9388, -2.7979, 0, 37
-2.10007, -3.01038, 0.983512, 28
-2.10735, -3.02082, 0.918336, 27
-2.12066, -3.0399, 0.855714, 25
-2.13336, -3.0581, 0.792559, 31
-2.1387, -3.06576, 0.726601, 30
-1.95631, -2.80431, 0.602906, 12
-1.90326, -2.72826, 0.526871, 2
-1.87877, -2.69316, 0.461498, 1
-1.96033, -2.81006, 0.420693, 11
-1.98699, -2.84828, 0.365013, 26
-2.01313, -2.88575, 0.307834, 28
-2.04558, -2.93226, 0.250007, 31
-2.09575, -3.00419, 0.191968, 29
-2.09735, -3.00648, 0.128011, 31
-2.04111, -2.92586, 0.0622702, 37
-1.94987, -2.79508, 0, 37
-2.11396, -3.01009, 0.985583, 28
-2.12352, -3.02371, 0.921239, 24
-2.13692, -3.04279, 0.858413, 24
-2.1497, -3.06099, 0.795054, 27
-2.15961, -3.07509, 0.730417, 31
-1.97643, -2.81427, 0.606379, 22
-1.90955, -2.71904, 0.526246, 8
-1.89405, -2.69697, 0.463168, 1
-1.93948, -2.76165, 0.414356, 2
-1.99821, -2.84528, 0.365432, 16
-2.02677, -2.88594, 0.308531, 26
-2.05248, -2.92256, 0.249728, 29
-2.10059, -2.99106, 0.19155, 29
-2.11138, -3.00642, 0.128291, 27
-2.05029, -2.91943, 0.0622702, 35
-1.95405, -2.78239, 0, 37
-2.12564, -3.00659, 0.986618, 29
-2.13749, -3.02336, 0.923174, 23
-2.15097, -3.04242, 0.860213, 23
-2.16383, -3.06061, 0.796718, 27
-2.17379, -3.0747, 0.731943, 32
-2.06258, -2.9174, 0.629996, 23
-1.94089, -2.74528, 0.532503, 11
-1.97569, -2.7945, 0.480982, 12
-1.92064, -2.71664, 0.408506, 1
-2.00944, -2.84224, 0.36585, 11
-2.04272, -2.88932, 0.309577, 25
-2.06626, -2.92261, 0.250286, 30
-2.10998, -2.98444, 0.19155, 30
-2.12774, -3.00957, 0.128709, 27
-2.05483, -2.90644, 0.0621306, 36
-1.96278, -2.77624, 0, 37
-2.14403, -3.01249, 0.990759, 27
-2.15598, -3.02928, 0.927045, 20
-2.16504, -3.042, 0.862012, 24
-2.17797, -3.06017, 0.798381, 27
-2.19027, -3.07746, 0.734233, 31
-2.07174, -2.91091, 0.629996, 25
-1.96325, -2.75849, 0.536257, 20
-1.95919, -2.75278, 0.474859, 9
-1.93147, -2.71383, 0.408994, 1
-1.99529, -2.8035, 0.361668, 2
-2.04948, -2.87964, 0.309229, 16
-2.08238, -2.92586, 0.251123, 26
-2.11703, -2.97455, 0.19134, 27
-2.14646, -3.0159, 0.129268, 28
-2.06859, -2.90649, 0.0622702, 36
-1.96685, -2.76354, 0, 37
-2.16024, -3.01516, 0.993865, 27
-2.17001, -3.0288, 0.92898, 25
-2.18366, -3.04786, 0.865612, 23
-2.19669, -3.06604, 0.801707, 27
-2.19993, -3.07056, 0.734233, 30
-2.08317, -2.90759, 0.63069, 23
-1.98802, -2.77479, 0.540637, 24
-1.98629, -2.77237, 0.479312, 11
-2.28914, -3.19508, 0.482603, 11
-1.9786, -2.76165, 0.357069, 1
-2.06316, -2.87966, 0.309926, 12
-2.09853, -2.92903, 0.25196, 24
-2.13334, -2.97762, 0.191968, 26
-2.16291, -3.01889, 0.129687, 34
-2.07072, -2.89022, 0.0620608, 36
-1.97552, -2.75735, 0, 37
-2.17422, -3.01463, 0.995936, 27
-2.18406, -3.02827, 0.930915, 25
-2.19779, -3.04731, 0.867411, 25
-2.21317, -3.06864, 0.804202, 27
-2.21645, -3.07319, 0.736523, 29
-2.09229, -2.90103, 0.63069, 24
-2.00135, -2.77494, 0.541889, 25
-2.07609, -2.87856, 0.498796, 25
-2.01119, -2.78858, 0.422155, 10
-1.98727, -2.75542, 0.357069, 1
-2.05355, -2.84731, 0.307137, 2
-2.10539, -2.91919, 0.251681, 21
-2.14736, -2.97738, 0.192387, 26
-2.17939, -3.0218, 0.130105, 59
-2.07979, -2.8837, 0.0620608, 35
-1.98184, -2.74788, 0, 37
-2.19049, -3.01716, 0.999041, 28
-2.20268, -3.03395, 0.934786, 23
-2.21422, -3.04985, 0.870111, 23
-2.2297, -3.07117, 0.806697, 26
-2.23071, -3.07256, 0.738049, 29
-2.09676, -2.88807, 0.629301, 24
-2.01702, -2.77823, 0.543766, 23
-2.17355, -2.99383, 0.519951, 49
-2.17622, -2.99751, 0.454816, 20
-2.30676, -3.17731, 0.412678, 5
-2.018, -2.77958, 0.300513, 1
-2.12158, -2.92225, 0.252518, 14
-2.1567, -2.97062, 0.192387, 23
-2.18888, -3.01494, 0.130105, 57
-2.08884, -2.87716, 0.0620608, 36
-1.98576, -2.73517, 0, 37
-2.20452, -3.01651, 1.00111, 26
-2.21449, -3.03015, 0.935754, 25
-2.23299, -3.05546, 0.87371, 24
-2.24626, -3.07363, 0.809192, 26
-2.24498, -3.07188, 0.739576, 31
-2.10815, -2.88465, 0.629996, 25
-2.0304, -2.77825, 0.545018, 21
-2.30214, -3.15009, 0.548342, 32
-2.21373, -3.02912, 0.460666, 51
-2.06088, -2.81996, 0.367104, 7
-2.04083, -2.79253, 0.302605, 1
-2.11898, -2.89946, 0.251123, 2
-2.17309, -2.97351, 0.193015, 23
-2.19598, -3.00482, 0.129966, 44
-2.09315, -2.86412, 0.0619211, 36
-1.99434, -2.72892, 0, 37
-2.22543, -3.02513, 1.00629, 28
-2.2332, -3.03569, 0.939625, 23
-2.24719, -3.05471, 0.87551, 25
-2.26054, -3.07286, 0.810856, 27
-2.25695, -3.06798, 0.740339, 29
-2.11487, -2.87484, 0.629301, 24
-2.0438, -2.77823, 0.546269, 22
-2.33785, -3.17794, 0.554466, 28
-2.35263, -3.19804, 0.487477, 30
-2.23474, -3.03778, 0.396372, 23
-2.12043, -2.8824, 0.313063, 4
-2.09261, -2.84458, 0.246938, 0
-2.18006, -2.96345, 0.192806, 7
-2.20778, -3.00113, 0.130105, 39
-2.09977, -2.85431, 0.0618513, 36
-2.00054, -2.71942, 0, 37
-2.23722, -3.02123, 1.00732, 25
-2.25196, -3.04113, 0.943495, 23
-2.26606, -3.06017, 0.879109, 24
-2.2795, -3.07832, 0.814182, 25
-2.27125, -3.06718, 0.741865, 29
-2.12155, -2.86501, 0.628606, 24
-2.06427, -2.78767, 0.549398, 20
-2.35725, -3.18331, 0.556692, 28
-2.38157, -3.21616, 0.491377, 28
-2.25611, -3.04673, 0.398463, 36
-2.11762, -2.85971, 0.31132, 7
-2.11103, -2.85082, 0.248054, 1
-2.16558, -2.92448, 0.190712, 2
-2.21244, -2.98775, 0.129826, 38
-2.10872, -2.8477, 0.0618513, 36
-2.00907, -2.71312, 0, 37
-2.25132, -3.02038, 1.00939, 28
-2.26846, -3.04338, 0.946398, 24
-2.28032, -3.05928, 0.880908, 23
-2.29617, -3.08055, 0.816677, 26
-2.28322, -3.06318, 0.742629, 28
-2.13054, -2.85833, 0.628606, 24
-2.0801, -2.79067, 0.551275, 21
-2.37434, -3.18542, 0.558362, 27
-2.40115, -3.2214, 0.493327, 29
-2.41069, -3.23419, 0.423967, 25
-2.32901, -3.12461, 0.340953, 29
-2.16529, -2.90496, 0.253356, 5
-2.16044, -2.89845, 0.189456, 1
-2.21226, -2.96797, 0.129268, 9
-2.11766, -2.84106, 0.0618513, 35
-2.0128, -2.70038, 0, 37
-2.27007, -3.02565, 1.01354, 27
-2.28034, -3.03934, 0.947366, 24
-2.29694, -3.06146, 0.883608, 24
-2.31054, -3.07958, 0.81834, 26
-2.29755, -3.06227, 0.744155, 27
-2.13714, -2.84847, 0.627912, 24
-2.09597, -2.7936, 0.553152, 20
-2.39384, -3.19062, 0.560589, 24
-2.41365, -3.21701, 0.493815, 29
-2.44232, -3.25524, 0.42773, 26
-2.36034, -3.14597, 0.344091, 32
-2.17201, -2.89495, 0.253076, 7
-2.17193, -2.89484, 0.189666, 1
-2.22157, -2.961, 0.129268, 3
-2.12418, -2.83119, 0.0617815, 35
-2.01887, -2.69084, 0, 37
-2.28888, -3.03084, 1.01768, 28
-2.29924, -3.04455, 0.951237, 25
-2.31359, -3.06356, 0.886307, 26
-2.33199, -3.08792, 0.822499, 25
-2.31189, -3.06131, 0.745682, 26
-2.14845, -2.84489, 0.628606, 23
-2.11188, -2.79646, 0.55503, 21
-2.40863, -3.1894, 0.561703, 27
-2.4357, -3.22525, 0.496252, 27
-2.45973, -3.25707, 0.428985, 27
-2.48068, -3.28481, 0.360128, 29
-2.3398, -3.09827, 0.271492, 28
-2.21953, -2.93901, 0.193015, 6
-2.22363, -2.94444, 0.128849, 2
-2.13065, -2.82132, 0.0617117, 35
-2.03214, -2.69087, 0, 37
-2.30541, -3.03286, 1.02078, 35
-2.31584, -3.04658, 0.95414, 25
-2.33264, -3.06868, 0.889906, 25
-2.34405, -3.08369, 0.82333, 22
-2.32387, -3.05715, 0.746445, 25
-2.15738, -2.83813, 0.628606, 23
-2.12305, -2.79296, 0.555655, 21
-2.42822, -3.19443, 0.563929, 26
-2.44582, -3.21759, 0.496252, 29
-2.47958, -3.262, 0.430657, 27
-2.50304, -3.29286, 0.361871, 28
-2.38333, -3.13538, 0.275399, 26
-2.23117, -2.9352, 0.193224, 6
-2.23529, -2.94062, 0.128989, 7
-2.1395, -2.81461, 0.0617117, 36
-2.03574, -2.67811, 0, 36
-2.31962, -3.03174, 1.02285, 36
-2.33247, -3.04854, 0.957043, 28
-2.35174, -3.07372, 0.893506, 24
-2.36561, -3.09185, 0.827488, 24
-2.33346, -3.04984, 0.746445, 25
-2.1615, -2.82508, 0.627217, 22
-2.14381, -2.80196, 0.558784, 21
-2.44306, -3.19308, 0.565043, 27
-2.46798, -3.22565, 0.498689, 29
-2.49465, -3.26051, 0.431493, 28
-2.51822, -3.29131, 0.362568, 28
-2.44409, -3.19442, 0.281258, 26
-2.2865, -2.98845, 0.197202, 18
-2.25181, -2.94311, 0.129407, 29
-2.14347, -2.80152, 0.0615721, 36
-2.04171, -2.66852, 0, 36
-2.32677, -3.02138, 1.02182, 38
-2.34677, -3.04735, 0.958978, 32
-2.36376, -3.06941, 0.894405, 23
-2.3777, -3.08751, 0.82832, 25
-2.34783, -3.04871, 0.747971, 22
-2.17277, -2.82139, 0.627912, 21
-2.15743, -2.80148, 0.560035, 22
-2.46275, -3.19794, 0.56727, 27
-2.48537, -3.22732, 0.500152, 28
-2.51459, -3.26526, 0.433166, 27
-2.53584, -3.29285, 0.363614, 27
-2.45898, -3.19305, 0.281816, 27
-2.30563, -2.99392, 0.198039, 17
-2.25616, -2.92969, 0.129128, 30
-2.15226, -2.79477, 0.0615721, 36
-2.04765, -2.65892, 0, 37
-2.33389, -3.011, 1.02078, 37
-2.35633, -3.03996, 0.958978, 34
-2.37817, -3.06813, 0.896205, 28
-2.39458, -3.0893, 0.830815, 25
-2.35499, -3.03822, 0.747208, 21
-2.18162, -2.81455, 0.627912, 22
-2.17106, -2.80093, 0.561287, 26
-2.48006, -3.19958, 0.56894, 27
-2.50523, -3.23205, 0.502102, 28
-2.52971, -3.26363, 0.434002, 26
-2.55105, -3.29117, 0.364311, 29
-2.46167, -3.17585, 0.280979, 27
-2.3297, -3.0056, 0.199295, 19
-2.2678, -2.92574, 0.129268, 33
-2.15368, -2.77851, 0.0613627, 35
-2.05844, -2.65564, 0, 36
-2.34333, -3.00365, 1.02078, 39
-2.37065, -3.03866, 0.960914, 37
-2.39259, -3.06678, 0.898005, 33
-2.4139, -3.0941, 0.834142, 28
-2.3621, -3.02771, 0.746445, 19
-2.19287, -2.81079, 0.628606, 21
-2.18957, -2.80656, 0.56379, 24
-2.49985, -3.20427, 0.571166, 28
-2.52514, -3.23668, 0.504052, 26
-2.54974, -3.26822, 0.435675, 26
-2.56628, -3.28942, 0.365008, 29
-2.47409, -3.17125, 0.281258, 26
-2.3465, -3.00771, 0.199923, 19
-2.27698, -2.9186, 0.129268, 33
-2.1624, -2.77173, 0.0613627, 35
-2.06431, -2.64601, 0, 37
-2.35462, -2.99972, 1.02182, 38
-2.37726, -3.02856, 0.959946, 36
-2.40408, -3.06274, 0.898904, 33
-2.42548, -3.09, 0.834973, 31
-2.36623, -3.01451, 0.744918, 19
-2.19634, -2.79808, 0.627217, 23
-2.20032, -2.80315, 0.564416, 25
-2.51913, -3.2093, 0.573393, 27
-2.53963, -3.23542, 0.505027, 25
-2.56679, -3.27003, 0.436929, 26
-2.58095, -3.28806, 0.365706, 31
-2.47856, -3.15762, 0.2807, 26
-2.36528, -3.01331, 0.200761, 22
-2.27823, -2.9024, 0.128849, 34
-2.17062, -2.76531, 0.0613627, 33
-2.06722, -2.63358, 0, 36
-2.36403, -2.99231, 1.02182, 38
-2.38676, -3.02108, 0.959946, 34
-2.41369, -3.05517, 0.898904, 35
-2.44003, -3.08851, 0.836637, 32
-2.37812, -3.01014, 0.745682, 18
-2.20512, -2.79116, 0.627217, 24
-2.21647, -2.80553, 0.566293, 24
-2.53165, -3.20448, 0.57395, 28
-2.56209, -3.243, 0.507464, 26
-2.58938, -3.27755, 0.43902, 26
-2.59868, -3.28932, 0.366751, 30
-2.48847, -3.14981, 0.2807, 27
-2.37721, -3.009, 0.20097, 22
-2.28981, -2.89837, 0.128989, 34
-2.17681, -2.75534, 0.0612928, 34
-2.07548, -2.62707, 0, 36
-2.36621, -2.9758, 1.01871, 35
-2.39624, -3.01356, 0.959946, 36
-2.42571, -3.05062, 0.899804, 36
-2.45216, -3.08389, 0.837468, 34
-2.39001, -3.00573, 0.746445, 18
-2.21878, -2.79039, 0.628606, 27
-2.23511, -2.81092, 0.568796, 22
-2.55403, -3.21201, 0.576733, 23
-2.57968, -3.24426, 0.508926, 27
-2.60462, -3.27563, 0.439856, 24
-2.609, -3.28114, 0.366751, 32
-2.49835, -3.14198, 0.2807, 26
-2.39909, -3.01715, 0.202017, 25
-2.29393, -2.8849, 0.128709, 33
-2.18297, -2.74535, 0.061223, 35
-2.08123, -2.61741, 0, 36
-2.37796, -2.97137, 1.01975, 32
-2.40084, -2.99996, 0.958011, 35
-2.43528, -3.04299, 0.899804, 34
-2.46428, -3.07922, 0.8383, 38
-2.39944, -2.99821, 0.746445, 18
-2.23492, -2.79263, 0.63069, 26
-2.2933, -2.86558, 0.58131, 24
-2.57401, -3.21634, 0.57896, 27
-2.5973, -3.24544, 0.510389, 26
-2.62484, -3.27985, 0.441528, 25
-2.62677, -3.28226, 0.367797, 31
-2.50322, -3.12788, 0.280142, 28
-2.41854, -3.02207, 0.202854, 48
-2.30049, -2.87456, 0.12857, 33
-2.18908, -2.73536, 0.0611532, 36
-2.09194, -2.61398, 0, 36
-2.37759, -2.95185, 1.01561, 33
-2.41026, -2.9924, 0.958011, 32
-2.44238, -3.03229, 0.898904, 33
-2.46903, -3.06537, 0.836637, 36
-2.40885, -2.99065, 0.746445, 18
-2.24615, -2.78866, 0.631385, 27
-2.41877, -3.00297, 0.61072, 50
-2.59404, -3.22058, 0.581187, 28
-2.61744, -3.24963, 0.512339, 27
-2.64511, -3.28398, 0.443201, 26
-2.63706, -3.27399, 0.367797, 31
-2.51554, -3.12311, 0.280421, 26
-2.43053, -3.01757, 0.203064, 58
-2.31201, -2.87043, 0.128709, 32
-2.20018, -2.73158, 0.061223, 36
-2.09764, -2.60428, 0, 35
-2.38198, -2.93836, 1.01354, 33
-2.4172, -2.9818, 0.957043, 31
-2.44944, -3.02157, 0.898005, 31
-2.47865, -3.0576, 0.836637, 37
-2.4207, -2.98612, 0.747208, 20
-2.26234, -2.79077, 0.633469, 26
-2.53765, -3.13039, 0.638253, 39
-2.61163, -3.22165, 0.582857, 29
-2.63514, -3.25065, 0.513801, 27
-2.66544, -3.28802, 0.444873, 26
-2.64985, -3.26879, 0.368146, 29
-2.52282, -3.11209, 0.280142, 27
-2.44251, -3.01302, 0.203273, 40
-2.3185, -2.86005, 0.12857, 33
-2.20623, -2.72155, 0.0611532, 36
-2.10077, -2.59146, 0, 36
-2.38632, -2.92487, 1.01146, 33
-2.42165, -2.96818, 0.955108, 31
-2.45153, -3.0048, 0.895305, 29
-2.48824, -3.0498, 0.836637, 35
-2.43007, -2.9785, 0.747208, 20
-2.27857, -2.79281, 0.635552, 28
-2.59493, -3.18056, 0.650142, 36
-2.62925, -3.22263, 0.584527, 31
-2.65538, -3.25466, 0.515751, 28
-2.6833, -3.28888, 0.446128, 25
-2.66262, -3.26353, 0.368495, 29
-2.53763, -3.11034, 0.2807, 26
-2.44944, -3.00224, 0.203064, 34
-2.32748, -2.85275, 0.12857, 33
-2.21224, -2.71151, 0.0610834, 35
-2.10384, -2.57865, 0, 36
-2.3955, -2.91736, 1.01146, 33
-2.42111, -2.94856, 0.951237, 30
-2.45601, -2.99106, 0.893506, 29
-2.49036, -3.03289, 0.834142, 35
-2.43942, -2.97085, 0.747208, 21
-2.29483, -2.79477, 0.637636, 28
-2.60742, -3.17545, 0.650767, 35
-2.64439, -3.22048, 0.58564, 34
-2.67567, -3.25857, 0.517701, 29
-2.70371, -3.29273, 0.4478, 26
-2.67539, -3.25823, 0.368843, 27
-2.5398, -3.0931, 0.279863, 26
-2.45886, -2.99453, 0.203064, 31
-2.33135, -2.83925, 0.128291, 33
-2.21821, -2.70145, 0.0610136, 37
-2.11447, -2.57512, 0, 36
-2.40219, -2.90684, 1.01043, 33
-2.42789, -2.93795, 0.950269, 29
-2.45795, -2.97432, 0.890806, 29
-2.49988, -3.02506, 0.834142, 34
-2.44624, -2.96015, 0.746445, 22
-2.31615, -2.80273, 0.641109, 27
-2.61738, -3.16724, 0.650767, 37
-2.65449, -3.21216, 0.58564, 35
-2.69601, -3.26239, 0.519651, 31
-2.72418, -3.29648, 0.449472, 26
-2.68815, -3.25288, 0.369192, 26
-2.55204, -3.08818, 0.280142, 26
-2.46316, -2.98063, 0.202645, 29
-2.33771, -2.82883, 0.128151, 33
-2.22668, -2.69447, 0.0610136, 36
-2.1251, -2.57155, 0, 36
-2.40143, -2.8874, 1.00629, 32
-2.42966, -2.92135, 0.947366, 29
-2.46479, -2.96358, 0.889906, 28
-2.50186, -3.00816, 0.831647, 36
-2.45553, -2.95245, 0.746445, 23
-2.32746, -2.79847, 0.641804, 27
-2.63237, -3.16508, 0.652019, 36
-2.66711, -3.20685, 0.586197, 35
-2.71132, -3.26001, 0.520626, 35
-2.7447, -3.30014, 0.451145, 30
-2.69581, -3.24136, 0.368843, 25
-2.56173, -3.08015, 0.280142, 25
-2.47251, -2.97288, 0.202645, 29
-2.34659, -2.82147, 0.128151, 33
-2.23258, -2.68439, 0.0609438, 36
-2.12805, -2.55871, 0, 36
-2.40553, -2.87392, 1.00422, 32
-2.43385, -2.90775, 0.945431, 32
-2.46908, -2.94985, 0.888107, 29
-2.50628, -2.99429, 0.829983, 34
-2.46479, -2.94472, 0.746445, 23
-2.34383, -2.8002, 0.643887, 25
-2.63976, -3.15376, 0.651393, 34
-2.67971, -3.20149, 0.586754, 36
-2.72155, -3.25148, 0.520626, 36
-2.76016, -3.29761, 0.451981, 31
-2.70342, -3.22982, 0.368495, 26
-2.57396, -3.07514, 0.280421, 26
-2.47671, -2.95897, 0.202226, 29
-2.35031, -2.80795, 0.127872, 34
-2.241, -2.67736, 0.0609438, 36
-2.13608, -2.55201, 0, 36
-2.40956, -2.86044, 1.00215, 30
-2.44047, -2.89712, 0.944463, 30
-2.47331, -2.93612, 0.886307, 28
-2.51315, -2.98341, 0.829152, 35
-2.4715, -2.93396, 0.745682, 25
-2.3653, -2.80789, 0.64736, 24
-2.64711, -3.14243, 0.650767, 35
-2.68975, -3.19305, 0.586754, 35
-2.73431, -3.24595, 0.521113, 37
-2.77051, -3.28892, 0.451981, 35
-2.71612, -3.22436, 0.368843, 25
-2.58103, -3.06399, 0.280142, 26
-2.486, -2.95117, 0.202226, 30
-2.35912, -2.80055, 0.127872, 33
-2.24683, -2.66725, 0.060874, 36
-2.13893, -2.53917, 0, 37
-2.41904, -2.85243, 1.00215, 31
-2.44504, -2.88309, 0.942528, 30
-2.478, -2.92195, 0.884508, 28
-2.51797, -2.96909, 0.827488, 34
-2.4736, -2.91676, 0.743392, 25
-2.38224, -2.80905, 0.649444, 23
-2.64985, -3.1246, 0.64889, 33
-2.70033, -3.18412, 0.586754, 34
-2.74763, -3.23989, 0.521601, 37
-2.78912, -3.28881, 0.453235, 37
-2.7268, -3.21533, 0.368843, 25
-2.59118, -3.05541, 0.280142, 25
-2.49319, -2.93987, 0.202017, 29
-2.36839, -2.79271, 0.127872, 33
-2.25307, -2.65673, 0.0608042, 35
-2.14734, -2.53206, 0, 38
-2.41997, -2.83642, 0.999041, 31
-2.45107, -2.87287, 0.94156, 29
-2.4816, -2.90866, 0.882708, 28
-2.51661, -2.9497, 0.824162, 34
-2.48224, -2.90941, 0.743392, 25
-2.39824, -2.81096, 0.651528, 21
-2.65911, -3.11672, 0.64889, 33
-2.70462, -3.17006, 0.58564, 33
-2.75465, -3.2287, 0.521113, 37
-2.79628, -3.2775, 0.452817, 37
-2.73374, -3.20419, 0.368495, 25
-2.59764, -3.04468, 0.279863, 23
-2.5019, -2.93245, 0.202017, 30
-2.37408, -2.78263, 0.127732, 32
-2.26354, -2.65308, 0.060874, 35
-2.15485, -2.52568, 0, 37
-2.42383, -2.82294, 0.996971, 30
-2.45502, -2.85927, 0.939625, 30
-2.48564, -2.89493, 0.880908, 27
-2.52587, -2.94178, 0.824162, 33
-2.49392, -2.90458, 0.744155, 25
-2.41989, -2.81835, 0.655001, 20
-2.66117, -3.09936, 0.647013, 32
-2.70941, -3.15554, 0.584527, 31
-2.76478, -3.22003, 0.521113, 35
-2.80916, -3.27172, 0.453235, 35
-2.74898, -3.20164, 0.369192, 25
-2.6046, -3.03347, 0.279584, 22
-2.5085, -2.92155, 0.201807, 30
-2.3776, -2.7691, 0.127453, 32
-2.26926, -2.64292, 0.0608042, 36
-2.16016, -2.51586, 0, 37
-2.42511, -2.80654, 0.993865, 29
-2.45892, -2.84567, 0.937689, 31
-2.49218, -2.88416, 0.880009, 27
-2.52742, -2.92495, 0.821667, 33
-2.50047, -2.89376, 0.743392, 24
-2.43131, -2.81371, 0.655695, 18
-2.66314, -3.08202, 0.645136, 33
-2.71154, -3.13802, 0.582857, 33
-2.76709, -3.20232, 0.519651, 34
-2.81942, -3.26287, 0.453235, 36
-2.75382, -3.18695, 0.368495, 24
-2.62194, -3.03433, 0.280421, 23
-2.51244, -2.90761, 0.201389, 30
-2.38367, -2.75859, 0.127313, 33
-2.27755, -2.63578, 0.0608042, 35
-2.16806, -2.50906, 0, 37
-2.42933, -2.79266, 0.991795, 29
-2.46325, -2.83164, 0.935754, 31
-2.4915, -2.86412, 0.876409, 27
-2.53197, -2.91065, 0.820004, 33
-2.49974, -2.8736, 0.740339, 25
-2.44838, -2.81455, 0.657779, 22
-2.66816, -3.06721, 0.643884, 32
-2.71933, -3.12603, 0.5823, 33
-2.77509, -3.19013, 0.519163, 32
-2.82239, -3.2445, 0.451981, 35
-2.76437, -3.17781, 0.368495, 25
-2.62937, -3.02261, 0.280142, 24
-2.52469, -2.90228, 0.201598, 28
-2.39018, -2.74765, 0.127174, 34
-2.28103, -2.62217, 0.0606646, 35
-2.17637, -2.50186, 0, 37
-2.43555, -2.7821, 0.990759, 30
-2.46446, -2.81513, 0.932851, 32
-2.49791, -2.85334, 0.87551, 29
-2.53595, -2.89679, 0.81834, 33
-2.50876, -2.86573, 0.740339, 26
-2.47018, -2.82167, 0.661252, 20
-2.67258, -3.05287, 0.642633, 33
-2.72131, -3.10853, 0.58063, 32
-2.77726, -3.17243, 0.517701, 33
-2.82733, -3.22963, 0.451145, 34
-2.77697, -3.1721, 0.368843, 26
-2.64411, -3.02034, 0.2807, 25
-2.52853, -2.88832, 0.201179, 29
-2.3988, -2.74013, 0.127174, 32
-2.28399, -2.60898, 0.0605249, 35
-2.18158, -2.492, 0, 37
-2.44172, -2.77154, 0.989724, 29
-2.46816, -2.80155, 0.930915, 31
-2.50171, -2.83963, 0.87371, 31
-2.54245, -2.88587, 0.817509, 32
-2.51256, -2.85194, 0.738812, 27
-2.48685, -2.82276, 0.663336, 21
-2.67955, -3.04149, 0.642007, 33
-2.72582, -3.09402, 0.579517, 36
-2.78458, -3.16071, 0.517213, 32
-2.8322, -3.21477, 0.450309, 35
-2.78692, -3.16336, 0.368843, 28
-2.65886, -3.01801, 0.281258, 29
-2.53495, -2.87736, 0.20097, 29
-2.40476, -2.72958, 0.127034, 33
-2.29482, -2.60479, 0.0605948, 36
-2.18675, -2.48213, 0, 37
-2.44529, -2.75807, 0.987653, 31
-2.4718, -2.78797, 0.92898, 31
-2.50545, -2.82593, 0.87191, 30
-2.54631, -2.87202, 0.815845, 31
-2.5189, -2.8411, 0.738049, 28
-2.50616, -2.82672, 0.666114, 21
-2.68123, -3.02419, 0.64013, 34
-2.73028, -3.07951, 0.578403, 34
-2.7866, -3.14304, 0.515751, 31
-2.83965, -3.20287, 0.44989, 35
-2.79156, -3.14863, 0.368146, 29
-2.68156, -3.02457, 0.282653, 53
-2.54398, -2.86939, 0.20097, 29
-2.41332, -2.72201, 0.127034, 31
-2.30299, -2.59757, 0.0605948, 36
-2.19454, -2.47525, 0, 37
-2.4488, -2.74461, 0.985583, 31
-2.47538, -2.7744, 0.927045, 30
-2.51172, -2.81513, 0.87101, 31
-2.55011, -2.85816, 0.814182, 34
-2.5252, -2.83024, 0.737286, 29
-2.52551, -2.83059, 0.668893, 24
-2.68282, -3.00691, 0.638253, 34
-2.7373, -3.06796, 0.577847, 34
-2.79117, -3.12834, 0.514776, 32
-2.8444, -3.188, 0.449054, 35
-2.80143, -3.13984, 0.368146, 28
-2.69105, -3.01613, 0.282653, 51
-2.55298, -2.86138, 0.20097, 29
-2.4192, -2.71143, 0.126895, 34
-2.31114, -2.59032, 0.0605948, 37
-2.20231, -2.46834, 0, 37
-2.45741, -2.7369, 0.985583, 33
-2.48149, -2.76372, 0.926077, 28
-2.51534, -2.80143, 0.869211, 30
-2.55385, -2.84431, 0.812519, 34
-2.53146, -2.81937, 0.736523, 30
-2.53966, -2.82851, 0.670282, 25
-2.69226, -2.99846, 0.638253, 32
-2.73634, -3.04756, 0.57562, 34
-2.79303, -3.1107, 0.513314, 31
-2.84643, -3.17017, 0.4478, 35
-2.81128, -3.13103, 0.368146, 28
-2.70318, -3.01063, 0.282932, 39
-2.55662, -2.8474, 0.200551, 30
-2.42503, -2.70085, 0.126755, 33
-2.31125, -2.57412, 0.0603853, 37
-2.20738, -2.45844, 0, 36
-2.45045, -2.71197, 0.979371, 7
-2.49016, -2.75591, 0.926077, 30
-2.52152, -2.79062, 0.868311, 29
-2.55753, -2.83047, 0.810856, 34
-2.54293, -2.81432, 0.737286, 29
-2.56174, -2.83513, 0.673755, 21
-2.69372, -2.9812, 0.636375, 32
-2.74324, -3.03601, 0.575063, 34
-2.79747, -3.09602, 0.512339, 31
-2.85371, -3.15826, 0.447382, 35
-2.82111, -3.12218, 0.368146, 28
-2.70995, -2.99916, 0.282653, 32
-2.56555, -2.83935, 0.200551, 30
-2.43351, -2.69321, 0.126755, 34
-2.31932, -2.56685, 0.0603853, 37
-2.21777, -2.45446, 0, 38
-2.42517, -2.66709, 0.965913, 3
-2.50403, -2.75382, 0.928012, 47
-2.52503, -2.77692, 0.866511, 33
-2.56377, -2.81953, 0.810024, 34
-2.55969, -2.81503, 0.739576, 23
-2.57593, -2.8329, 0.675144, 20
-2.70041, -2.9698, 0.63575, 32
-2.74744, -3.02151, 0.57395, 36
-2.80451, -3.08427, 0.511851, 31
-2.85826, -3.14339, 0.446546, 34
-2.82286, -3.10446, 0.3671, 28
-2.71668, -2.98768, 0.282374, 30
-2.57177, -2.82833, 0.200342, 29
-2.43927, -2.6826, 0.126615, 32
-2.32738, -2.55955, 0.0603853, 37
-2.22009, -2.44156, 0, 37
-2.27443, -2.48559, 0.902761, 3
-2.50743, -2.74021, 0.926077, 23
-2.53637, -2.77185, 0.867411, 32
-2.5647, -2.8028, 0.807529, 38
-2.57382, -2.81277, 0.741102, 24
-2.59811, -2.83932, 0.678617, 19
-2.69906, -2.94964, 0.633247, 35
-2.75424, -3.00994, 0.573393, 36
-2.80614, -3.06666, 0.510389, 33
-2.86544, -3.13146, 0.446128, 34
-2.8326, -3.09557, 0.3671, 28
-2.72066, -2.97324, 0.281816, 30
-2.58334, -2.82318, 0.200551, 29
-2.44768, -2.67492, 0.126615, 34
-2.33541, -2.55222, 0.0603853, 36
-2.22775, -2.43457, 0, 37
-2.24297, -2.43579, 0.887232, 3
-2.50814, -2.72376, 0.923174, 19
-2.54507, -2.76387, 0.867411, 23
-2.57614, -2.79761, 0.808361, 37
-2.58796, -2.81045, 0.742629, 24
-2.62036, -2.84563, 0.68209, 19
-2.70831, -2.94115, 0.633247, 35
-2.75564, -2.99254, 0.571723, 34
-2.81307, -3.05491, 0.509901, 32
-2.86718, -3.11367, 0.444873, 36
-2.84231, -3.08666, 0.3671, 29
-2.73269, -2.96762, 0.282095, 30
-2.58679, -2.80917, 0.200133, 29
-2.45336, -2.66428, 0.126476, 33
-2.3407, -2.54193, 0.0603155, 36
-2.23268, -2.42462, 0, 36
-2.21647, -2.39189, 0.873773, 2
-2.5114, -2.71017, 0.921239, 17
-2.55374, -2.75586, 0.867411, 18
-2.58757, -2.79237, 0.809192, 33
-2.60745, -2.81382, 0.745682, 27
-2.63732, -2.84606, 0.684174, 21
-2.70948, -2.92393, 0.631369, 33
-2.76233, -2.98096, 0.571166, 37
-2.81456, -3.03732, 0.508439, 33
-2.87154, -3.09881, 0.444037, 35
-2.84928, -3.07479, 0.366751, 29
-2.73929, -2.95609, 0.281816, 30
-2.59289, -2.7981, 0.199923, 30
-2.46172, -2.65656, 0.126476, 33
-2.34596, -2.53163, 0.0602457, 37
-2.23485, -2.41172, 0, 38
0, 0, 0, 0
-2.49344, -2.67388, 0.911562, 1
-2.55175, -2.73642, 0.863812, 19
-2.59367, -2.78137, 0.808361, 22
-2.62967, -2.81998, 0.749498, 70
-2.65968, -2.85216, 0.687647, 25
-2.71596, -2.91251, 0.630744, 33
-2.76088, -2.96068, 0.56894, 36
-2.82138, -3.02556, 0.507951, 31
-2.87583, -3.08395, 0.443201, 33
-2.85621, -3.06291, 0.366403, 29
-2.74312, -2.94164, 0.281258, 30
-2.59622, -2.7841, 0.199505, 30
-2.47006, -2.64881, 0.126476, 33
-2.3539, -2.52425, 0.0602457, 37
-2.24787, -2.41054, 0, 38
0, 0, 0, 0
-2.46684, -2.62968, 0.898982, 1
-2.5172, -2.68336, 0.849415, 1
-2.59388, -2.7651, 0.805866, 19
-2.63265, -2.80643, 0.747971, 28
-2.67622, -2.85288, 0.689731, 47
-2.71919, -2.89868, 0.629492, 34
-2.76694, -2.94958, 0.568383, 35
-2.82491, -3.01138, 0.506976, 33
-2.88225, -3.0725, 0.442783, 32
-2.85983, -3.04861, 0.365706, 32
-2.75184, -2.93348, 0.281258, 30
-2.60446, -2.77638, 0.199505, 30
-2.4779, -2.64147, 0.126476, 34
-2.36138, -2.51725, 0.0602457, 37
-2.24954, -2.39803, 0, 37
0, 0, 0, 0
0, 0, 0, 0
-2.48281, -2.63009, 0.835018, 0
-2.58644, -2.73986, 0.800876, 5
-2.63876, -2.79529, 0.747208, 23
-2.69058, -2.85018, 0.69112, 29
-2.72557, -2.88725, 0.628867, 40
-2.77075, -2.93512, 0.56727, 33
-2.82891, -2.99672, 0.506001, 31
-2.88096, -3.05186, 0.44111, 32
-2.87213, -3.04251, 0.366054, 33
-2.75556, -2.91902, 0.2807, 30
-2.61317, -2.76819, 0.199505, 30
-2.4807, -2.62786, 0.126197, 33
-2.36378, -2.50401, 0.0601061, 37
-2.25706, -2.39095, 0, 37
0, 0, 0, 0
0, 0, 0, 0
-2.31926, -2.44143, 0.777431, 9
-2.58156, -2.71754, 0.796718, 2
-2.63671, -2.7756, 0.744155, 19
-2.68867, -2.83029, 0.688341, 23
-2.73735, -2.88154, 0.629492, 31
-2.77723, -2.92353, 0.566713, 34
-2.82737, -2.97631, 0.504052, 33
-2.89054, -3.0428, 0.44111, 34
-2.87619, -3.02769, 0.365357, 32
-2.77021, -2.91614, 0.281258, 31
-2.62186, -2.75997, 0.199505, 29
-2.48344, -2.61426, 0.125917, 32
-2.37164, -2.49657, 0.0601061, 36
-2.25905, -2.37805, 0, 37
0, 0, 0, 0
0, 0, 0, 0
-2.31884, -2.42568, 0.774731, 6
-2.42516, -2.5369, 0.745987, 0
-2.63457, -2.75595, 0.741102, 5
-2.69482, -2.81898, 0.687647, 20
-2.74092, -2.86721, 0.628241, 24
-2.79461, -2.92338, 0.568383, 52
-2.83945, -2.97028, 0.504539, 34
-2.88909, -3.0222, 0.439438, 34
-2.89119, -3.0244, 0.366054, 27
-2.7766, -2.90453, 0.280979, 30
-2.62499, -2.74594, 0.199086, 29
-2.49164, -2.60644, 0.125917, 33
-2.37947, -2.4891, 0.0601061, 37
-2.26927, -2.37383, 0, 37
0, 0, 0, 0
0, 0, 0, 0
-2.32104, -2.41276, 0.772932, 8
-2.3436, -2.43622, 0.718543, 0
-2.53433, -2.63447, 0.710573, 1
-2.67636, -2.78212, 0.680701, 5
-2.74444, -2.85289, 0.626989, 20
-2.79829, -2.90887, 0.56727, 27
-2.84877, -2.96134, 0.504539, 37
-2.89581, -3.01024, 0.43902, 34
-2.9062, -3.02105, 0.366751, 23
-2.78295, -2.89292, 0.2807, 30
-2.63361, -2.73768, 0.199086, 29
-2.49982, -2.5986, 0.125917, 32
-2.38451, -2.47873, 0.0600363, 37
-2.27949, -2.36957, 0, 37
0, 0, 0, 0
0, 0, 0, 0
-2.32319, -2.39986, 0.771132, 6
-2.35941, -2.43728, 0.721038, 0
-2.39785, -2.47698, 0.670121, 0
-2.64398, -2.73124, 0.670282, 2
-2.72866, -2.81871, 0.621358, 5
-2.80466, -2.89722, 0.566713, 23
-2.8553, -2.94953, 0.504052, 31
-2.90525, -3.00113, 0.43902, 37
-2.93231, -3.02908, 0.368843, 27
-2.78925, -2.8813, 0.280421, 30
-2.6422, -2.72939, 0.199086, 30
-2.50519, -2.58786, 0.125778, 32
-2.39228, -2.47123, 0.0600363, 36
-2.28136, -2.35665, 0, 38
0, 0, 0, 0
0, 0, 0, 0
-2.328, -2.38976, 0.770232, 5
-2.34794, -2.41023, 0.715216, 0
-2.3974, -2.46099, 0.667831, 0
-2.46014, -2.5254, 0.62166, 0
-2.71269, -2.78465, 0.615726, 4
-2.79993, -2.87421, 0.563929, 12
-2.85901, -2.93485, 0.503077, 27
-2.92022, -2.99769, 0.439856, 42
-2.95571, -3.03413, 0.370586, 45
-2.79828, -2.87252, 0.280421, 31
-2.64797, -2.71822, 0.198877, 30
-2.51052, -2.57712, 0.125638, 32
-2.40282, -2.46657, 0.0601061, 37
-2.28596, -2.34661, 0, 38
0, 0, 0, 0
0, 0, 0, 0
-2.32458, -2.3713, 0.766633, 3
-2.34729, -2.39446, 0.712721, 0
-2.38862, -2.43663, 0.663252, 0
-2.44324, -2.49234, 0.615409, 1
-2.55272, -2.60402, 0.577556, 0
-2.78399, -2.83994, 0.558919, 4
-2.85988, -2.91735, 0.501614, 21
-2.92405, -2.98282, 0.43902, 24
-2.9736, -3.03336, 0.371632, 61
-2.8045, -2.86086, 0.280142, 30
-2.6565, -2.70988, 0.198877, 30
-2.5158, -2.56636, 0.125499, 32
-2.40496, -2.4533, 0.0599665, 38
-2.29612, -2.34227, 0, 38
0, 0, 0, 0
0, 0, 0, 0
-2.33749, -2.36953, 0.768433, 2
-2.3548, -2.38708, 0.712721, 0
-2.4073, -2.44029, 0.666305, 0
-2.44829, -2.48185, 0.614715, 1
-2.48597, -2.52005, 0.560661, 0
-2.67328, -2.70993, 0.534981, 1
-2.8523, -2.8914, 0.498689, 3
-2.92503, -2.96512, 0.437765, 20
-2.98032, -3.02117, 0.371284, 49
-2.81067, -2.8492, 0.279863, 32
-2.65939, -2.69584, 0.198458, 30
-2.52666, -2.56129, 0.125638, 31
-2.40985, -2.44288, 0.0598967, 38
-2.29785, -2.32935, 0, 39
0, 0, 0, 0
0, 0, 0, 0
-2.33669, -2.35388, 0.765733, 2
-2.36504, -2.38244, 0.713553, 0
-2.40389, -2.42157, 0.663252, 0
-2.44775, -2.46576, 0.612631, 1
-2.49388, -2.51223, 0.560661, 0
-2.55341, -2.5722, 0.509374, 0
-2.77746, -2.79789, 0.484065, 1
-2.9063, -2.92768, 0.433584, 3
-2.98699, -3.00896, 0.370935, 37
-2.8168, -2.83752, 0.279584, 34
-2.66503, -2.68464, 0.198249, 30
-2.53188, -2.5505, 0.125499, 32
-2.42033, -2.43814, 0.0599665, 37
-2.30798, -2.32496, 0, 39
0, 0, 0, 0
0, 0, 0, 0
-2.3303, -2.33274, 0.761234, 2
-2.35316, -2.35563, 0.707731, 0
-2.39761, -2.40012, 0.659436, 0
-2.44992, -2.45249, 0.611242, 1
-2.49338, -2.49599, 0.558784, 0
-2.53629, -2.53894, 0.504363, 0
-2.60385, -2.60658, 0.452379, 0
-2.8958, -2.89884, 0.430657, 2
-2.96545, -2.96855, 0.3671, 5
-2.8257, -2.82866, 0.279584, 32
-2.67063, -2.67342, 0.198039, 31
-2.53988, -2.54254, 0.125499, 31
-2.42232, -2.42486, 0.0598268, 38
-2.31244, -2.31486, 0, 39
0, 0, 0, 0
0, 0, 0, 0
-2.34591, -2.33366, 0.763934, 2
-2.36332, -2.35098, 0.708563, 0
-2.4107, -2.39811, 0.660962, 0
-2.44365, -2.43089, 0.607769, 1
-2.49841, -2.48536, 0.558158, 0
-2.54425, -2.53096, 0.504363, 0
-2.58951, -2.57599, 0.448479, 0
-2.68209, -2.66809, 0.397626, 0
-2.98606, -2.97046, 0.368495, 4
-2.82326, -2.80851, 0.278468, 17
-2.68468, -2.67066, 0.198458, 30
-2.54502, -2.53173, 0.125359, 32
-2.42993, -2.41724, 0.0598268, 37
-2.3197, -2.30759, 0, 38
0, 0, 0, 0
0, 0, 0, 0
-2.3366, -2.30983, 0.758535, 4
-2.36513, -2.33804, 0.7069, 0
-2.40985, -2.38225, 0.658673, 0
-2.45407, -2.42597, 0.608463, 1
-2.49778, -2.46917, 0.556281, 0
-2.54374, -2.5146, 0.502693, 1
-2.60041, -2.57063, 0.448967, 0
-2.67066, -2.64007, 0.394699, 0
-2.79701, -2.76497, 0.344091, 1
-2.84058, -2.80804, 0.279305, 8
-2.68737, -2.65659, 0.198039, 30
-2.55012, -2.52091, 0.125219, 32
-2.43467, -2.40678, 0.059757, 37
-2.32694, -2.30029, 0, 38
0, 0, 0, 0
0, 0, 0, 0
-2.33828, -2.29702, 0.756735, 1
-2.36688, -2.32512, 0.705236, 0
-2.41452, -2.37191, 0.657909, 0
-2.45325, -2.40996, 0.606379, 1
-2.49143, -2.44747, 0.553152, 0
-2.5375, -2.49272, 0.49991, 1
-2.58865, -2.54297, 0.445554, 0
-2.65624, -2.60936, 0.391355, 0
-2.71187, -2.66402, 0.332586, 0
-2.82377, -2.77394, 0.276794, 1
-2.69285, -2.64534, 0.19783, 29
-2.55802, -2.51288, 0.125219, 33
-2.44222, -2.39912, 0.059757, 38
-2.32845, -2.28736, 0, 39
0, 0, 0, 0
0, 0, 0, 0
-2.33712, -2.28149, 0.754036, 0
-2.37418, -2.31767, 0.705236, 0
-2.42758, -2.3698, 0.659436, 0
-2.45517, -2.39674, 0.60499, 1
-2.49063, -2.43135, 0.551275, 0
-2.54815, -2.4875, 0.500466, 0
-2.60515, -2.54315, 0.447017, 0
-2.64734, -2.58433, 0.388846, 0
-2.71452, -2.64992, 0.331889, 0
-2.78964, -2.72325, 0.272608, 0
-2.70115, -2.63686, 0.19783, 29
-2.5659, -2.50484, 0.125219, 32
-2.44974, -2.39144, 0.059757, 37
-2.34135, -2.28562, 0, 39
0, 0, 0, 0
0, 0, 0, 0
-2.33868, -2.26871, 0.752236, 0
-2.35336, -2.28296, 0.69692, 0
-2.41246, -2.34029, 0.65333, 0
-2.44855, -2.3753, 0.601517, 1
-2.50676, -2.43176, 0.553152, 0
-2.55027, -2.47397, 0.499353, 0
-2.61313, -2.53495, 0.447017, 0
-2.6583, -2.57877, 0.389264, 0
-2.71998, -2.6386, 0.33154, 0
-2.781, -2.6978, 0.270934, 0
-2.70655, -2.62558, 0.197621, 30
-2.57089, -2.49398, 0.12508, 33
-2.45437, -2.38094, 0.0596872, 38
-2.34277, -2.27269, 0, 37
0, 0, 0, 0
0, 0, 0, 0
-2.3486, -2.26406, 0.753136, 0
-2.37742, -2.29185, 0.70191, 1
-2.41415, -2.32725, 0.651803, 1
-2.456, -2.3676, 0.601517, 1
-2.48879, -2.3992, 0.547521, 0
-2.54947, -2.4577, 0.497683, 0
-2.59249, -2.49917, 0.442142, 0
-2.66353, -2.56765, 0.388846, 0
-2.71104, -2.61345, 0.329449, 0
-2.77797, -2.67797, 0.269818, 0
-2.71479, -2.61707, 0.197621, 29
-2.57584, -2.48311, 0.12494, 33
-2.45896, -2.37045, 0.0596174, 37
-2.35278, -2.26809, 0, 39
0, 0, 0, 0
0, 0, 0, 0
-2.38103, -2.28094, 0.761234, 0
-2.39309, -2.29248, 0.704405, 0
-2.43563, -2.33323, 0.65562, 1
-2.45774, -2.35442, 0.600128, 1
-2.49917, -2.3941, 0.548146, 0
-2.54288, -2.43598, 0.4949, 0
-2.61753, -2.5075, 0.445067, 0
-2.65147, -2.54001, 0.385919, 0
-2.72499, -2.61044, 0.330146, 0
-2.77196, -2.65543, 0.268423, 0
-2.72011, -2.60576, 0.197411, 30
-2.58362, -2.47501, 0.12494, 32
-2.46639, -2.36271, 0.0596174, 38
-2.35701, -2.25792, 0, 40
0, 0, 0, 0
0, 0, 0, 0
-2.38254, -2.26807, 0.759435, 0
-2.41445, -2.29844, 0.708563, 0
-2.42304, -2.30662, 0.650277, 1
-2.46513, -2.34669, 0.600128, 1
-2.48664, -2.36717, 0.543766, 0
-2.54478, -2.42251, 0.493786, 1
-2.6139, -2.48831, 0.443117, 0
-2.65368, -2.52618, 0.385083, 0
-2.72163, -2.59087, 0.328751, 0
-2.78607, -2.65221, 0.268981, 0
-2.72539, -2.59445, 0.197202, 31
-2.59139, -2.46688, 0.12494, 33
-2.47091, -2.35219, 0.0595476, 38
-2.36409, -2.25051, 0, 40
0, 0, 0, 0
0, 0, 0, 0
-2.40381, -2.27397, 0.763934, 0
-2.40744, -2.2774, 0.704405, 0
0, 0, 0, 0
-2.45532, -2.32269, 0.595961, 0
-2.50842, -2.37292, 0.546895, 1
-2.55813, -2.41995, 0.4949, 0
-2.61593, -2.47463, 0.442142, 0
-2.67027, -2.52603, 0.386337, 0
-2.73265, -2.58505, 0.3291, 0
-2.78279, -2.63247, 0.267865, 0
-2.73353, -2.58587, 0.197202, 30
-2.59332, -2.45323, 0.124661, 33
-2.47829, -2.34442, 0.0595476, 39
-2.36534, -2.23757, 0, 39
0, 0, 0, 0
0, 0, 0, 0
-2.4223, -2.27708, 0.767533, 0
-2.42884, -2.28323, 0.708563, 0
0, 0, 0, 0
-2.47121, -2.32306, 0.598044, 0
-2.53601, -2.38397, 0.551275, 0
-2.55706, -2.40376, 0.493229, 1
-2.61791, -2.46096, 0.441167, 0
-2.64341, -2.48493, 0.38132, 0
-2.73205, -2.56826, 0.328054, 0
-2.78814, -2.62099, 0.267586, 0
-2.73873, -2.57454, 0.196993, 30
-2.60101, -2.44508, 0.124661, 34
-2.47981, -2.33114, 0.059408, 39
-2.37818, -2.23561, 0, 40
0, 0, 0, 0
0, 0, 0, 0
-2.42944, -2.26946, 0.767533, 0
-2.44172, -2.28093, 0.710226, 0
0, 0, 0, 0
-2.52455, -2.35831, 0.609158, 0
-2.53194, -2.36521, 0.548772, 0
-2.5675, -2.39842, 0.493786, 0
-2.60242, -2.43104, 0.437267, 1
-2.63957, -2.46575, 0.379647, 0
-2.7139, -2.53518, 0.324917, 0
-2.77886, -2.59587, 0.265912, 0
-2.74972, -2.56865, 0.197202, 30
-2.60868, -2.43689, 0.124661, 34
-2.49004, -2.32607, 0.0594778, 39
-2.37935, -2.22266, 0, 39
0, 0, 0, 0
0, 0, 0, 0
-2.46513, -2.28833, 0.776531, 0
-2.47181, -2.29454, 0.716879, 0
0, 0, 0, 0
-2.53195, -2.35036, 0.609158, 0
-2.56252, -2.37874, 0.553778, 0
-2.58373, -2.39843, 0.495456, 0
-2.62168, -2.43366, 0.439217, 0
-2.64439, -2.45474, 0.379229, 1
-2.72477, -2.52936, 0.325265, 0
-2.78408, -2.58441, 0.265633, 0
-2.75778, -2.56, 0.197202, 30
-2.61046, -2.42324, 0.124382, 33
-2.49734, -2.31824, 0.0594778, 38
-2.38339, -2.21246, 0, 39
0, 0, 0, 0
0, 0, 0, 0
-2.46657, -2.27529, 0.774731, 0
-2.51352, -2.3186, 0.726859, 0
0, 0, 0, 0
-2.53643, -2.33973, 0.608463, 0
-2.56417, -2.36532, 0.552527, 0
-2.59999, -2.39836, 0.497126, 0
-2.62639, -2.42272, 0.43873, 0
-2.64039, -2.43563, 0.377557, 1
-2.72685, -2.51538, 0.324568, 0
-2.79512, -2.57836, 0.265912, 0
-2.75994, -2.5459, 0.196783, 30
-2.621, -2.41774, 0.124521, 34
-2.50167, -2.30767, 0.059408, 38
-2.39621, -2.21038, 0, 39
-2.52917, -2.31837, 0.919325, 13
-2.50628, -2.29739, 0.847694, 0
-2.51106, -2.30177, 0.786429, 0
-2.52656, -2.31598, 0.728523, 0
0, 0, 0, 0
-2.54957, -2.33707, 0.609852, 0
-2.59198, -2.37594, 0.556907, 0
-2.62503, -2.40624, 0.500466, 0
-2.6457, -2.42519, 0.44068, 0
-2.66563, -2.44345, 0.380066, 1
-2.74355, -2.51488, 0.325614, 0
-2.79144, -2.55878, 0.264796, 0
-2.76498, -2.53452, 0.196574, 31
-2.62564, -2.4068, 0.124382, 34
-2.51186, -2.3025, 0.0594778, 38
-2.40019, -2.20014, 0, 40
-2.52787, -2.30261, 0.916219, 16
-2.56226, -2.33393, 0.864145, 15
-2.53556, -2.30961, 0.791828, 0
-2.5425, -2.31593, 0.731017, 0
0, 0, 0, 0
-2.57729, -2.34762, 0.614715, 0
-2.58775, -2.35715, 0.554404, 0
-2.64429, -2.40865, 0.502693, 0
-2.66798, -2.43023, 0.443117, 0
-2.67623, -2.43775, 0.380484, 0
-2.75438, -2.50893, 0.325962, 0
-2.81127, -2.56075, 0.265912, 0
-2.77293, -2.52582, 0.196574, 30
-2.63023, -2.39584, 0.124242, 35
-2.51612, -2.2919, 0.059408, 37
-2.40413, -2.1899, 0, 40
-2.53223, -2.29206, 0.915184, 18
-2.56671, -2.32327, 0.863177, 16
-2.59771, -2.35133, 0.808924, 18
-2.57587, -2.33157, 0.738502, 0
-2.59377, -2.34776, 0.680043, 0
-2.61386, -2.36595, 0.62166, 0
-2.61271, -2.36491, 0.558158, 0
-2.64597, -2.39501, 0.50158, 0
-2.70209, -2.44582, 0.447504, 0
-2.73697, -2.47738, 0.38801, 0
0, 0, 0, 0
-2.82817, -2.55994, 0.266749, 0
-2.77492, -2.51174, 0.196155, 31
-2.63774, -2.38757, 0.124242, 34
-2.52331, -2.28399, 0.059408, 38
-2.40804, -2.17965, 0, 40
-2.53942, -2.2841, 0.915184, 19
-2.56533, -2.30741, 0.860274, 19
-2.59929, -2.33795, 0.807124, 19
-2.63846, -2.37318, 0.754304, 15
-2.60113, -2.3396, 0.680043, 1
-2.66228, -2.3946, 0.631385, 0
-2.6495, -2.38311, 0.564416, 0
-2.69471, -2.42377, 0.509374, 0
-2.73338, -2.45855, 0.451404, 0
-2.76248, -2.48473, 0.390518, 0
-2.81157, -2.52888, 0.330843, 0
-2.86883, -2.58039, 0.269818, 0
-2.78577, -2.50568, 0.196365, 31
-2.64523, -2.37927, 0.124242, 34
-2.52452, -2.2707, 0.0592684, 38
-2.41785, -2.17475, 0, 40
-2.53794, -2.26838, 0.912078, 20
-2.56968, -2.29675, 0.859307, 19
-2.60081, -2.32457, 0.805325, 20
-2.63715, -2.35705, 0.751809, 18
-2.67873, -2.39422, 0.698361, 14
-2.66685, -2.3836, 0.63069, 0
-2.68054, -2.39584, 0.569421, 0
-2.71412, -2.42585, 0.5116, 0
-2.75885, -2.46583, 0.454329, 0
-2.78214, -2.48664, 0.392191, 0
-2.81653, -2.51738, 0.330495, 0
-2.89775, -2.58998, 0.271771, 0
-2.79363, -2.49692, 0.196365, 31
-2.65567, -2.37361, 0.124382, 34
-2.52866, -2.26009, 0.0591986, 38
-2.42168, -2.16447, 0, 40
-2.53927, -2.25527, 0.910008, 20
-2.57108, -2.28351, 0.857371, 19
-2.60518, -2.3138, 0.804425, 20
-2.64454, -2.34876, 0.751809, 19
-2.67743, -2.37797, 0.696071, 18
-2.72734, -2.4223, 0.643193, 15
-2.70873, -2.40577, 0.573802, 0
-2.73654, -2.43047, 0.514384, 0
-2.78439, -2.47297, 0.457254, 0
-2.80481, -2.4911, 0.394281, 0
0, 0, 0, 0
-2.91482, -2.58881, 0.272608, 1
-2.80445, -2.49078, 0.196574, 30
-2.66013, -2.3626, 0.124242, 35
-2.53575, -2.25214, 0.0591986, 39
-2.42847, -2.15686, 0, 40
-2.53766, -2.23961, 0.906902, 20
-2.57533, -2.27285, 0.856404, 20
-2.6066, -2.30045, 0.802625, 20
-2.64604, -2.33526, 0.750145, 20
-2.68489, -2.36955, 0.696071, 21
-2.72608, -2.4059, 0.641109, 18
-2.78145, -2.45476, 0.587568, 15
-2.76198, -2.43759, 0.517724, 0
-2.80108, -2.47209, 0.458716, 0
-2.8335, -2.5007, 0.397208, 0
0, 0, 0, 0
-2.93491, -2.5902, 0.273724, 3
-2.80627, -2.47667, 0.196155, 31
-2.66454, -2.35159, 0.124103, 34
-2.54281, -2.24416, 0.0591986, 39
-2.43224, -2.14657, 0, 41
-2.54468, -2.23162, 0.906902, 20
-2.57078, -2.25452, 0.852533, 19
-2.60795, -2.28711, 0.800826, 20
-2.64454, -2.3192, 0.74765, 21
-2.69232, -2.3611, 0.696071, 20
-2.73658, -2.39992, 0.641804, 22
-2.78023, -2.4382, 0.585691, 18
-2.82621, -2.47852, 0.528301, 15
-2.81779, -2.47113, 0.460179, 0
-2.85629, -2.5049, 0.399299, 0
-2.92401, -2.56429, 0.340256, 0
-2.94903, -2.58623, 0.274282, 11
-2.81403, -2.46784, 0.196155, 32
-2.6659, -2.33793, 0.123823, 35
-2.54985, -2.23616, 0.0591986, 39
-2.43295, -2.13364, 0, 41
-2.54294, -2.216, 0.903796, 20
-2.57493, -2.24388, 0.851565, 20
-2.60925, -2.27379, 0.799026, 21
-2.65181, -2.31088, 0.74765, 20
-2.69084, -2.34489, 0.693781, 20
-2.73817, -2.38613, 0.640414, 22
-2.7849, -2.42686, 0.585065, 21
-2.831, -2.46703, 0.527744, 18
-2.88839, -2.51704, 0.470416, 15
-2.86115, -2.4933, 0.398881, 0
-2.93806, -2.56033, 0.340953, 0
-2.96617, -2.58482, 0.27512, 25
-2.81575, -2.45374, 0.195736, 31
-2.67625, -2.33217, 0.123963, 34
-2.55686, -2.22814, 0.0591986, 38
-2.44266, -2.12862, 0, 40
-2.54405, -2.20295, 0.901726, 21
-2.57903, -2.23324, 0.850597, 20
-2.60754, -2.25792, 0.796327, 20
-2.64722, -2.29229, 0.744324, 20
-2.68632, -2.32615, 0.690729, 20
-2.73672, -2.36978, 0.638331, 22
-2.78654, -2.41292, 0.583813, 22
-2.83873, -2.45812, 0.527744, 21
-2.89328, -2.50536, 0.469928, 19
-2.94716, -2.55201, 0.409752, 15
-2.95212, -2.5563, 0.341651, 0
-2.97427, -2.57549, 0.27512, 31
-2.82043, -2.44227, 0.195527, 31
-2.68356, -2.32375, 0.123963, 34
-2.55781, -2.21486, 0.0590589, 39
-2.45236, -2.12355, 0, 41
-2.54217, -2.18738, 0.89862, 21
-2.58015, -2.22006, 0.848662, 20
-2.61166, -2.24718, 0.795427, 21
-2.65145, -2.28141, 0.743492, 20
-2.69064, -2.31513, 0.689965, 20
-2.73519, -2.35347, 0.636247, 22
-2.78811, -2.399, 0.582562, 21
-2.83743, -2.44144, 0.526074, 21
-2.89512, -2.49108, 0.468953, 23
-2.95818, -2.54533, 0.41017, 18
-3.01752, -2.5964, 0.348274, 15
-2.98537, -2.56873, 0.275399, 32
-2.83111, -2.436, 0.195736, 31
-2.68782, -2.31271, 0.123823, 35
-2.56778, -2.20942, 0.0591288, 38
-2.45295, -2.11062, 0, 40
-2.55197, -2.1819, 0.899655, 21
-2.58121, -2.2069, 0.846727, 19
-2.61279, -2.2339, 0.793627, 20
-2.65265, -2.26798, 0.741829, 19
-2.69193, -2.30157, 0.688439, 20
-2.74257, -2.34486, 0.636247, 22
-2.78363, -2.37996, 0.580059, 21
-2.84208, -2.42994, 0.525518, 22
-2.89388, -2.47423, 0.467491, 24
-2.95709, -2.52827, 0.408915, 20
-3.02264, -2.58431, 0.347926, 17
-2.9904, -2.55675, 0.27512, 33
-2.83571, -2.4245, 0.195527, 32
-2.69203, -2.30165, 0.123684, 34
-2.57167, -2.19874, 0.0590589, 38
-2.45957, -2.1029, 0, 40
-2.54703, -2.16386, 0.895514, 22
-2.57926, -2.19124, 0.843824, 19
-2.61088, -2.21811, 0.790928, 20
-2.65678, -2.2571, 0.740997, 21
-2.69317, -2.28801, 0.686912, 20
-2.74092, -2.32858, 0.634163, 23
-2.79109, -2.37121, 0.580059, 22
-2.84064, -2.4133, 0.523848, 22
-2.89861, -2.46255, 0.467003, 23
-2.95895, -2.51382, 0.408079, 21
-3.02467, -2.56965, 0.347228, 19
-2.99841, -2.54734, 0.27512, 32
-2.84027, -2.41299, 0.195318, 32
-2.7023, -2.29577, 0.123823, 35
-2.57857, -2.19065, 0.0590589, 39
-2.46312, -2.09257, 0, 39
-2.55381, -2.15585, 0.895514, 21
-2.5802, -2.17812, 0.841888, 20
-2.61783, -2.20989, 0.790928, 20
-2.65489, -2.24118, 0.738502, 21
-2.69434, -2.27448, 0.685386, 21
-2.74521, -2.31742, 0.633469, 21
-2.78947, -2.35478, 0.578182, 21
-2.84518, -2.40181, 0.523291, 21
-2.8942, -2.44319, 0.465053, 23
-2.96076, -2.49938, 0.407243, 21
-3.02359, -2.55242, 0.346183, 19
-3.00335, -2.53534, 0.274841, 32
-2.84784, -2.40406, 0.195318, 31
-2.70644, -2.28469, 0.123684, 35
-2.58238, -2.17996, 0.0589891, 40
-2.47274, -2.08741, 0, 42
-2.55465, -2.14285, 0.893443, 22
-2.58405, -2.16751, 0.840921, 20
-2.61282, -2.19164, 0.787329, 21
-2.65892, -2.23031, 0.737671, 20
-2.69846, -2.26348, 0.684623, 20
-2.74644, -2.30372, 0.632079, 21
-2.7908, -2.34093, 0.57693, 22
-2.84057, -2.38268, 0.521064, 22
-2.90186, -2.43409, 0.465053, 22
-2.95945, -2.48239, 0.405989, 20
-3.02243, -2.53523, 0.345137, 19
-3.00825, -2.52332, 0.274561, 32
-2.85538, -2.3951, 0.195318, 31
-2.7136, -2.27618, 0.123684, 34
-2.58922, -2.17184, 0.0589891, 39
-2.47928, -2.07963, 0, 40
-2.55544, -2.12987, 0.891373, 21
-2.59085, -2.15938, 0.840921, 19
-2.6167, -2.18092, 0.786429, 21
-2.6599, -2.21694, 0.736007, 21
-2.6935, -2.24493, 0.68157, 21
-2.74459, -2.28752, 0.629996, 21
-2.7951, -2.32962, 0.576305, 21
-2.84196, -2.36867, 0.519951, 22
-2.89729, -2.41479, 0.463104, 23
-2.96723, -2.47308, 0.405989, 21
-3.02426, -2.52062, 0.34444, 19
-3.01616, -2.51386, 0.274561, 32
-2.85675, -2.381, 0.194899, 32
-2.71767, -2.26508, 0.123544, 36
-2.59603, -2.16369, 0.0589891, 38
-2.47966, -2.06671, 0, 41
-2.55616, -2.1169, 0.889302, 22
-2.58865, -2.1438, 0.838017, 20
-2.62354, -2.17269, 0.786429, 21
-2.65782, -2.20108, 0.733512, 21
-2.69751, -2.23396, 0.680807, 20
-2.74873, -2.27637, 0.629301, 22
-2.79328, -2.31327, 0.574427, 21
-2.84634, -2.35721, 0.519394, 22
-2.90181, -2.40315, 0.462616, 23
-2.95967, -2.45106, 0.403898, 21
-3.02603, -2.50602, 0.343742, 20
-3.02097, -2.50183, 0.274282, 32
-2.86422, -2.37201, 0.194899, 32
-2.72477, -2.25653, 0.123544, 35
-2.59665, -2.15043, 0.0588495, 38
-2.48922, -2.06146, 0, 41
-2.55087, -2.09904, 0.885161, 22
-2.59238, -2.1332, 0.83705, 20
-2.62132, -2.15701, 0.783729, 21
-2.6617, -2.19023, 0.732681, 20
-2.70148, -2.22298, 0.680043, 21
-2.74978, -2.26272, 0.627912, 22
-2.79443, -2.29946, 0.573176, 22
-2.84761, -2.34322, 0.518281, 22
-2.90321, -2.38897, 0.461641, 24
-2.96428, -2.43923, 0.40348, 21
-3.03081, -2.49397, 0.343394, 20
-3.02881, -2.49232, 0.274282, 32
-2.86857, -2.36047, 0.19469, 32
-2.73185, -2.24796, 0.123544, 35
-2.60339, -2.14226, 0.0588495, 39
-2.49259, -2.05109, 0, 41
-2.56642, -2.09835, 0.888267, 22
-2.58705, -2.11521, 0.833179, 21
-2.62507, -2.1463, 0.78283, 20
-2.66251, -2.17691, 0.731017, 21
-2.70542, -2.21199, 0.67928, 21
-2.75383, -2.25157, 0.627217, 22
-2.80164, -2.29067, 0.573176, 21
-2.84883, -2.32925, 0.517167, 23
-2.90148, -2.3723, 0.460179, 24
-2.96269, -2.42235, 0.402226, 21
-3.02938, -2.47687, 0.342348, 20
-3.03354, -2.48027, 0.274003, 32
-2.87906, -2.35397, 0.194899, 32
-2.7358, -2.23684, 0.123405, 36
-2.60701, -2.13154, 0.0587797, 39
-2.49903, -2.04325, 0, 42
-2.56101, -2.08053, 0.884126, 20
-2.59067, -2.10463, 0.832211, 21
-2.62877, -2.13558, 0.78193, 21
-2.66326, -2.1636, 0.729354, 21
-2.70321, -2.19605, 0.67699, 22
-2.75171, -2.23546, 0.625133, 22
-2.79656, -2.27189, 0.570673, 22
-2.84998, -2.31529, 0.516054, 23
-2.90276, -2.35817, 0.459204, 23
-2.9672, -2.41052, 0.401807, 21
-3.03405, -2.46483, 0.341999, 20
-3.04132, -2.47073, 0.274003, 33
-2.88335, -2.3424, 0.19469, 33
-2.74282, -2.22823, 0.123405, 34
-2.6137, -2.12334, 0.0587797, 39
-2.50543, -2.03538, 0, 42
-2.55851, -2.0652, 0.88102, 22
-2.59123, -2.0916, 0.830276, 20
-2.6294, -2.12242, 0.78013, 21
-2.66395, -2.15031, 0.727691, 20
-2.70398, -2.18262, 0.675464, 22
-2.75259, -2.22186, 0.623744, 22
-2.79446, -2.25565, 0.568796, 22
-2.85416, -2.30384, 0.515497, 23
-2.90706, -2.34654, 0.458716, 24
-2.97166, -2.39869, 0.401389, 21
-3.03558, -2.45028, 0.341302, 20
-3.03975, -2.45364, 0.273166, 33
-2.8938, -2.33583, 0.194899, 32
-2.74358, -2.21458, 0.123125, 35
-2.62347, -2.11763, 0.0588495, 40
-2.5087, -2.02499, 0, 41
-2.55896, -2.05231, 0.878949, 21
-2.59779, -2.08345, 0.830276, 21
-2.62694, -2.10683, 0.777431, 21
-2.66764, -2.13948, 0.726859, 22
-2.7047, -2.1692, 0.673937, 21
-2.75034, -2.2058, 0.62166, 22
-2.80153, -2.24686, 0.568796, 22
-2.85211, -2.28742, 0.513827, 22
-2.90823, -2.33243, 0.457741, 24
-2.96677, -2.37938, 0.399717, 21
-3.03082, -2.43075, 0.339907, 20
-3.05367, -2.44907, 0.273724, 33
-2.89489, -2.32173, 0.19448, 33
-2.75676, -2.21095, 0.123405, 35
-2.62699, -2.10687, 0.0587797, 39
-2.51193, -2.0146, 0, 41
-2.56237, -2.04186, 0.877914, 21
-2.59218, -2.06561, 0.826405, 21
-2.63049, -2.09614, 0.776531, 21
-2.66517, -2.12377, 0.724364, 20
-2.7115, -2.16069, 0.673937, 21
-2.75418, -2.1947, 0.620966, 22
-2.79931, -2.23066, 0.566918, 22
-2.85309, -2.27352, 0.512714, 22
-2.90622, -2.31586, 0.456279, 24
-2.97112, -2.36757, 0.399299, 21
-3.03845, -2.42122, 0.339907, 21
-3.05823, -2.43698, 0.273445, 34
-2.90217, -2.31263, 0.19448, 32
-2.75744, -2.1973, 0.123125, 35
-2.63359, -2.09861, 0.0587797, 38
-2.52138, -2.00919, 0, 41
-2.56877, -2.0338, 0.877914, 22
-2.59865, -2.05745, 0.826405, 21
-2.63095, -2.08303, 0.774731, 22
-2.67183, -2.11539, 0.724364, 21
-2.70288, -2.13998, 0.670121, 22
-2.75488, -2.18114, 0.619577, 22
-2.80321, -2.2194, 0.566293, 22
-2.854, -2.25962, 0.5116, 22
-2.9166, -2.30918, 0.456766, 25
-2.97231, -2.35329, 0.398463, 21
-3.03666, -2.40424, 0.338862, 19
-3.06587, -2.42736, 0.273445, 35
-2.90316, -2.29854, 0.194062, 33
-2.76747, -2.19111, 0.123265, 35
-2.64017, -2.09033, 0.0587797, 40
-2.52768, -2.00126, 0, 41
-2.56604, -2.01855, 0.874808, 23
-2.59595, -2.04208, 0.823502, 21
-2.63442, -2.07234, 0.773832, 22
-2.67231, -2.10215, 0.722701, 21
-2.70959, -2.13147, 0.670121, 21
-2.75862, -2.17004, 0.618882, 23
-2.80085, -2.20326, 0.564416, 21
-2.85798, -2.2482, 0.511044, 23
-2.90824, -2.28773, 0.454329, 24
-2.97343, -2.33902, 0.397626, 21
-3.03794, -2.38976, 0.338164, 21
-3.07034, -2.41525, 0.273166, 34
-2.9135, -2.29188, 0.194271, 32
-2.77119, -2.17993, 0.123125, 35
-2.64673, -2.08202, 0.0587797, 40
-2.53081, -1.99083, 0, 40
-2.56933, -2.0081, 0.873773, 23
-2.60236, -2.03391, 0.823502, 21
-2.63171, -2.05686, 0.771132, 22
-2.67274, -2.08892, 0.721038, 22
-2.707, -2.1157, 0.667831, 22
-2.75922, -2.15651, 0.617493, 23
-2.80464, -2.19202, 0.56379, 22
-2.85566, -2.23189, 0.509374, 23
-2.91541, -2.27859, 0.454329, 25
-2.97136, -2.32232, 0.396372, 21
-3.03915, -2.3753, 0.337467, 20
-3.07477, -2.40314, 0.272887, 36
-2.92069, -2.28271, 0.194271, 33
-2.77803, -2.17122, 0.123125, 35
-2.65325, -2.0737, 0.0587797, 39
-2.53705, -1.98287, 0, 41
-2.57257, -1.99765, 0.872738, 22
-2.60567, -2.02335, 0.822535, 22
-2.63816, -2.04858, 0.771132, 22
-2.67002, -2.07332, 0.718543, 21
-2.71363, -2.10718, 0.667831, 22
-2.75976, -2.143, 0.616104, 22
-2.80527, -2.17835, 0.562538, 22
-2.85953, -2.22048, 0.508817, 23
-2.91315, -2.26211, 0.452866, 24
-2.9755, -2.31053, 0.395954, 21
-3.04031, -2.36085, 0.33677, 20
-3.08546, -2.39591, 0.273166, 37
-2.92785, -2.27353, 0.194271, 32
-2.78168, -2.16003, 0.122986, 36
-2.65976, -2.06535, 0.0587797, 39
-2.54327, -1.97489, 0, 41
-2.56966, -1.98248, 0.869632, 23
-2.60586, -2.01041, 0.820599, 22
-2.63532, -2.03314, 0.768433, 21
-2.67342, -2.06253, 0.717711, 22
-2.71091, -2.09145, 0.665542, 22
-2.76024, -2.12951, 0.614715, 23
-2.80272, -2.16228, 0.560661, 21
-2.86336, -2.20906, 0.50826, 22
-2.91395, -2.2481, 0.451892, 24
-2.9733, -2.29388, 0.394699, 22
-3.0414, -2.34642, 0.336073, 20
-3.08665, -2.38133, 0.272608, 40
-2.93181, -2.26188, 0.194062, 33
-2.78845, -2.15128, 0.122986, 37
-2.66306, -2.05454, 0.0587099, 38
-2.54629, -1.96445, 0, 43
-2.56974, -1.96969, 0.867561, 24
-2.60601, -1.99749, 0.818664, 22
-2.63242, -2.01773, 0.765733, 22
-2.67989, -2.05412, 0.717711, 22
-2.71435, -2.08054, 0.664779, 22
-2.76066, -2.11603, 0.613325, 23
-2.81264, -2.15587, 0.561287, 22
-2.85771, -2.19042, 0.506033, 23
-2.91785, -2.23652, 0.451404, 24
-2.97733, -2.28211, 0.394281, 21
-3.0361, -2.32716, 0.334678, 20
-3.09728, -2.37405, 0.272887, 42
-2.93573, -2.25023, 0.193852, 33
-2.79202, -2.14007, 0.122846, 35
-2.66633, -2.04373, 0.0586401, 38
-2.54927, -1.95401, 0, 41
-2.56977, -1.95693, 0.865491, 24
-2.60918, -1.98694, 0.817696, 22
-2.63874, -2.00945, 0.765733, 21
-2.6801, -2.04095, 0.716048, 22
-2.71462, -2.06724, 0.663252, 21
-2.76416, -2.10496, 0.612631, 23
-2.80996, -2.13984, 0.55941, 21
-2.86457, -2.18143, 0.506033, 23
-2.91223, -2.21772, 0.449454, 25
-2.98132, -2.27034, 0.393863, 22
-3.0434, -2.31761, 0.334678, 21
-3.10472, -2.36431, 0.272887, 40
-2.94596, -2.24341, 0.194062, 32
-2.80191, -2.13371, 0.122986, 35
-2.67592, -2.03777, 0.0587099, 38
-2.5554, -1.94599, 0, 42
-2.5759, -1.94885, 0.865491, 24
-2.60922, -1.97405, 0.815761, 23
-2.64193, -1.9988, 0.764834, 22
-2.67714, -2.02544, 0.713553, 22
-2.71797, -2.05633, 0.662489, 21
-2.76762, -2.09389, 0.611936, 23
-2.80722, -2.12386, 0.557532, 22
-2.86194, -2.16525, 0.504363, 23
-2.92234, -2.21095, 0.449942, 25
-2.98209, -2.25616, 0.393027, 21
-3.04431, -2.30323, 0.333981, 21
-3.10577, -2.34973, 0.272329, 32
-2.94663, -2.22933, 0.193643, 34
-2.80223, -2.12008, 0.122707, 34
-2.68231, -2.02935, 0.0587099, 38
-2.5615, -1.93795, 0, 42
-2.58201, -1.94074, 0.865491, 25
-2.6061, -1.95885, 0.812858, 23
-2.63885, -1.98347, 0.762134, 22
-2.68349, -2.01702, 0.713553, 22
-2.715, -2.04071, 0.660199, 22
-2.76789, -2.08046, 0.610547, 23
-2.81072, -2.11265, 0.556907, 23
-2.86239, -2.15149, 0.50325, 23
-2.91976, -2.19461, 0.448479, 25
-2.97963, -2.23961, 0.391773, 22
-3.04197, -2.28647, 0.332935, 21
-3.11314, -2.33996, 0.272329, 30
-2.95362, -2.22006, 0.193643, 32
-2.81207, -2.11366, 0.122846, 35
-2.68547, -2.01851, 0.0586401, 39
-2.57077, -1.9323, 0, 41
-2.57262, -1.92106, 0.860314, 26
-2.61224, -1.95065, 0.812858, 23
-2.64507, -1.97517, 0.762134, 22
-2.68041, -2.00155, 0.711058, 21
-2.71511, -2.02747, 0.658673, 22
-2.76494, -2.06468, 0.608463, 23
-2.81101, -2.09908, 0.555655, 22
-2.86279, -2.13775, 0.502137, 24
-2.91709, -2.1783, 0.447017, 25
-2.98346, -2.22786, 0.391355, 21
-3.03956, -2.26975, 0.331889, 21
-3.11728, -2.32778, 0.27205, 24
-2.96378, -2.21316, 0.193852, 33
-2.81229, -2.10004, 0.122567, 36
-2.6886, -2.00767, 0.0585703, 38
-2.57363, -1.92182, 0, 42
-2.57864, -1.91297, 0.860314, 25
-2.60901, -1.9355, 0.809955, 24
-2.64187, -1.95988, 0.759435, 22
-2.68668, -1.99312, 0.711058, 22
-2.71831, -2.01659, 0.657909, 21
-2.76825, -2.05363, 0.607769, 23
-2.81442, -2.08789, 0.55503, 23
-2.86313, -2.12402, 0.501023, 24
-2.92392, -2.16912, 0.447017, 25
-2.98086, -2.21136, 0.3901, 22
-3.04988, -2.26256, 0.332238, 22
-3.11817, -2.31322, 0.271492, 22
-2.96751, -2.20146, 0.193643, 33
-2.81887, -2.09119, 0.122567, 35
-2.69489, -1.99922, 0.0585703, 39
-2.57965, -1.91372, 0, 42
-2.57841, -1.90028, 0.858244, 26
-2.61507, -1.92729, 0.809955, 24
-2.64802, -1.95157, 0.759435, 22
-2.68348, -1.97771, 0.708563, 23
-2.71831, -2.00338, 0.656383, 22
-2.76517, -2.03792, 0.605685, 23
-2.81143, -2.072, 0.553152, 23
-2.8666, -2.11267, 0.500466, 23
-2.92113, -2.15286, 0.445554, 25
-2.98459, -2.19963, 0.389682, 22
-3.04414, -2.24352, 0.330843, 20
-3.11578, -2.29631, 0.270655, 21
-2.97441, -2.19212, 0.193643, 33
-2.82221, -2.07995, 0.122427, 37
-2.70116, -1.99074, 0.0585703, 39
-2.58243, -1.90324, 0, 41
-2.58125, -1.88988, 0.857209, 25
-2.61485, -1.91448, 0.808019, 24
-2.64785, -1.93864, 0.757635, 23
-2.68337, -1.96465, 0.7069, 22
-2.71826, -1.99019, 0.654856, 22
-2.77156, -2.02922, 0.605685, 23
-2.81473, -2.06083, 0.552527, 23
-2.87003, -2.10131, 0.49991, 24
-2.92468, -2.14133, 0.445067, 25
-2.98186, -2.18319, 0.388428, 22
-3.04796, -2.23159, 0.330495, 21
-3.11654, -2.2818, 0.270097, 21
-2.98128, -2.18277, 0.193643, 32
-2.83196, -2.07344, 0.122567, 35
-2.7074, -1.98224, 0.0585703, 38
-2.5884, -1.89511, 0, 41
-2.58405, -1.87949, 0.856173, 27
-2.62085, -1.90626, 0.808019, 24
-2.65077, -1.92802, 0.756735, 23
-2.68953, -1.95621, 0.7069, 23
-2.7245, -1.98164, 0.654856, 22
-2.76837, -2.01355, 0.603601, 24
-2.818, -2.04965, 0.551901, 23
-2.87021, -2.08762, 0.498796, 23
-2.92497, -2.12746, 0.444092, 25
-2.98227, -2.16913, 0.387592, 22
-3.04529, -2.21497, 0.329449, 21
-3.11724, -2.2673, 0.269539, 21
-2.98489, -2.17104, 0.193434, 33
-2.83522, -2.06218, 0.122427, 36
-2.71038, -1.97138, 0.0585005, 38
-2.58787, -1.88227, 0, 43
-2.58681, -1.8691, 0.855138, 26
-2.62054, -1.89347, 0.806084, 25
-2.65366, -1.9174, 0.755836, 24
-2.68614, -1.94087, 0.704405, 23
-2.72116, -1.96617, 0.652567, 23
-2.77468, -2.00484, 0.603601, 23
-2.81802, -2.03616, 0.550649, 23
-2.87354, -2.07628, 0.49824, 24
-2.9252, -2.11361, 0.443117, 25
-2.97939, -2.15276, 0.386337, 23
-3.049, -2.20306, 0.3291, 21
-3.11141, -2.24815, 0.268423, 20
-2.9917, -2.16165, 0.193434, 33
-2.84493, -2.0556, 0.122567, 36
-2.71656, -1.96285, 0.0585005, 39
-2.60025, -1.87881, 0, 42
-2.58953, -1.85871, 0.854103, 26
-2.62017, -1.8807, 0.804148, 25
-2.65017, -1.90224, 0.753136, 24
-2.68905, -1.93014, 0.703573, 22
-2.72732, -1.95762, 0.652567, 23
-2.77456, -1.99152, 0.602212, 23
-2.81798, -2.02269, 0.549398, 23
-2.87039, -2.06031, 0.49657, 24
-2.92538, -2.09978, 0.442142, 24
-2.98614, -2.14339, 0.386337, 22
-3.05591, -2.19347, 0.3291, 21
-3.11522, -2.23604, 0.268144, 19
-2.99523, -2.14991, 0.193224, 34
-2.85137, -2.04666, 0.122567, 35
-2.71946, -1.95197, 0.0584307, 38
-2.60289, -1.8683, 0, 42
-2.58592, -1.84384, 0.850997, 27
-2.61974, -1.86795, 0.802213, 25
-2.65613, -1.8939, 0.753136, 23
-2.68873, -1.91714, 0.70191, 23
-2.73026, -1.94676, 0.651803, 22
-2.77118, -1.97594, 0.600128, 24
-2.81467, -2.00695, 0.547521, 24
-2.87363, -2.04898, 0.496013, 24
-2.92549, -2.08596, 0.441167, 25
-2.98638, -2.12938, 0.385501, 22
-3.04981, -2.1746, 0.327706, 22
-3.11248, -2.21929, 0.267307, 21
-3.00522, -2.14281, 0.193434, 33
-2.85128, -2.03305, 0.122288, 36
-2.72884, -1.94574, 0.0585005, 38
-2.60875, -1.86012, 0, 42
-2.5917, -1.83571, 0.850997, 25
-2.62243, -1.85747, 0.801245, 26
-2.65253, -1.87879, 0.750437, 24
-2.69155, -1.90643, 0.701078, 22
-2.72675, -1.93136, 0.649514, 23
-2.77416, -1.96494, 0.599433, 24
-2.82096, -1.99809, 0.547521, 23
-2.87359, -2.03537, 0.4949, 25
-2.92555, -2.07217, 0.440192, 25
-2.98981, -2.11769, 0.385083, 22
-3.05337, -2.16271, 0.327357, 20
-3.11618, -2.20719, 0.267028, 20
-3.00868, -2.13105, 0.193224, 33
-2.85765, -2.02408, 0.122288, 36
-2.73167, -1.93485, 0.0584307, 40
-2.61458, -1.85191, 0, 42
-2.58798, -1.82089, 0.847891, 25
-2.62825, -1.84922, 0.801245, 25
-2.65523, -1.8682, 0.749537, 24
-2.69432, -1.89571, 0.700247, 24
-2.72638, -1.91827, 0.647987, 23
-2.7771, -1.95395, 0.598739, 23
-2.824, -1.98695, 0.546895, 23
-2.87673, -2.02405, 0.494343, 24
-2.92556, -2.0584, 0.439217, 25
-2.98994, -2.10371, 0.384247, 22
-3.05363, -2.14852, 0.32666, 21
-3.11657, -2.1928, 0.26647, 21
-3.01209, -2.11929, 0.193015, 34
-2.864, -2.01509, 0.122288, 36
-2.74101, -1.92856, 0.0585005, 39
-2.62039, -1.84369, 0, 41
-2.59685, -1.81496, 0.848926, 27
-2.62451, -1.83429, 0.798342, 26
-2.65789, -1.85762, 0.748637, 24
-2.68744, -1.87827, 0.69692, 24
-2.7324, -1.90969, 0.647987, 22
-2.77677, -1.9407, 0.59735, 23
-2.82375, -1.97354, 0.545643, 23
-2.87982, -2.01273, 0.493786, 25
-2.92875, -2.04693, 0.43873, 26
-2.99328, -2.09202, 0.383829, 22
-3.05383, -2.13435, 0.325962, 22
-3.1169, -2.17843, 0.265912, 21
-3.01873, -2.10982, 0.193015, 33
-2.86376, -2.0015, 0.122009, 36
-2.74706, -1.91994, 0.0585005, 40
-2.62289, -1.83316, 0, 42
-2.59619, -1.80239, 0.846856, 26
-2.62388, -1.82161, 0.796407, 26
-2.66691, -1.85148, 0.749537, 23
-2.69654, -1.87205, 0.697752, 23
-2.73193, -1.89662, 0.646461, 23
-2.77962, -1.92973, 0.596655, 23
-2.82344, -1.96015, 0.544392, 23
-2.87963, -1.99916, 0.492673, 25
-2.93517, -2.03772, 0.43873, 26
-2.98676, -2.07353, 0.382156, 22
-3.05725, -2.12247, 0.325614, 22
-3.12045, -2.16635, 0.265633, 20
-3.02535, -2.10032, 0.193015, 34
-2.8766, -1.99706, 0.122288, 36
-2.7465, -1.90674, 0.0583608, 39
-2.63192, -1.82719, 0, 42
-2.5923, -1.78764, 0.84375, 27
-2.62959, -1.81336, 0.796407, 27
-2.65988, -1.83425, 0.745938, 24
-2.69918, -1.86135, 0.69692, 23
-2.73465, -1.8858, 0.645698, 23
-2.77918, -1.91651, 0.595266, 24
-2.82959, -1.95127, 0.544392, 23
-2.87611, -1.98335, 0.491003, 25
-2.93502, -2.02398, 0.437755, 25
-2.99654, -2.0664, 0.382574, 23
-3.05734, -2.10833, 0.324917, 22
-3.11739, -2.14974, 0.264796, 21
-3.02864, -2.08854, 0.192806, 34
-2.87957, -1.98574, 0.122148, 38
-2.75248, -1.8981, 0.0583608, 39
-2.63765, -1.81891, 0, 41
-2.60109, -1.78167, 0.844785, 27
-2.62567, -1.79851, 0.793504, 25
-2.66563, -1.82588, 0.745938, 24
-2.70179, -1.85065, 0.696088, 24
-2.73084, -1.87054, 0.643408, 24
-2.78518, -1.90777, 0.595266, 24
-2.82593, -1.93568, 0.542515, 23
-2.87579, -1.96983, 0.489889, 24
-2.93154, -2.00802, 0.436292, 25
-2.99317, -2.05023, 0.38132, 23
-3.06066, -2.09647, 0.324568, 22
-3.12084, -2.13768, 0.264517, 20
-3.03848, -2.08127, 0.193015, 35
-2.8825, -1.97442, 0.122009, 37
-2.75513, -1.88718, 0.058291, 40
-2.64005, -1.80836, 0, 42
-2.5907, -1.76262, 0.839609, 25
-2.6281, -1.78806, 0.792536, 26
-2.66491, -1.81311, 0.744138, 23
-2.69789, -1.83555, 0.693593, 23
-2.7367, -1.86196, 0.643408, 24
-2.78465, -1.89458, 0.593877, 23
-2.82873, -1.92457, 0.541889, 23
-2.87869, -1.95856, 0.489333, 25
-2.93455, -1.99656, 0.435805, 25
-2.99302, -2.03634, 0.380484, 22
-3.05735, -2.08011, 0.323522, 22
-3.12094, -2.12338, 0.263958, 20
-3.04171, -2.06947, 0.192806, 34
-2.89529, -1.96986, 0.122288, 36
-2.76435, -1.88077, 0.0583608, 39
-2.64902, -1.8023, 0, 42
-2.59943, -1.75664, 0.840644, 27
-2.63048, -1.77763, 0.791568, 27
-2.67059, -1.80473, 0.744138, 24
-2.70364, -1.82706, 0.693593, 24
-2.73928, -1.85115, 0.642645, 23
-2.78406, -1.88141, 0.592488, 24
-2.82821, -1.91125, 0.540637, 24
-2.88483, -1.94951, 0.489333, 25
-2.93094, -1.98067, 0.434342, 26
-2.9961, -2.0247, 0.380066, 22
-3.05727, -2.06604, 0.322825, 22
-3.11767, -2.10686, 0.263121, 21
-3.04819, -2.0599, 0.192806, 35
-2.89484, -1.95627, 0.122009, 36
-2.76693, -1.86984, 0.058291, 40
-2.65136, -1.79173, 0, 41
-2.60173, -1.74631, 0.839609, 26
-2.63928, -1.77152, 0.792536, 27
-2.66331, -1.78764, 0.740539, 25
-2.70287, -1.8142, 0.69193, 24
-2.73856, -1.83816, 0.641118, 23
-2.78669, -1.87046, 0.591793, 24
-2.83092, -1.90015, 0.540012, 24
-2.88436, -1.93602, 0.488219, 25
-2.93385, -1.96924, 0.433855, 26
-2.99914, -2.01306, 0.379647, 23
-3.06044, -2.0542, 0.322476, 22
-3.12759, -2.09928, 0.2634, 21
-3.05133, -2.04809, 0.192596, 35
-2.90429, -1.9494, 0.122148, 36
-2.77279, -1.86113, 0.058291, 39
-2.65365, -1.78116, 0, 42
-2.59434, -1.72956, 0.835468, 27
-2.63514, -1.75676, 0.789633, 28
-2.66567, -1.77711, 0.739639, 25
-2.70204, -1.80136, 0.690267, 24
-2.73779, -1.82519, 0.639592, 24
-2.78599, -1.85733, 0.590404, 25
-2.8303, -1.88686, 0.53876, 24
-2.88384, -1.92255, 0.487106, 26
-2.93342, -1.95561, 0.43288, 26
-3.00214, -2.00142, 0.379229, 24
-3.06024, -2.04016, 0.321779, 22
-3.12089, -2.08059, 0.262284, 20
-3.05775, -2.0385, 0.192596, 35
-2.90043, -1.93361, 0.121729, 36
-2.77863, -1.85241, 0.058291, 40
-2.66256, -1.77504, 0, 41
-2.60621, -1.72566, 0.837538, 27
-2.63741, -1.74633, 0.788665, 26
-2.67124, -1.76872, 0.739639, 24
-2.70443, -1.7907, 0.689435, 25
-2.73696, -1.81224, 0.638065, 23
-2.78853, -1.84639, 0.589709, 24
-2.83292, -1.87578, 0.538135, 24
-2.88326, -1.90911, 0.485992, 26
-2.93623, -1.94419, 0.432392, 27
-2.99847, -1.98539, 0.377975, 23
-3.06331, -2.02833, 0.32143, 22
-3.12741, -2.07077, 0.262284, 22
-3.06414, -2.02888, 0.192596, 35
-2.91649, -1.93111, 0.122148, 36
-2.7811, -1.84147, 0.0582212, 40
-2.66479, -1.76446, 0, 41
-2.60193, -1.7111, 0.834433, 28
-2.6364, -1.73377, 0.78673, 28
-2.66701, -1.7539, 0.73694, 25
-2.70677, -1.78005, 0.688604, 25
-2.73936, -1.80148, 0.637302, 24
-2.78774, -1.83329, 0.58832, 25
-2.8355, -1.8647, 0.537509, 24
-2.88262, -1.89569, 0.484879, 25
-2.93901, -1.93277, 0.431905, 26
-2.99472, -1.96941, 0.376721, 22
-3.05968, -2.01213, 0.320385, 23
-3.13057, -2.05875, 0.262005, 20
-3.0705, -2.01924, 0.192596, 34
-2.9192, -1.91974, 0.122009, 36
-2.79021, -1.83492, 0.058291, 39
-2.66364, -1.75168, 0, 41
-2.60729, -1.70292, 0.834433, 29
-2.63534, -1.72123, 0.784795, 27
-2.67251, -1.74551, 0.73694, 25
-2.71235, -1.77153, 0.688604, 24
-2.74501, -1.79286, 0.637302, 23
-2.79018, -1.82237, 0.587625, 25
-2.83473, -1.85146, 0.536257, 23
-2.88856, -1.88662, 0.484879, 26
-2.93842, -1.91919, 0.43093, 25
-2.99756, -1.95781, 0.376302, 22
-3.05598, -1.99597, 0.319339, 21
-3.127, -2.04235, 0.261168, 21
-3.07683, -2.00959, 0.192596, 36
-2.92521, -1.91056, 0.122009, 37
-2.79261, -1.82396, 0.0582212, 39
-2.67248, -1.74549, 0, 42
-2.61587, -1.69682, 0.835468, 28
-2.64073, -1.71294, 0.784795, 27
-2.66817, -1.73074, 0.73424, 25
-2.71134, -1.75874, 0.68694, 25
-2.74075, -1.77782, 0.635012, 25
-2.78928, -1.80931, 0.586236, 25
-2.83722, -1.8404, 0.535632, 24
-2.88783, -1.87323, 0.483766, 26
-2.94443, -1.90995, 0.43093, 25
-2.99702, -1.94406, 0.375466, 23
-3.06892, -1.9907, 0.320036, 23
-3.13005, -2.03035, 0.260889, 21
-3.07642, -1.99556, 0.192178, 35
-2.92785, -1.89919, 0.121869, 37
-2.79833, -1.81517, 0.0582212, 40
-2.67795, -1.73709, 0, 41
-2.6017, -1.67604, 0.829256, 28
-2.6461, -1.70464, 0.784795, 27
-2.67687, -1.72446, 0.73514, 26
-2.71356, -1.7481, 0.686109, 25
-2.74632, -1.7692, 0.635012, 23
-2.79164, -1.7984, 0.585542, 24
-2.83634, -1.8272, 0.53438, 24
-2.89037, -1.862, 0.483209, 26
-2.94041, -1.89424, 0.429468, 25
-2.99977, -1.93248, 0.375048, 23
-3.06176, -1.97241, 0.318641, 22
-3.12635, -2.01402, 0.260052, 20
-3.08604, -1.98805, 0.192387, 36
-2.9338, -1.88998, 0.121869, 37
-2.80402, -1.80637, 0.0582212, 40
-2.68339, -1.72866, 0, 40
-2.61672, -1.6741, 0.832362, 27
-2.6449, -1.69214, 0.782859, 27
-2.67571, -1.71184, 0.73334, 25
-2.71245, -1.73535, 0.684445, 25
-2.73863, -1.7521, 0.631959, 25
-2.79728, -1.78962, 0.585542, 24
-2.83541, -1.81402, 0.533129, 24
-2.89287, -1.85078, 0.482652, 25
-2.943, -1.88285, 0.42898, 27
-2.99577, -1.91661, 0.373794, 23
-3.06794, -1.96279, 0.318641, 22
-3.1293, -2.00204, 0.259773, 19
-3.09227, -1.97835, 0.192387, 36
-2.93972, -1.88075, 0.121869, 37
-2.80631, -1.7954, 0.0581514, 40
-2.69218, -1.72238, 0, 41
-2.61218, -1.65966, 0.829256, 28
-2.64038, -1.67757, 0.779956, 28
-2.68107, -1.70343, 0.73334, 26
-2.71458, -1.72472, 0.683614, 23
-2.74744, -1.7456, 0.632723, 24
-2.79291, -1.77449, 0.583458, 25
-2.8411, -1.8051, 0.533129, 24
-2.89533, -1.83956, 0.482096, 25
-2.9355, -1.86508, 0.42703, 26
-3.00514, -1.90933, 0.374212, 23
-3.064, -1.94673, 0.317596, 23
-3.13221, -1.99006, 0.259494, 21
-3.09509, -1.96648, 0.192178, 36
-2.94224, -1.86937, 0.121729, 37
-2.81869, -1.79087, 0.058291, 41
-2.6942, -1.71177, 0, 41
-2.61411, -1.64938, 0.828221, 28
-2.64892, -1.67134, 0.780924, 26
-2.68311, -1.69292, 0.732441, 25
-2.71999, -1.71618, 0.683614, 25
-2.74627, -1.73277, 0.631196, 23
-2.79847, -1.76571, 0.583458, 25
-2.84341, -1.79406, 0.532503, 24
-2.89439, -1.82622, 0.480982, 26
-2.94134, -1.85585, 0.42703, 26
-3.00439, -1.89563, 0.373376, 23
-3.06336, -1.93284, 0.316898, 22
-3.13169, -1.97595, 0.258936, 21
-3.10463, -1.95888, 0.192387, 35
-2.9481, -1.86011, 0.121729, 38
-2.81754, -1.77773, 0.0581514, 41
-2.69956, -1.7033, 0, 42
-2.61273, -1.63706, 0.82615, 28
-2.64758, -1.65889, 0.778989, 28
-2.67851, -1.67827, 0.729741, 25
-2.72205, -1.70555, 0.682782, 24
-2.74837, -1.72204, 0.630433, 24
-2.79399, -1.75063, 0.581374, 25
-2.84569, -1.78302, 0.531877, 24
-2.8934, -1.81292, 0.479869, 26
-2.94716, -1.8466, 0.42703, 25
-3.00022, -1.87985, 0.372121, 22
-3.06942, -1.92321, 0.316898, 22
-3.13451, -1.96399, 0.258657, 21
-3.104, -1.94487, 0.191968, 35
-2.95732, -1.85297, 0.121869, 38
-2.82311, -1.76887, 0.0581514, 40
-2.7049, -1.69481, 0, 41
-2.61458, -1.6268, 0.825115, 28
-2.64618, -1.64646, 0.777053, 28
-2.68377, -1.66985, 0.729741, 26
-2.71743, -1.69079, 0.680287, 25
-2.7471, -1.70925, 0.628906, 25
-2.79613, -1.73976, 0.58068, 25
-2.84457, -1.7699, 0.530626, 25
-2.89908, -1.80382, 0.479869, 26
-2.94957, -1.83523, 0.426543, 25
-3.00611, -1.87041, 0.372121, 23
-3.06868, -1.90934, 0.316201, 22
-3.13388, -1.94991, 0.258099, 21
-3.11349, -1.93722, 0.192178, 36
-2.95634, -1.83944, 0.12159, 38
-2.82865, -1.75999, 0.0581514, 40
-2.70682, -1.68419, 0, 42
-2.61639, -1.61655, 0.82408, 28
-2.65134, -1.63814, 0.777053, 29
-2.68237, -1.65731, 0.727942, 26
-2.71607, -1.67813, 0.678624, 25
-2.74911, -1.69855, 0.628143, 24
-2.79824, -1.7289, 0.579985, 25
-2.85011, -1.76095, 0.530626, 24
-2.89462, -1.78845, 0.478199, 27
-2.94519, -1.8197, 0.42508, 27
-3.00859, -1.85887, 0.371703, 24
-3.07128, -1.8976, 0.315852, 23
-3.13321, -1.93586, 0.257541, 21
-3.11956, -1.92743, 0.192178, 36
-2.9621, -1.83015, 0.12159, 38
-2.84097, -1.7553, 0.058291, 42
-2.7155, -1.67778, 0, 41
-2.62146, -1.60832, 0.82408, 29
-2.64986, -1.62575, 0.775118, 29
-2.68092, -1.6448, 0.726142, 25
-2.72133, -1.66959, 0.678624, 25
-2.75444, -1.68991, 0.628143, 24
-2.80365, -1.7201, 0.579985, 25
-2.84216, -1.74373, 0.528123, 25
-2.89685, -1.77728, 0.477642, 26
-2.95089, -1.81044, 0.42508, 26
-3.00763, -1.84524, 0.370867, 23
-3.07382, -1.88586, 0.315504, 23
-3.13247, -1.92184, 0.256983, 21
-3.1222, -1.91553, 0.191968, 36
-2.97124, -1.82292, 0.121729, 38
-2.83624, -1.7401, 0.0580816, 41
-2.72075, -1.66924, 0, 42
-2.6199, -1.59606, 0.822009, 29
-2.65495, -1.61741, 0.775118, 30
-2.68275, -1.63434, 0.725242, 26
-2.72656, -1.66103, 0.678624, 25
-2.75638, -1.6792, 0.62738, 24
-2.80231, -1.70719, 0.578596, 26
-2.84425, -1.73273, 0.527497, 24
-2.90242, -1.76817, 0.477642, 26
-2.95318, -1.79909, 0.424593, 26
-3.01001, -1.83372, 0.370449, 24
-3.07293, -1.87204, 0.314807, 24
-3.13168, -1.90783, 0.256425, 21
-3.1282, -1.90571, 0.191968, 35
-2.97696, -1.81358, 0.121729, 39
-2.84511, -1.73326, 0.0581514, 40
-2.71574, -1.65444, 0, 43
-2.6249, -1.58782, 0.822009, 30
-2.65338, -1.60505, 0.773182, 31
-2.68787, -1.62591, 0.725242, 25
-2.72507, -1.64841, 0.67696, 25
-2.75492, -1.66647, 0.625853, 25
-2.80766, -1.69837, 0.578596, 26
-2.85306, -1.72583, 0.528123, 24
-2.89779, -1.75289, 0.475972, 27
-2.94862, -1.78364, 0.42313, 26
-3.00895, -1.82013, 0.369613, 24
-3.07198, -1.85826, 0.314109, 23
-3.13424, -1.89592, 0.256146, 22
-3.13417, -1.89588, 0.191968, 35
-2.97922, -1.80215, 0.12159, 39
-2.85054, -1.72431, 0.0581514, 40
-2.72777, -1.65004, 0, 42
-2.62325, -1.57559, 0.819939, 29
-2.65176, -1.59271, 0.771247, 43
-2.68294, -1.61143, 0.722543, 26
-2.72688, -1.63783, 0.676129, 26
-2.75678, -1.65578, 0.62509, 25
-2.80286, -1.68346, 0.576512, 26
-2.8517, -1.71279, 0.526871, 24
-2.8965, -1.7397, 0.474859, 27
-2.95081, -1.77232, 0.422643, 26
-3.00784, -1.80658, 0.368776, 23
-3.0778, -1.8486, 0.314109, 23
-3.13676, -1.88401, 0.255867, 21
-3.13669, -1.88397, 0.191759, 36
-2.98829, -1.79484, 0.121729, 37
-2.85252, -1.71329, 0.0580816, 40
-2.73294, -1.64146, 0, 43
-2.63483, -1.5713, 0.822009, 36
-2.65675, -1.58437, 0.771247, 47
-2.69133, -1.60499, 0.723443, 25
-2.72193, -1.62324, 0.673634, 25
-2.75522, -1.64309, 0.623564, 25
-2.80813, -1.67465, 0.576512, 25
-2.85367, -1.7018, 0.526246, 25
-2.90195, -1.73059, 0.474859, 26
-2.94954, -1.75898, 0.421668, 26
-3.01008, -1.79508, 0.368358, 23
-3.07332, -1.8328, 0.313063, 23
-3.13924, -1.8721, 0.255588, 21
-3.14602, -1.87615, 0.191968, 37
-2.99392, -1.78544, 0.121729, 38
-2.86132, -1.70637, 0.0581514, 40
-2.73464, -1.63082, 0, 42
-2.65637, -1.57285, 0.827186, 75
-2.65503, -1.57206, 0.769312, 63
-2.68966, -1.59256, 0.721643, 26
-2.72365, -1.61269, 0.672802, 26
-2.75699, -1.63243, 0.622801, 24
-2.81338, -1.66582, 0.576512, 25
-2.8488, -1.68679, 0.524368, 26
-2.90737, -1.72147, 0.474859, 26
-2.95164, -1.74768, 0.42118, 26
-3.01228, -1.78359, 0.36794, 23
-3.08592, -1.82719, 0.313761, 23
-3.14167, -1.8602, 0.255309, 21
-3.14846, -1.86422, 0.191759, 37
-2.99607, -1.77399, 0.12159, 38
-2.86323, -1.69533, 0.0580816, 41
-2.74664, -1.6263, 0, 42
-2.66463, -1.56646, 0.828221, 93
-2.65661, -1.56174, 0.768344, 67
-2.69129, -1.58213, 0.720743, 26
-2.72533, -1.60214, 0.671971, 24
-2.75872, -1.62177, 0.622037, 24
-2.80841, -1.65098, 0.574428, 25
-2.85409, -1.67783, 0.524368, 25
-2.90593, -1.70831, 0.473745, 27
-2.95711, -1.7384, 0.42118, 27
-3.01444, -1.7721, 0.367522, 24
-3.07791, -1.80941, 0.312366, 22
-3.13718, -1.84425, 0.254472, 22
-3.15775, -1.85634, 0.191968, 36
-3.00163, -1.76457, 0.12159, 38
-2.86854, -1.68633, 0.0580816, 40
-2.74484, -1.61361, 0, 42
-2.67621, -1.56197, 0.830291, 104
-2.65815, -1.55143, 0.767376, 67
-2.69288, -1.5717, 0.719843, 25
-2.72697, -1.5916, 0.671139, 25
-2.76041, -1.61111, 0.621274, 25
-2.81018, -1.64016, 0.573734, 25
-2.85252, -1.66488, 0.523117, 24
-2.90102, -1.69318, 0.472075, 26
-2.95227, -1.7231, 0.419718, 26
-3.01312, -1.75861, 0.366686, 24
-3.08014, -1.79772, 0.312018, 23
-3.13606, -1.83037, 0.253914, 21
-3.16011, -1.8444, 0.191759, 36
-3.00716, -1.75513, 0.12159, 37
-2.87382, -1.67731, 0.0580816, 39
-2.74989, -1.60498, 0, 41
-2.68111, -1.55356, 0.830291, 83
-2.65966, -1.54113, 0.766409, 69
-2.6978, -1.56323, 0.719843, 26
-2.72857, -1.58106, 0.670307, 25
-2.76546, -1.60244, 0.621274, 24
-2.8085, -1.62738, 0.572344, 25
-2.85774, -1.65591, 0.523117, 25
-2.91318, -1.68803, 0.473189, 26
-2.95424, -1.71182, 0.419231, 26
-3.01519, -1.74714, 0.366268, 24
-3.07543, -1.78204, 0.310972, 23
-3.13835, -1.8185, 0.253635, 22
-3.16935, -1.83647, 0.191968, 37
-3.0092, -1.74367, 0.12145, 38
-2.87908, -1.66827, 0.0580816, 41
-2.75838, -1.59833, 0, 43
-2.68597, -1.54513, 0.830291, 61
-2.65776, -1.52889, 0.764473, 58
-2.69256, -1.54892, 0.717144, 28
-2.73013, -1.57053, 0.669476, 25
-2.76367, -1.58982, 0.619748, 24
-2.8136, -1.61855, 0.572344, 25
-2.85265, -1.64101, 0.52124, 25
-2.90474, -1.67097, 0.470962, 26
-2.95616, -1.70055, 0.418743, 26
-3.01721, -1.73568, 0.36585, 24
-3.08101, -1.77237, 0.310972, 22
-3.14058, -1.80665, 0.253356, 22
-3.16818, -1.82252, 0.19155, 37
-3.01466, -1.73421, 0.12145, 38
-2.88084, -1.65722, 0.0580118, 40
-2.76686, -1.59166, 0, 42
-2.68075, -1.53093, 0.827186, 67
-2.65917, -1.51861, 0.763506, 63
-2.69742, -1.54045, 0.717144, 27
-2.72826, -1.55807, 0.667812, 26
-2.77206, -1.58308, 0.620511, 24
-2.81525, -1.60774, 0.57165, 26
-2.86122, -1.634, 0.521865, 25
-2.90653, -1.65987, 0.470405, 26
-2.95804, -1.68929, 0.418256, 27
-3.0192, -1.72422, 0.365432, 24
-3.07618, -1.75676, 0.309926, 22
-3.14278, -1.79479, 0.253076, 21
-3.18082, -1.81652, 0.191968, 37
-3.02009, -1.72473, 0.12145, 40
-2.8895, -1.65015, 0.0580816, 41
-2.76837, -1.58097, 0, 41
-2.68891, -1.52441, 0.828221, 66
-2.66056, -1.50834, 0.762538, 69
-2.69207, -1.5262, 0.714445, 26
-2.73314, -1.54949, 0.667812, 26
-2.76336, -1.56662, 0.617458, 24
-2.81343, -1.59501, 0.570261, 25
-2.85947, -1.62111, 0.520614, 25
-2.90484, -1.64683, 0.469292, 26
-2.96333, -1.67999, 0.418256, 27
-3.01768, -1.7108, 0.364595, 23
-3.08515, -1.74905, 0.310274, 23
-3.14146, -1.78097, 0.252518, 22
-3.17956, -1.80258, 0.19155, 37
-3.02897, -1.7172, 0.12159, 38
-2.89119, -1.63909, 0.0580118, 40
-2.77332, -1.57227, 0, 42
-2.68358, -1.51027, 0.825115, 50
-2.66528, -1.49997, 0.762538, 70
-2.69685, -1.51774, 0.714445, 27
-2.73459, -1.53897, 0.666981, 26
-2.76484, -1.556, 0.616695, 24
-2.815, -1.58423, 0.569566, 26
-2.8611, -1.61018, 0.519988, 24
-2.91, -1.63769, 0.469292, 27
-2.96167, -1.66678, 0.417281, 27
-3.01957, -1.69936, 0.364177, 24
-3.08021, -1.73349, 0.309229, 23
-3.14356, -1.76914, 0.252239, 22
-3.18521, -1.79258, 0.19155, 38
-3.03087, -1.70572, 0.12145, 39
-2.89633, -1.63, 0.0580118, 41
-2.77128, -1.55962, 0, 41
-2.67482, -1.49429, 0.820974, 33
-2.6632, -1.4878, 0.760602, 74
-2.6982, -1.50736, 0.713545, 27
-2.73258, -1.52656, 0.665317, 27
-2.76629, -1.54539, 0.615931, 25
-2.81996, -1.57538, 0.569566, 25
-2.8558, -1.5954, 0.518111, 25
-2.91167, -1.62661, 0.468735, 27
-2.9565, -1.65165, 0.415818, 27
-3.01795, -1.68598, 0.363341, 25
-3.08564, -1.7238, 0.309229, 22
-3.14562, -1.75731, 0.25196, 22
-3.19431, -1.78451, 0.191759, 40
-3.03621, -1.69619, 0.12145, 38
-2.89794, -1.61894, 0.057942, 42
-2.77965, -1.55286, 0, 42
-2.66599, -1.47839, 0.816833, 27
-2.66447, -1.47755, 0.759635, 68
-2.69952, -1.49698, 0.712645, 27
-2.74078, -1.51986, 0.666149, 26
-2.7677, -1.53479, 0.615168, 25
-2.81801, -1.56269, 0.568177, 25
-2.86426, -1.58834, 0.518737, 25
-2.90984, -1.61362, 0.467622, 26
-2.96167, -1.64236, 0.415818, 27
-3.02323, -1.67649, 0.363341, 24
-3.08407, -1.71023, 0.308531, 23
-3.14415, -1.74355, 0.251402, 22
-3.1999, -1.77447, 0.191759, 40
-3.04153, -1.68664, 0.12145, 39
-2.90651, -1.61177, 0.0580118, 41
-2.77752, -1.54024, 0, 42
-2.64354, -1.4551, 0.808551, 29
-2.6691, -1.46917, 0.759635, 56
-2.70079, -1.48662, 0.711745, 26
-2.73869, -1.50747, 0.664486, 27
-2.76563, -1.5223, 0.613642, 26
-2.81945, -1.55193, 0.567482, 25
-2.86231, -1.57552, 0.517485, 25
-2.91837, -1.60638, 0.468178, 27
-2.96334, -1.63113, 0.415331, 27
-3.02151, -1.66315, 0.362505, 25
-3.08594, -1.69861, 0.308183, 23
-3.14611, -1.73174, 0.251123, 21
-3.20896, -1.76633, 0.191968, 42
-3.04681, -1.67708, 0.12145, 39
-2.90806, -1.6007, 0.057942, 41
-2.78936, -1.53536, 0, 41
-2.63793, -1.44123, 0.805445, 30
-2.6737, -1.46078, 0.759635, 34
-2.70203, -1.47626, 0.710845, 28
-2.73997, -1.49699, 0.663654, 26
-2.77384, -1.51549, 0.614405, 25
-2.81394, -1.5374, 0.565398, 27
-2.86724, -1.56652, 0.517485, 26
-2.90949, -1.5896, 0.465952, 26
-2.96496, -1.61991, 0.414843, 27
-3.02323, -1.65174, 0.362087, 24
-3.08077, -1.68318, 0.307137, 23
-3.15154, -1.72184, 0.251123, 22
-3.20749, -1.75241, 0.19155, 44
-3.05557, -1.66941, 0.12159, 38
-2.91307, -1.59156, 0.057942, 41
-2.79066, -1.52468, 0, 42
-2.64244, -1.43294, 0.805445, 28
-2.67145, -1.44867, 0.757699, 31
-2.70323, -1.4659, 0.709945, 28
-2.74122, -1.48651, 0.662822, 26
-2.77169, -1.50302, 0.612879, 25
-2.81876, -1.52855, 0.565398, 26
-2.86173, -1.55185, 0.515608, 26
-2.91447, -1.58045, 0.465952, 27
-2.96655, -1.60869, 0.414356, 27
-3.02491, -1.64034, 0.361668, 23
-3.08604, -1.67349, 0.307137, 24
-3.14641, -1.70623, 0.250286, 21
-3.21649, -1.74423, 0.191759, 45
-3.05729, -1.6579, 0.12145, 39
-2.92509, -1.58621, 0.0580816, 42
-2.79895, -1.51781, 0, 43
-2.64353, -1.4228, 0.80441, 30
-2.67257, -1.43843, 0.756732, 31
-2.70096, -1.45371, 0.708146, 28
-2.74588, -1.47789, 0.662822, 26
-2.76948, -1.49059, 0.611352, 25
-2.82008, -1.51782, 0.564704, 27
-2.86311, -1.54098, 0.514982, 26
-2.91594, -1.56941, 0.465395, 27
-2.97159, -1.59937, 0.414356, 27
-3.02304, -1.62706, 0.360832, 24
-3.08778, -1.6619, 0.306788, 24
-3.14824, -1.69444, 0.250007, 22
-3.21843, -1.73222, 0.19155, 48
-3.06248, -1.64829, 0.12145, 38
-2.92654, -1.57512, 0.0580118, 41
-2.8037, -1.50901, 0, 42
-2.64798, -1.41449, 0.80441, 30
-2.67366, -1.4282, 0.755764, 31
-2.70207, -1.44338, 0.707246, 29
-2.74706, -1.46741, 0.661991, 27
-2.77068, -1.48003, 0.610589, 25
-2.82483, -1.50895, 0.564704, 26
-2.86446, -1.53012, 0.514357, 25
-2.91386, -1.55651, 0.464281, 27
-2.96959, -1.58628, 0.413381, 27
-3.02112, -1.61381, 0.359996, 24
-3.08947, -1.65032, 0.30644, 23
-3.15003, -1.68266, 0.249728, 22
-3.22034, -1.72022, 0.19134, 44
-3.06765, -1.63866, 0.12145, 39
-2.92794, -1.56403, 0.057942, 42
-2.80843, -1.50019, 0, 43
-2.64217, -1.40073, 0.801304, 31
-2.67813, -1.41979, 0.755764, 31
-2.70659, -1.43488, 0.707246, 27
-2.74129, -1.45327, 0.659496, 26
-2.77879, -1.47316, 0.611352, 25
-2.8226, -1.49638, 0.563315, 27
-2.86576, -1.51926, 0.513731, 25
-2.91874, -1.54735, 0.464281, 27
-2.96755, -1.57323, 0.412406, 28
-3.02618, -1.60431, 0.359996, 25
-3.08407, -1.635, 0.305394, 22
-3.15177, -1.67089, 0.249449, 22
-3.22219, -1.70823, 0.191131, 39
-3.06925, -1.62714, 0.121311, 38
-2.93637, -1.5567, 0.0580118, 41
-2.8096, -1.48949, 0, 42
-2.64656, -1.39242, 0.801304, 30
-2.66884, -1.40414, 0.751893, 32
-2.70764, -1.42456, 0.706346, 29
-2.74237, -1.44283, 0.658664, 27
-2.77645, -1.46076, 0.609826, 25
-2.82728, -1.48751, 0.563315, 27
-2.86353, -1.50657, 0.512479, 27
-2.91658, -1.53448, 0.463168, 27
-2.96545, -1.5602, 0.411431, 28
-3.02416, -1.59109, 0.35916, 24
-3.09272, -1.62716, 0.305742, 24
-3.14994, -1.65727, 0.248891, 21
-3.22755, -1.69809, 0.191131, 34
-3.07788, -1.61935, 0.12145, 38
-2.94125, -1.54747, 0.0580118, 42
-2.8178, -1.48252, 0, 42
-2.65092, -1.3841, 0.801304, 30
-2.67324, -1.39575, 0.751893, 30
-2.70865, -1.41424, 0.705446, 28
-2.74689, -1.43421, 0.658664, 26
-2.78103, -1.45203, 0.609826, 26
-2.82845, -1.47679, 0.56262, 25
-2.87175, -1.4994, 0.513105, 26
-2.91787, -1.52348, 0.462611, 27
-2.97385, -1.55271, 0.411918, 28
-3.02914, -1.58158, 0.35916, 25
-3.09075, -1.61375, 0.305045, 23
-3.1516, -1.64551, 0.248612, 22
-3.22578, -1.68425, 0.190712, 30
-3.0865, -1.61152, 0.12159, 37
-2.9461, -1.53822, 0.0580118, 42
-2.8189, -1.47181, 0, 41
-2.6484, -1.37221, 0.799233, 29
-2.68105, -1.38913, 0.752861, 31
-2.70615, -1.40214, 0.703647, 27
-2.74096, -1.42017, 0.656169, 26
-2.78558, -1.44329, 0.609826, 25
-2.82958, -1.46609, 0.561926, 26
-2.86943, -1.48673, 0.511854, 26
-2.91913, -1.51248, 0.462055, 26
-2.97167, -1.53971, 0.410943, 28
-3.03056, -1.57022, 0.358742, 25
-3.09581, -1.60403, 0.305045, 24
-3.14967, -1.63193, 0.248054, 22
-3.2346, -1.67594, 0.190922, 26
-3.08445, -1.59814, 0.121311, 39
-2.95092, -1.52896, 0.0580118, 42
-2.82706, -1.46478, 0, 41
-2.64582, -1.36035, 0.797163, 30
-2.68541, -1.3807, 0.752861, 32
-2.70708, -1.39185, 0.702747, 28
-2.74541, -1.41156, 0.656169, 27
-2.77962, -1.42915, 0.607536, 25
-2.82366, -1.45179, 0.559842, 26
-2.87408, -1.47771, 0.511854, 25
-2.92386, -1.50331, 0.462055, 26
-2.97296, -1.52855, 0.410456, 28
-3.03195, -1.55888, 0.358324, 25
-3.09375, -1.59065, 0.304348, 24
-3.15833, -1.62386, 0.248333, 22
-3.2363, -1.66395, 0.190712, 25
-3.09301, -1.59027, 0.12145, 39
-2.95215, -1.51785, 0.057942, 42
-2.82809, -1.45407, 0, 41
-2.65352, -1.35379, 0.798198, 31
-2.6759, -1.3652, 0.74899, 32
-2.71144, -1.38334, 0.702747, 27
-2.74635, -1.40115, 0.655338, 27
-2.7841, -1.42041, 0.607536, 25
-2.8247, -1.44112, 0.559147, 26
-2.86815, -1.46329, 0.509976, 27
-2.92504, -1.49231, 0.461498, 27
-2.97421, -1.5174, 0.409968, 27
-3.02974, -1.54573, 0.357487, 25
-3.09163, -1.5773, 0.303651, 24
-3.15275, -1.60849, 0.247496, 21
-3.2344, -1.65014, 0.190294, 23
-3.09799, -1.58055, 0.12145, 40
-2.96046, -1.51038, 0.0580118, 41
-2.82908, -1.44336, 0, 42
-2.64742, -1.34021, 0.795092, 30
-2.68018, -1.35679, 0.74899, 31
-2.70882, -1.37129, 0.700947, 27
-2.75423, -1.39428, 0.656169, 28
-2.77804, -1.40633, 0.605246, 25
-2.82921, -1.43224, 0.559147, 27
-2.87274, -1.45427, 0.509976, 25
-2.92265, -1.47954, 0.460385, 27
-2.97542, -1.50625, 0.409481, 26
-3.03103, -1.53441, 0.357069, 25
-3.09301, -1.56578, 0.303302, 23
-3.15423, -1.59677, 0.247217, 22
-3.23244, -1.63636, 0.189875, 23
-3.10294, -1.57081, 0.12145, 40
-2.96163, -1.49927, 0.057942, 41
-2.84074, -1.43807, 0, 41
-2.64817, -1.33015, 0.794057, 30
-2.67749, -1.34488, 0.747055, 31
-2.71659, -1.36452, 0.701847, 29
-2.7481, -1.38035, 0.653674, 26
-2.78595, -1.39936, 0.606009, 26
-2.83018, -1.42158, 0.558453, 27
-2.87023, -1.44169, 0.508725, 26
-2.92728, -1.47035, 0.460385, 27
-2.97659, -1.49512, 0.408994, 28
-3.03228, -1.52309, 0.356651, 25
-3.0908, -1.55248, 0.302605, 23
-3.15566, -1.58506, 0.246938, 22
-3.23399, -1.62441, 0.189666, 21
-3.10428, -1.55926, 0.121311, 38
-2.96632, -1.48996, 0.057942, 42
-2.84524, -1.42914, 0, 42
-2.65925, -1.32527, 0.796127, 31
-2.67823, -1.33473, 0.746087, 31
-2.71389, -1.35251, 0.700048, 28
-2.75243, -1.37171, 0.653674, 26
-2.77628, -1.3836, 0.602956, 26
-2.83463, -1.41268, 0.558453, 26
-2.87475, -1.43267, 0.508725, 26
-2.9248, -1.45761, 0.459271, 27
-2.97417, -1.48222, 0.408019, 28
-3.02993, -1.51001, 0.355815, 25
-3.09922, -1.54454, 0.302953, 24
-3.15705, -1.57336, 0.246659, 22
-3.23908, -1.61424, 0.189666, 22
-3.10917, -1.5495, 0.121311, 39
-2.96741, -1.47885, 0.0578722, 42
-2.84614, -1.41841, 0, 41
-2.6634, -1.31691, 0.796127, 31
-2.68241, -1.32631, 0.746087, 31
-2.71463, -1.34224, 0.699148, 28
-2.75322, -1.36132, 0.652843, 27
-2.78413, -1.37661, 0.60372, 27
-2.83552, -1.40202, 0.557758, 26
-2.87923, -1.42363, 0.508725, 25
-2.92226, -1.44491, 0.458158, 27
-2.97525, -1.47111, 0.407531, 27
-3.03466, -1.50048, 0.355815, 25
-3.10049, -1.53303, 0.302605, 23
-3.16198, -1.56344, 0.246659, 21
-3.24055, -1.60229, 0.189456, 22
-3.11044, -1.53795, 0.121171, 39
-2.97921, -1.47306, 0.0580118, 42
-2.85058, -1.40946, 0, 41
-2.65018, -1.30003, 0.790951, 31
-2.68308, -1.31617, 0.745119, 31
-2.72234, -1.33543, 0.700048, 28
-2.75397, -1.35094, 0.652011, 26
-2.78491, -1.36612, 0.602956, 25
-2.83284, -1.38963, 0.556369, 27
-2.86596, -1.40588, 0.505596, 26
-2.92678, -1.43572, 0.458158, 28
-2.97629, -1.46, 0.407044, 27
-3.03222, -1.48744, 0.354979, 25
-3.09813, -1.51977, 0.301908, 24
-3.15613, -1.54822, 0.245822, 23
-3.24557, -1.5921, 0.189456, 21
-3.11525, -1.52817, 0.121171, 40
-2.98023, -1.46194, 0.057942, 41
-2.85499, -1.4005, 0, 41
-2.65772, -1.29339, 0.791986, 30
-2.6872, -1.30773, 0.745119, 31
-2.71951, -1.32346, 0.698248, 28
-2.75116, -1.33886, 0.650348, 26
-2.78566, -1.35565, 0.602193, 26
-2.83719, -1.38073, 0.556369, 26
-2.87746, -1.40033, 0.506848, 26
-2.92772, -1.42478, 0.457601, 26
-2.97729, -1.44891, 0.406556, 27
-3.03687, -1.4779, 0.354979, 25
-3.09931, -1.50829, 0.301559, 24
-3.16098, -1.5383, 0.245822, 23
-3.24337, -1.5784, 0.189037, 21
-3.12363, -1.52012, 0.121311, 40
-2.98121, -1.45082, 0.0578722, 42
-2.85938, -1.39153, 0, 41
-2.65482, -1.28167, 0.789916, 31
-2.69479, -1.30097, 0.746087, 32
-2.72014, -1.31321, 0.697348, 26
-2.75888, -1.33191, 0.651179, 27
-2.78637, -1.34518, 0.60143, 25
-2.83087, -1.36667, 0.554285, 27
-2.87829, -1.38956, 0.506222, 26
-2.92861, -1.41386, 0.457044, 27
-2.98541, -1.44127, 0.407044, 27
-3.0415, -1.46836, 0.354979, 24
-3.09686, -1.49508, 0.300862, 25
-3.1658, -1.52836, 0.245822, 23
-3.24112, -1.56473, 0.188619, 21
-3.12839, -1.5103, 0.121311, 39
-2.98936, -1.44318, 0.057942, 42
-2.86014, -1.3808, 0, 43
-2.65883, -1.27333, 0.789916, 31
-2.68836, -1.28747, 0.743184, 31
-2.72074, -1.30298, 0.696448, 28
-2.75952, -1.32155, 0.650348, 27
-2.79058, -1.33642, 0.60143, 25
-2.83871, -1.35947, 0.55498, 27
-2.87551, -1.3771, 0.50497, 27
-2.93304, -1.40465, 0.457044, 27
-2.97918, -1.42674, 0.405581, 28
-3.03892, -1.45536, 0.354142, 25
-3.10154, -1.48534, 0.300862, 24
-3.16338, -1.51496, 0.245264, 23
-3.24602, -1.55454, 0.188619, 21
-3.13312, -1.50047, 0.121311, 40
-2.99388, -1.43378, 0.057942, 41
-2.86807, -1.37353, 0, 42
-2.66282, -1.26497, 0.789916, 32
-2.68889, -1.27735, 0.742216, 31
-2.71778, -1.29108, 0.694649, 28
-2.75659, -1.30951, 0.648684, 27
-2.78767, -1.32428, 0.599904, 25
-2.8394, -1.34886, 0.554285, 27
-2.8834, -1.36975, 0.505596, 26
-2.92671, -1.39033, 0.455374, 28
-2.98006, -1.41567, 0.405094, 28
-3.0363, -1.44239, 0.353306, 25
-3.10259, -1.47388, 0.300513, 23
-3.16092, -1.50159, 0.244706, 22
-3.23646, -1.53747, 0.187781, 22
-3.13782, -1.49062, 0.121311, 40
-2.99476, -1.42265, 0.0578722, 42
-2.87237, -1.36452, 0, 42
-2.65979, -1.2533, 0.787845, 31
-2.68586, -1.26559, 0.740281, 31
-2.72535, -1.28419, 0.695549, 29
-2.75715, -1.29918, 0.647853, 27
-2.78827, -1.31384, 0.59914, 26
-2.84006, -1.33825, 0.55359, 26
-2.88411, -1.359, 0.50497, 25
-2.93464, -1.38282, 0.455931, 27
-2.97731, -1.40292, 0.404119, 28
-3.04081, -1.43284, 0.353306, 25
-3.10721, -1.46413, 0.300513, 25
-3.16923, -1.49335, 0.244985, 22
-3.24488, -1.529, 0.187991, 21
-3.14249, -1.48075, 0.121311, 40
-3.00283, -1.41494, 0.057942, 40
-2.88026, -1.35719, 0, 41
-2.66721, -1.24658, 0.78888, 32
-2.68983, -1.25715, 0.740281, 31
-2.72937, -1.27563, 0.695549, 28
-2.76122, -1.29051, 0.647853, 27
-2.79238, -1.30508, 0.59914, 25
-2.84425, -1.32932, 0.55359, 26
-2.88121, -1.34659, 0.503719, 26
-2.93538, -1.37191, 0.455374, 27
-2.9817, -1.39356, 0.404119, 27
-3.03809, -1.41991, 0.35247, 25
-3.10457, -1.45098, 0.299816, 24
-3.15945, -1.47663, 0.243869, 22
-3.24967, -1.5188, 0.187991, 22
-3.14712, -1.47087, 0.121311, 40
-3.00726, -1.4055, 0.057942, 43
-2.88451, -1.34813, 0, 43
-2.6606, -1.23332, 0.785775, 32
-2.69024, -1.24706, 0.739313, 32
-2.72629, -1.26377, 0.693749, 27
-2.76526, -1.28183, 0.647853, 26
-2.79291, -1.29465, 0.598377, 25
-2.84127, -1.31707, 0.552201, 26
-2.88542, -1.33753, 0.503719, 26
-2.93249, -1.35935, 0.454261, 27
-2.98246, -1.38251, 0.403631, 28
-3.03893, -1.40869, 0.352052, 25
-3.10911, -1.44122, 0.299816, 25
-3.16407, -1.4667, 0.243869, 23
-3.24355, -1.50354, 0.187363, 22
-3.15173, -1.46098, 0.121311, 40
-3.01166, -1.39605, 0.057942, 42
-2.8851, -1.33738, 0, 41
-2.66446, -1.22495, 0.785775, 33
-2.69415, -1.2386, 0.739313, 31
-2.73025, -1.2552, 0.693749, 29
-2.75861, -1.26823, 0.645358, 27
-2.79696, -1.28587, 0.598377, 25
-2.84539, -1.30813, 0.552201, 27
-2.88243, -1.32516, 0.502467, 26
-2.93675, -1.35013, 0.454261, 27
-2.98318, -1.37148, 0.403144, 27
-3.04334, -1.39914, 0.352052, 25
-3.10276, -1.42646, 0.29877, 23
-3.16504, -1.45509, 0.24359, 24
-3.241, -1.49001, 0.186944, 21
-3.1563, -1.45107, 0.121311, 39
-3.01966, -1.38825, 0.0580118, 42
-2.88565, -1.32664, 0, 42
-2.6683, -1.21657, 0.785775, 32
-2.69802, -1.23013, 0.739313, 31
-2.72708, -1.24338, 0.691949, 28
-2.76614, -1.26118, 0.64619, 26
-2.79384, -1.27382, 0.596851, 25
-2.8459, -1.29755, 0.551507, 26
-2.88658, -1.3161, 0.502467, 27
-2.93377, -1.33761, 0.453148, 28
-2.98386, -1.36045, 0.402656, 28
-3.04048, -1.38627, 0.351216, 26
-3.10723, -1.4167, 0.29877, 23
-3.16596, -1.44348, 0.243311, 23
-3.2493, -1.48148, 0.187153, 22
-3.16085, -1.44115, 0.121311, 42
-3.02037, -1.3771, 0.057942, 42
-2.89345, -1.31923, 0, 42
-2.66858, -1.20659, 0.784739, 33
-2.70188, -1.22165, 0.739313, 33
-2.72743, -1.2332, 0.69105, 28
-2.75939, -1.24765, 0.643695, 28
-2.79783, -1.26503, 0.596851, 25
-2.84279, -1.28536, 0.550117, 27
-2.8871, -1.3054, 0.501842, 27
-2.93795, -1.32839, 0.453148, 28
-2.98089, -1.3478, 0.401681, 29
-3.04844, -1.37835, 0.351634, 25
-3.10803, -1.40529, 0.298421, 25
-3.17048, -1.43353, 0.243311, 23
-3.24666, -1.46797, 0.186735, 22
-3.16172, -1.42956, 0.121171, 39
-3.03197, -1.3709, 0.0580816, 42
-2.89758, -1.31013, 0, 42
-2.66531, -1.19504, 0.782669, 33
-2.69862, -1.20998, 0.737378, 31
-2.73484, -1.22622, 0.691949, 28
-2.7633, -1.23898, 0.643695, 27
-2.79821, -1.25463, 0.596087, 27
-2.84681, -1.27642, 0.550117, 26
-2.88398, -1.29309, 0.50059, 27
-2.94211, -1.31915, 0.453148, 27
-2.98511, -1.33843, 0.401681, 28
-3.0455, -1.36551, 0.350798, 24
-3.10516, -1.39226, 0.297724, 23
-3.17133, -1.42193, 0.243032, 22
-3.25126, -1.45776, 0.186735, 22
-3.16984, -1.42126, 0.121311, 41
-3.02896, -1.35809, 0.057942, 42
-2.90168, -1.30102, 0, 41
-2.66905, -1.18666, 0.782669, 32
-2.7024, -1.20149, 0.737378, 31
-2.73512, -1.21604, 0.69105, 29
-2.7636, -1.2287, 0.642863, 28
-2.79855, -1.24424, 0.595324, 25
-2.84361, -1.26427, 0.548728, 26
-2.88803, -1.28402, 0.50059, 27
-2.94262, -1.30829, 0.452591, 27
-2.9893, -1.32905, 0.401681, 28
-3.04614, -1.35432, 0.350379, 25
-3.10952, -1.3825, 0.297724, 24
-3.16484, -1.40709, 0.242194, 23
-3.25217, -1.44592, 0.186525, 22
-3.17429, -1.41129, 0.121311, 40
-3.03687, -1.3502, 0.0580118, 42
-2.90575, -1.2919, 0, 42
-2.6763, -1.17983, 0.783704, 32
-2.70261, -1.19143, 0.73641, 33
-2.73179, -1.2043, 0.68925, 28
-2.76745, -1.22001, 0.642863, 28
-2.79526, -1.23227, 0.593798, 26
-2.85117, -1.25692, 0.549423, 26
-2.88482, -1.27175, 0.499339, 26
-2.93947, -1.29585, 0.451478, 27
-2.98983, -1.31805, 0.401194, 28
-3.04674, -1.34314, 0.349961, 25
-3.11385, -1.37272, 0.297724, 25
-3.16925, -1.39714, 0.242194, 23
-3.25304, -1.43408, 0.186316, 22
-3.17871, -1.40131, 0.121311, 41
-3.03744, -1.33904, 0.057942, 42
-2.91346, -1.28438, 0, 42
-2.66937, -1.16678, 0.780598, 32
-2.70279, -1.18138, 0.735443, 32
-2.73556, -1.19571, 0.68925, 29
-2.77127, -1.21131, 0.642863, 27
-2.79911, -1.22348, 0.593798, 26
-2.8515, -1.24638, 0.548728, 26
-2.89242, -1.26427, 0.499965, 28
-2.94353, -1.28661, 0.451478, 27
-2.99395, -1.30865, 0.401194, 28
-3.04365, -1.33037, 0.349125, 25
-3.11084, -1.35974, 0.297027, 24
-3.16996, -1.38558, 0.241915, 23
-3.25021, -1.42066, 0.185897, 22
-3.19042, -1.39452, 0.12159, 41
-3.04529, -1.33109, 0.0580118, 42
-2.91381, -1.27362, 0, 39
-2.66948, -1.15685, 0.779563, 33
-2.69936, -1.1698, 0.733507, 32
-2.73573, -1.18556, 0.68835, 29
-2.76788, -1.19949, 0.6412, 27
-2.80294, -1.21468, 0.593798, 26
-2.84817, -1.23428, 0.547339, 27
-2.88913, -1.25203, 0.498713, 27
-2.94392, -1.27578, 0.450921, 28
-2.99076, -1.29608, 0.400219, 28
-3.05147, -1.32239, 0.349543, 26
-3.10779, -1.34679, 0.29633, 24
-3.17064, -1.37403, 0.241636, 23
-3.25099, -1.40885, 0.185688, 22
-3.18745, -1.38131, 0.121311, 41
-3.04946, -1.32152, 0.0580118, 42
-2.92147, -1.26605, 0, 40
-2.6731, -1.14846, 0.779563, 33
-2.70659, -1.16284, 0.734475, 32
-2.73586, -1.17542, 0.68745, 29
-2.76804, -1.18924, 0.640368, 25
-2.79953, -1.20277, 0.592271, 26
-2.84841, -1.22377, 0.546644, 27
-2.89304, -1.24295, 0.498713, 28
-2.94427, -1.26496, 0.450364, 28
-2.99117, -1.28511, 0.399731, 28
-3.0483, -1.30965, 0.348707, 25
-3.112, -1.33702, 0.29633, 24
-3.17127, -1.36249, 0.241357, 23
-3.25173, -1.39705, 0.185479, 22
-3.19545, -1.37287, 0.12145, 40
-3.0536, -1.31193, 0.0580118, 42
-2.92176, -1.25529, 0, 41
-2.66959, -1.13702, 0.777492, 32
-2.70666, -1.15281, 0.733507, 33
-2.73595, -1.16529, 0.686551, 28
-2.76816, -1.17901, 0.639536, 28
-2.80691, -1.19551, 0.593034, 26
-2.84862, -1.21328, 0.54595, 27
-2.8933, -1.23231, 0.498087, 27
-2.94459, -1.25415, 0.449807, 28
-2.99154, -1.27415, 0.399244, 29
-3.0524, -1.30007, 0.348707, 25
-3.10519, -1.32255, 0.295284, 23
-3.17554, -1.35252, 0.241357, 23
-3.25243, -1.38527, 0.185269, 22
-3.19974, -1.36283, 0.12145, 43
-3.06138, -1.3039, 0.0580816, 41
-2.92937, -1.24767, 0, 41
-2.68027, -1.13164, 0.779563, 33
-2.70312, -1.14129, 0.731572, 31
-2.7396, -1.15669, 0.686551, 28
-2.77185, -1.17031, 0.639536, 28
-2.7998, -1.1821, 0.590745, 25
-2.84879, -1.20279, 0.545255, 28
-2.89352, -1.22167, 0.497462, 27
-2.94486, -1.24335, 0.449251, 28
-2.99553, -1.26475, 0.399244, 28
-3.0528, -1.28893, 0.348289, 25
-3.11667, -1.31589, 0.295981, 25
-3.17242, -1.33943, 0.240799, 23
-3.25309, -1.37349, 0.18506, 22
-3.20033, -1.35121, 0.121311, 43
-3.0581, -1.29116, 0.057942, 42
-2.93327, -1.23846, 0, 42
-2.67668, -1.12023, 0.777492, 33
-2.71027, -1.13429, 0.73254, 33
-2.73603, -1.14507, 0.684751, 29
-2.77551, -1.16159, 0.639536, 27
-2.79988, -1.17179, 0.589981, 26
-2.84892, -1.19231, 0.544561, 27
-2.90099, -1.2141, 0.498087, 26
-2.94876, -1.2341, 0.449251, 27
-2.99583, -1.2538, 0.398757, 29
-3.05316, -1.27779, 0.347871, 25
-3.11344, -1.30302, 0.295284, 24
-3.17661, -1.32946, 0.240799, 24
-3.2537, -1.36172, 0.184851, 23
-3.21193, -1.34424, 0.12159, 41
-3.06583, -1.28309, 0.0580118, 41
-2.92977, -1.22615, 0, 42
-2.68019, -1.11181, 0.777492, 31
-2.71024, -1.12428, 0.731572, 32
-2.73962, -1.13647, 0.684751, 28
-2.77192, -1.14987, 0.637873, 27
-2.80354, -1.16299, 0.589981, 27
-2.85265, -1.18336, 0.544561, 27
-2.89749, -1.20196, 0.496836, 27
-2.9453, -1.22179, 0.448137, 28
-2.99608, -1.24286, 0.398269, 28
-3.04982, -1.26515, 0.347034, 24
-3.11016, -1.29018, 0.294586, 24
-3.17709, -1.31794, 0.24052, 24
-3.25058, -1.34843, 0.184432, 22
-3.21614, -1.33414, 0.12159, 43
-3.06984, -1.27345, 0.0580118, 41
-2.94469, -1.22154, 0, 41
-2.67294, -1.09898, 0.774387, 32
-2.70657, -1.11281, 0.729636, 33
-2.73957, -1.12637, 0.683851, 28
-2.77914, -1.14264, 0.638705, 28
-2.81081, -1.15567, 0.590745, 26
-2.84907, -1.17139, 0.543172, 28
-2.9049, -1.19435, 0.497462, 26
-2.94913, -1.21253, 0.448137, 27
-2.9963, -1.23193, 0.397782, 28
-3.05745, -1.25707, 0.347453, 26
-3.11419, -1.2804, 0.294586, 24
-3.1849, -1.30947, 0.240799, 22
-3.24742, -1.33517, 0.184013, 21
-3.21662, -1.32251, 0.12145, 41
-3.07753, -1.26532, 0.0580816, 40
-2.94111, -1.20924, 0, 42
-2.67638, -1.09058, 0.774387, 33
-2.70646, -1.10283, 0.728669, 33
-2.74309, -1.11776, 0.683851, 27
-2.77547, -1.13095, 0.637041, 28
-2.80352, -1.14238, 0.588455, 26
-2.85638, -1.16392, 0.543866, 27
-2.89766, -1.18075, 0.495584, 27
-2.94925, -1.20177, 0.447581, 27
-2.9928, -1.21951, 0.396807, 29
-3.05402, -1.24446, 0.346616, 25
-3.11451, -1.26911, 0.294238, 25
-3.17792, -1.29494, 0.239962, 23
-3.25529, -1.32647, 0.184223, 23
-3.22075, -1.3124, 0.12145, 42
-3.07778, -1.25414, 0.0580118, 41
-2.9486, -1.2015, 0, 42
-2.68338, -1.08361, 0.775422, 33
-2.71351, -1.09578, 0.729636, 33
-2.73936, -1.10622, 0.682052, 30
-2.77901, -1.12223, 0.637041, 28
-2.81074, -1.13504, 0.589218, 25
-2.85272, -1.15199, 0.542477, 28
-2.90136, -1.17164, 0.495584, 27
-2.94567, -1.18953, 0.446467, 27
-2.99662, -1.2101, 0.396807, 28
-3.05423, -1.23337, 0.346198, 25
-3.11479, -1.25782, 0.293889, 24
-3.18197, -1.28495, 0.239962, 23
-3.24833, -1.31175, 0.183595, 21
-3.22857, -1.30377, 0.12159, 42
-3.08171, -1.24446, 0.0580118, 42
-2.94865, -1.19073, 0, 42
-2.6796, -1.0723, 0.773351, 32
-2.70974, -1.08437, 0.727701, 33
-2.74283, -1.09761, 0.682052, 29
-2.77889, -1.11204, 0.63621, 28
-2.807, -1.12329, 0.587692, 26
-2.85632, -1.14303, 0.542477, 27
-2.89769, -1.15958, 0.494333, 27
-2.94939, -1.18027, 0.446467, 27
-3.00409, -1.20216, 0.397294, 29
-3.05439, -1.22229, 0.34578, 25
-3.11872, -1.24803, 0.293889, 24
-3.17858, -1.27198, 0.239404, 23
-3.24873, -1.30006, 0.183385, 22
-3.23265, -1.29362, 0.12159, 40
-3.08931, -1.23626, 0.0580816, 41
-2.95609, -1.18295, 0, 42
-2.68295, -1.06388, 0.773351, 32
-2.70952, -1.07442, 0.726733, 33
-2.74626, -1.08898, 0.682052, 29
-2.77509, -1.10042, 0.634546, 28
-2.80686, -1.11302, 0.586928, 27
-2.85624, -1.1326, 0.541782, 28
-2.90132, -1.15047, 0.494333, 28
-2.95676, -1.17246, 0.447024, 28
-2.99678, -1.18833, 0.395832, 29
-3.06192, -1.21415, 0.346198, 25
-3.11522, -1.23529, 0.293192, 25
-3.18256, -1.26199, 0.239404, 23
-3.26022, -1.29279, 0.183804, 22
-3.23298, -1.28199, 0.12145, 40
-3.0969, -1.22803, 0.0581514, 41
-2.95979, -1.17366, 0, 41
-2.68268, -1.05403, 0.772316, 32
-2.71288, -1.0659, 0.726733, 34
-2.74241, -1.0775, 0.680252, 29
-2.78582, -1.09456, 0.63621, 26
-2.81035, -1.10419, 0.586928, 26
-2.86345, -1.12506, 0.542477, 26
-2.89756, -1.13846, 0.493081, 28
-2.95306, -1.16027, 0.445911, 27
-3.0005, -1.1789, 0.395832, 29
-3.05461, -1.20016, 0.344944, 26
-3.12279, -1.22695, 0.293541, 25
-3.17537, -1.24761, 0.238567, 23
-3.25312, -1.27816, 0.183176, 22
-3.24071, -1.27328, 0.12159, 41
-3.09702, -1.21683, 0.0580816, 41
-2.96347, -1.16435, 0, 40
-2.68238, -1.0442, 0.771281, 34
-2.71983, -1.05878, 0.727701, 33
-2.74215, -1.06747, 0.679352, 28
-2.7856, -1.08438, 0.635378, 28
-2.8138, -1.09536, 0.586928, 28
-2.85596, -1.11177, 0.540393, 27
-2.90481, -1.13079, 0.493707, 27
-2.95669, -1.15098, 0.445911, 27
-3.00419, -1.16947, 0.395832, 29
-3.06207, -1.192, 0.345362, 25
-3.10807, -1.20991, 0.291797, 23
-3.18299, -1.23908, 0.238846, 22
-3.25711, -1.26793, 0.183176, 22
-3.2447, -1.2631, 0.12159, 42
-3.0971, -1.20564, 0.0580118, 41
-2.96338, -1.15359, 0, 42
-2.68925, -1.03716, 0.772316, 32
-2.71591, -1.04744, 0.725766, 33
-2.74913, -1.06025, 0.680252, 29
-2.77804, -1.0714, 0.632883, 27
-2.81357, -1.0851, 0.586165, 27
-2.86311, -1.10421, 0.541088, 27
-2.90097, -1.11881, 0.492456, 27
-2.96029, -1.14169, 0.445911, 28
-3.00044, -1.15717, 0.394857, 28
-3.05838, -1.17952, 0.344526, 24
-3.12301, -1.20444, 0.292843, 26
-3.17942, -1.2262, 0.238288, 22
-3.25363, -1.25482, 0.182757, 21
-3.24492, -1.25146, 0.12145, 41
-3.10834, -1.19878, 0.0581514, 40
-2.97072, -1.14571, 0, 42
-2.68167, -1.02457, 0.76921, 33
-2.71556, -1.03751, 0.724798, 33
-2.74152, -1.04743, 0.677553, 28
-2.7887, -1.06546, 0.634546, 27
-2.80962, -1.07345, 0.584639, 26
-2.86289, -1.0938, 0.540393, 27
-2.90447, -1.10969, 0.492456, 26
-2.95646, -1.12955, 0.444797, 27
-3.00777, -1.14916, 0.395344, 28
-3.05835, -1.16848, 0.344108, 25
-3.11933, -1.19178, 0.292146, 24
-3.17953, -1.21478, 0.238009, 23
-3.25755, -1.24459, 0.182757, 22
-3.2563, -1.24411, 0.121729, 40
-3.11209, -1.18901, 0.0581514, 41
-2.97805, -1.1378, 0, 41
-2.68488, -1.01614, 0.76921, 32
-2.7188, -1.02898, 0.724798, 34
-2.74845, -1.0402, 0.678452, 29
-2.78838, -1.05531, 0.633715, 27
-2.81666, -1.06601, 0.585402, 26
-2.86262, -1.08341, 0.539699, 28
-2.90795, -1.10056, 0.492456, 28
-2.95629, -1.11886, 0.444241, 28
-3.00394, -1.13689, 0.394369, 29
-3.06201, -1.15887, 0.344108, 26
-3.11933, -1.18056, 0.291797, 24
-3.18706, -1.2062, 0.238288, 23
-3.25771, -1.23294, 0.182548, 22
-3.25646, -1.23246, 0.12159, 40
-3.11581, -1.17923, 0.0581514, 41
-2.97786, -1.12702, 0, 42
-2.69167, -1.00905, 0.770245, 33
-2.71839, -1.01907, 0.72383, 32
-2.74805, -1.03019, 0.677553, 28
-2.78801, -1.04517, 0.632883, 28
-2.81631, -1.05578, 0.584639, 26
-2.86601, -1.07441, 0.539699, 28
-2.90399, -1.08865, 0.491204, 28
-2.95608, -1.10818, 0.443684, 27
-3.00378, -1.12606, 0.393882, 28
-3.06191, -1.14785, 0.34369, 26
-3.13049, -1.17356, 0.292495, 25
-3.17963, -1.19198, 0.237451, 24
-3.26157, -1.2227, 0.182548, 22
-3.26406, -1.22363, 0.121729, 40
-3.11575, -1.16803, 0.0580816, 41
-2.98514, -1.11907, 0, 42
-2.68759, -0.997903, 0.768175, 32
-2.7143, -1.00782, 0.721895, 33
-2.74762, -1.02019, 0.676653, 28
-2.79128, -1.03641, 0.632883, 27
-2.81962, -1.04693, 0.584639, 25
-2.86568, -1.06403, 0.539004, 28
-2.90369, -1.07814, 0.490578, 27
-2.95955, -1.09888, 0.443684, 27
-3.00358, -1.11523, 0.393394, 28
-3.06177, -1.13684, 0.343271, 24
-3.12295, -1.15955, 0.291449, 25
-3.18336, -1.18198, 0.237451, 23
-3.26165, -1.21105, 0.182338, 22
-3.26788, -1.21337, 0.121729, 41
-3.12316, -1.15963, 0.0581514, 40
-2.98114, -1.1069, 0, 42
-2.68708, -0.988121, 0.76714, 33
-2.72474, -1.00197, 0.72383, 34
-2.75081, -1.01156, 0.676653, 29
-2.78718, -1.02493, 0.63122, 28
-2.81184, -1.034, 0.582349, 27
-2.86162, -1.0523, 0.537615, 28
-2.90707, -1.06902, 0.490578, 27
-2.95555, -1.08685, 0.44257, 28
-3.01079, -1.10716, 0.393882, 28
-3.06532, -1.12721, 0.343271, 25
-3.12658, -1.14974, 0.291449, 25
-3.18705, -1.17198, 0.237451, 23
-3.25419, -1.19666, 0.18171, 22
-3.27168, -1.2031, 0.121729, 40
-3.12678, -1.14981, 0.0581514, 41
-2.99211, -1.10029, 0, 43
-2.69017, -0.979675, 0.76714, 34
-2.72058, -0.990747, 0.721895, 33
-2.75397, -1.00291, 0.676653, 31
-2.78671, -1.01483, 0.630388, 29
-2.81507, -1.02516, 0.582349, 25
-2.86861, -1.04466, 0.538309, 28
-2.91412, -1.06123, 0.491204, 27
-2.95895, -1.07756, 0.44257, 28
-3.0068, -1.09498, 0.392907, 30
-3.06137, -1.11485, 0.342435, 24
-3.12269, -1.13718, 0.290752, 25
-3.18697, -1.16059, 0.237172, 23
-3.26544, -1.18917, 0.182129, 22
-3.2792, -1.19418, 0.121869, 39
-3.13038, -1.13998, 0.0581514, 41
-2.99555, -1.09088, 0, 42
-2.69687, -0.972529, 0.768175, 33
-2.72368, -0.982195, 0.721895, 33
-2.75711, -0.994252, 0.676653, 29
-2.78988, -1.00607, 0.630388, 28
-2.81828, -1.01631, 0.582349, 26
-2.86817, -1.0343, 0.537615, 28
-2.90629, -1.04805, 0.489327, 27
-2.96605, -1.0696, 0.443127, 27
-3.01022, -1.08553, 0.392907, 29
-3.06486, -1.10523, 0.342435, 25
-3.13374, -1.13007, 0.291449, 25
-3.18309, -1.14787, 0.236614, 23
-3.2654, -1.17755, 0.18192, 23
-3.27917, -1.18252, 0.121729, 41
-3.13018, -1.12879, 0.0580816, 41
-3.00649, -1.08418, 0, 41
-2.689, -0.960154, 0.765069, 32
-2.72675, -0.973634, 0.721895, 33
-2.75288, -0.982965, 0.674853, 28
-2.78566, -0.99467, 0.628725, 28
-2.82515, -1.00877, 0.583112, 26
-2.8677, -1.02396, 0.53692, 27
-2.91701, -1.04157, 0.490578, 27
-2.96194, -1.05761, 0.442014, 27
-3.00614, -1.07339, 0.391932, 28
-3.06457, -1.09426, 0.342017, 25
-3.12977, -1.11754, 0.290752, 24
-3.19044, -1.1392, 0.236893, 23
-3.26909, -1.16728, 0.18192, 22
-3.27534, -1.16952, 0.12145, 40
-3.14125, -1.12164, 0.0582212, 41
-2.99858, -1.0707, 0, 42
-2.69564, -0.952989, 0.766104, 32
-2.72248, -0.962475, 0.71996, 33
-2.75963, -0.97561, 0.675753, 28
-2.79246, -0.987218, 0.629557, 27
-2.82461, -0.998582, 0.582349, 26
-2.86719, -1.01363, 0.536226, 28
-2.9091, -1.02845, 0.488701, 27
-2.96524, -1.0483, 0.442014, 27
-3.0095, -1.06395, 0.391932, 29
-3.06424, -1.0833, 0.341599, 25
-3.12575, -1.10505, 0.290054, 24
-3.19024, -1.12784, 0.236614, 23
-3.26521, -1.15435, 0.181501, 21
-3.28654, -1.16189, 0.121729, 41
-3.13721, -1.1091, 0.0580816, 41
-3.00947, -1.06394, 0, 41
-2.69133, -0.941963, 0.764034, 32
-2.72915, -0.9552, 0.720927, 34
-2.75165, -0.963073, 0.673054, 29
-2.79186, -0.977147, 0.628725, 29
-2.82402, -0.988406, 0.581586, 26
-2.87036, -1.00462, 0.536226, 28
-2.91977, -1.02192, 0.489953, 28
-2.96104, -1.03636, 0.4409, 27
-3.01282, -1.05449, 0.391932, 28
-3.06763, -1.07367, 0.341599, 26
-3.12921, -1.09522, 0.290054, 25
-3.19377, -1.11782, 0.236614, 23
-3.26505, -1.14276, 0.181292, 22
-3.29395, -1.15288, 0.121869, 40
-3.14446, -1.10056, 0.0581514, 40
-3.0128, -1.05448, 0, 42
-2.69063, -0.932239, 0.762999, 31
-2.7248, -0.94408, 0.718992, 33
-2.76202, -0.956976, 0.674853, 27
-2.79491, -0.968372, 0.628725, 27
-2.81599, -0.975673, 0.579296, 26
-2.86605, -0.99302, 0.534836, 27
-2.91177, -1.00886, 0.488075, 27
-2.96429, -1.02706, 0.4409, 27
-3.01612, -1.04502, 0.391932, 28
-3.06723, -1.06272, 0.341181, 25
-3.12887, -1.08408, 0.289706, 24
-3.1935, -1.10647, 0.236335, 22
-3.26485, -1.13119, 0.181082, 22
-3.29755, -1.14252, 0.121869, 40
-3.1479, -1.09067, 0.0581514, 41
-3.01987, -1.04632, 0, 41
-2.6972, -0.925035, 0.764034, 32
-2.73143, -0.936774, 0.71996, 33
-2.75027, -0.943237, 0.671254, 30
-2.79054, -0.957048, 0.627062, 29
-2.82647, -0.969369, 0.580823, 26
-2.86916, -0.984011, 0.534836, 27
-2.91492, -0.999706, 0.488075, 27
-2.96375, -1.01645, 0.440344, 26
-3.01563, -1.03425, 0.391444, 29
-3.07056, -1.05308, 0.341181, 25
-3.12849, -1.07295, 0.289357, 25
-3.19696, -1.09643, 0.236335, 24
-3.26838, -1.12093, 0.181082, 22
-3.29734, -1.13086, 0.121729, 42
-3.15888, -1.08337, 0.058291, 40
-3.01558, -1.03423, 0, 43
-2.70375, -0.917799, 0.765069, 34
-2.72333, -0.924446, 0.717057, 33
-2.7606, -0.937097, 0.673054, 28
-2.79353, -0.948276, 0.627062, 26
-2.82206, -0.95796, 0.579296, 25
-2.8797, -0.977525, 0.536226, 27
-2.91431, -0.989274, 0.48745, 27
-2.96693, -1.00714, 0.440344, 27
-3.01511, -1.02349, 0.390957, 29
-3.07385, -1.04343, 0.341181, 26
-3.13939, -1.06568, 0.290054, 25
-3.19283, -1.08382, 0.235777, 24
-3.26811, -1.10937, 0.180873, 23
-3.30845, -1.12307, 0.122009, 40
-3.15469, -1.07087, 0.0581514, 41
-3.02639, -1.02732, 0, 41
-2.69929, -0.906839, 0.762999, 34
-2.7299, -0.917122, 0.718024, 34
-2.76353, -0.92842, 0.673054, 28
-2.7965, -0.939496, 0.627062, 28
-2.82506, -0.94909, 0.579296, 26
-2.87528, -0.965964, 0.534836, 28
-2.92115, -0.981372, 0.488075, 28
-2.97008, -0.997811, 0.440344, 27
-3.01455, -1.01275, 0.390469, 30
-3.07334, -1.0325, 0.340763, 25
-3.13517, -1.05327, 0.289357, 25
-3.2, -1.07505, 0.236056, 24
-3.26021, -1.09528, 0.180245, 22
-3.31196, -1.11267, 0.122009, 42
-3.16183, -1.06223, 0.0582212, 39
-3.02581, -1.01653, 0, 41
-2.69846, -0.897136, 0.761963, 32
-2.72908, -0.907317, 0.717057, 35
-2.75534, -0.916045, 0.670354, 29
-2.79572, -0.929471, 0.62623, 28
-2.8243, -0.938971, 0.578533, 26
-2.86709, -0.953198, 0.532753, 27
-2.92047, -0.970943, 0.48745, 28
-2.96944, -0.987226, 0.439787, 27
-3.01395, -1.00202, 0.389982, 28
-3.07657, -1.02284, 0.340763, 25
-3.13468, -1.04216, 0.289008, 25
-3.19957, -1.06374, 0.235777, 23
-3.27122, -1.08756, 0.180664, 23
-3.31165, -1.101, 0.121869, 41
-3.17274, -1.05482, 0.0583608, 39
-3.03278, -1.00829, 0, 41
-2.70127, -0.888654, 0.761963, 33
-2.72823, -0.897526, 0.716089, 33
-2.76561, -0.90982, 0.672154, 28
-2.79863, -0.920684, 0.62623, 28
-2.82723, -0.930094, 0.578533, 25
-2.87381, -0.945418, 0.533447, 27
-2.91975, -0.960529, 0.486824, 28
-2.97253, -0.977892, 0.439787, 28
-3.01708, -0.992548, 0.389982, 29
-3.07221, -1.01069, 0.339927, 25
-3.13794, -1.03231, 0.289008, 25
-3.19532, -1.05119, 0.235219, 23
-3.27462, -1.07727, 0.180664, 23
-3.31889, -1.09184, 0.122009, 41
-3.17224, -1.04359, 0.058291, 40
-3.03214, -0.997502, 0, 41
-2.70405, -0.880163, 0.761963, 34
-2.73104, -0.88895, 0.716089, 33
-2.75733, -0.897508, 0.669454, 30
-2.80151, -0.911887, 0.62623, 27
-2.83014, -0.921207, 0.578533, 26
-2.87677, -0.936385, 0.533447, 27
-2.91899, -0.950129, 0.486198, 27
-2.96805, -0.966097, 0.438674, 28
-3.02018, -0.983065, 0.389982, 28
-3.07537, -1.00103, 0.339927, 25
-3.13738, -1.02121, 0.28866, 24
-3.19861, -1.04114, 0.235219, 24
-3.27419, -1.06574, 0.180454, 23
-3.3261, -1.08264, 0.122148, 42
-3.1755, -1.03362, 0.058291, 40
-3.03906, -0.98921, 0, 42
-2.7068, -0.871664, 0.761963, 31
-2.73382, -0.880366, 0.716089, 32
-2.76385, -0.890036, 0.670354, 30
-2.80063, -0.901882, 0.625398, 28
-2.82928, -0.911108, 0.57777, 26
-2.8722, -0.924927, 0.532058, 27
-2.92197, -0.940954, 0.486198, 26
-2.97484, -0.957982, 0.43923, 28
-3.02326, -0.973572, 0.389982, 28
-3.0785, -0.991362, 0.339927, 25
-3.13678, -1.01013, 0.288311, 24
-3.19806, -1.02987, 0.23494, 23
-3.26992, -1.053, 0.180036, 22
-3.32949, -1.07219, 0.122148, 43
-3.17874, -1.02364, 0.058291, 41
-3.04215, -0.979657, 0, 41
-2.70216, -0.86081, 0.759893, 31
-2.72548, -0.868239, 0.713186, 32
-2.76663, -0.881349, 0.670354, 30
-2.796, -0.890704, 0.623735, 28
-2.82465, -0.899831, 0.576243, 27
-2.8826, -0.918291, 0.533447, 27
-2.92114, -0.930571, 0.485573, 26
-2.97029, -0.946227, 0.438117, 27
-3.01873, -0.961659, 0.389007, 28
-3.07402, -0.979271, 0.33909, 25
-3.13994, -1.00027, 0.288311, 24
-3.19368, -1.01739, 0.234382, 23
-3.27702, -1.04394, 0.180245, 23
-3.32903, -1.06051, 0.122009, 43
-3.17813, -1.01244, 0.0582212, 41
-3.04521, -0.970095, 0, 41
-2.70117, -0.851156, 0.758857, 34
-2.73189, -0.860839, 0.714153, 35
-2.76567, -0.871482, 0.669454, 29
-2.80625, -0.884267, 0.625398, 27
-2.83495, -0.893313, 0.57777, 26
-2.8742, -0.905679, 0.531363, 28
-2.92405, -0.921389, 0.485573, 28
-2.97702, -0.938081, 0.438674, 28
-3.02174, -0.952171, 0.389007, 28
-3.07708, -0.969609, 0.33909, 25
-3.13926, -0.989203, 0.287963, 24
-3.20066, -1.00855, 0.234661, 24
-3.27647, -1.03244, 0.180036, 23
-3.33616, -1.05125, 0.122148, 43
-3.1851, -1.00365, 0.058291, 42
-3.04443, -0.959322, 0, 40
-2.70383, -0.842666, 0.758857, 33
-2.73459, -0.852252, 0.714153, 34
-2.76839, -0.862789, 0.669454, 28
-2.80154, -0.873119, 0.623735, 28
-2.83775, -0.884403, 0.57777, 26
-2.88079, -0.897817, 0.532058, 27
-2.91562, -0.908672, 0.483695, 28
-2.97618, -0.927545, 0.438117, 27
-3.02093, -0.941492, 0.388519, 28
-3.08391, -0.961121, 0.339508, 25
-3.14235, -0.979336, 0.287963, 25
-3.20001, -0.997304, 0.234382, 24
-3.2797, -1.02214, 0.180036, 22
-3.33945, -1.04076, 0.122148, 45
-3.18824, -0.993637, 0.058291, 40
-3.05125, -0.950943, 0, 40
-2.70277, -0.833029, 0.757822, 33
-2.74096, -0.8448, 0.715121, 34
-2.76737, -0.852939, 0.668555, 29
-2.80053, -0.863161, 0.622903, 28
-2.833, -0.87317, 0.576243, 24
-2.88359, -0.888762, 0.532058, 27
-2.92601, -0.901835, 0.484947, 27
-2.97529, -0.917024, 0.43756, 27
-3.02007, -0.930827, 0.388032, 28
-3.07931, -0.949084, 0.338672, 25
-3.14161, -0.968286, 0.287614, 24
-3.20313, -0.987246, 0.234382, 23
-3.27526, -1.00948, 0.179617, 23
-3.3427, -1.03026, 0.122148, 44
-3.19135, -0.983616, 0.058291, 41
-3.05804, -0.94253, 0, 41
-2.70537, -0.824534, 0.757822, 31
-2.73989, -0.835053, 0.714153, 34
-2.77003, -0.844241, 0.668555, 29
-2.80323, -0.854358, 0.622903, 27
-2.83573, -0.864266, 0.576243, 26
-2.8826, -0.87855, 0.531363, 27
-2.92883, -0.892638, 0.484947, 27
-2.97816, -0.907672, 0.43756, 27
-3.02298, -0.921335, 0.388032, 28
-3.08608, -0.940565, 0.33909, 24
-3.14463, -0.958411, 0.287614, 25
-3.20239, -0.976015, 0.234103, 24
-3.28606, -1.00151, 0.180036, 23
-3.34592, -1.01976, 0.122148, 47
-3.20207, -0.975917, 0.0584307, 40
-3.06482, -0.934085, 0, 41
-2.70795, -0.816031, 0.757822, 32
-2.7425, -0.826442, 0.714153, 32
-2.76894, -0.83441, 0.667655, 30
-2.8059, -0.845547, 0.622903, 28
-2.83468, -0.85422, 0.57548, 25
-2.88535, -0.86949, 0.531363, 27
-2.93162, -0.883432, 0.484947, 27
-2.97341, -0.896026, 0.436447, 27
-3.02586, -0.911833, 0.388032, 29
-3.07759, -0.927422, 0.337836, 25
-3.14763, -0.948527, 0.287614, 25
-3.20544, -0.96595, 0.234103, 23
-3.27771, -0.987727, 0.179408, 23
-3.34911, -1.00924, 0.122148, 46
-3.20129, -0.964699, 0.0583608, 41
-3.06008, -0.922144, 0, 42
-2.7105, -0.80752, 0.757822, 33
-2.74136, -0.816714, 0.713186, 33
-2.76781, -0.824594, 0.666755, 29
-2.80479, -0.835611, 0.622072, 28
-2.83358, -0.844189, 0.574717, 25
-2.88429, -0.859296, 0.530669, 26
-2.93059, -0.87309, 0.484321, 26
-2.98, -0.887811, 0.437004, 27
-3.02491, -0.901189, 0.387545, 29
-3.0843, -0.918885, 0.338254, 25
-3.13914, -0.935221, 0.286568, 24
-3.20846, -0.955875, 0.234103, 24
-3.27697, -0.976284, 0.179198, 23
-3.35609, -0.999856, 0.122288, 46
-3.20814, -0.955779, 0.0584307, 40
-3.06296, -0.912525, 0, 42
-2.71302, -0.799, 0.757822, 35
-2.74019, -0.807001, 0.712218, 34
-2.77413, -0.816996, 0.667655, 30
-2.80365, -0.82569, 0.62124, 28
-2.83999, -0.836392, 0.57548, 27
-2.89076, -0.851344, 0.531363, 27
-2.92574, -0.861647, 0.48307, 27
-2.97898, -0.877326, 0.436447, 27
-3.02392, -0.89056, 0.387057, 29
-3.07954, -0.906943, 0.337418, 25
-3.14971, -0.927606, 0.287265, 24
-3.20762, -0.944663, 0.233824, 23
-3.28768, -0.968242, 0.179617, 23
-3.35922, -0.989308, 0.122288, 43
-3.20729, -0.944566, 0.0583608, 40
-3.07348, -0.905158, 0, 41
-2.7081, -0.788313, 0.755752, 32
-2.73898, -0.797304, 0.71125, 35
-2.77294, -0.807187, 0.666755, 29
-2.80623, -0.816878, 0.62124, 27
-2.83506, -0.825271, 0.573953, 25
-2.88207, -0.838955, 0.52928, 28
-2.92843, -0.852451, 0.48307, 28
-2.97792, -0.866856, 0.43589, 28
-3.03051, -0.882166, 0.387545, 29
-3.0862, -0.898376, 0.337836, 25
-3.1526, -0.917706, 0.287265, 25
-3.20674, -0.933466, 0.233545, 24
-3.2792, -0.954559, 0.178989, 22
-3.36231, -0.97875, 0.122288, 40
-3.21024, -0.934485, 0.0583608, 41
-3.07247, -0.89438, 0, 41
-2.71056, -0.779802, 0.755752, 34
-2.74147, -0.788695, 0.71125, 34
-2.77171, -0.797395, 0.665855, 29
-2.80502, -0.806976, 0.620408, 28
-2.83387, -0.815275, 0.57319, 26
-2.88848, -0.830986, 0.529974, 28
-2.9311, -0.843247, 0.48307, 27
-2.97682, -0.856401, 0.435333, 28
-3.02945, -0.871543, 0.387057, 29
-3.08518, -0.887576, 0.337418, 25
-3.14398, -0.904493, 0.286219, 24
-3.20966, -0.923387, 0.233545, 24
-3.27835, -0.943148, 0.17878, 23
-3.36152, -0.967077, 0.122148, 37
-3.21701, -0.925501, 0.0584307, 41
-3.08295, -0.886935, 0, 42
-2.713, -0.771283, 0.755752, 31
-2.74394, -0.780078, 0.71125, 35
-2.77795, -0.789749, 0.666755, 29
-2.80754, -0.79816, 0.620408, 29
-2.84397, -0.808516, 0.574717, 26
-2.89486, -0.822985, 0.530669, 27
-2.93373, -0.834035, 0.48307, 28
-2.9833, -0.848128, 0.43589, 27
-3.02454, -0.85985, 0.386082, 29
-3.08413, -0.876791, 0.337, 26
-3.14681, -0.894611, 0.286219, 25
-3.21254, -0.913299, 0.233545, 24
-3.28898, -0.935029, 0.179198, 23
-3.3607, -0.955419, 0.122009, 32
-3.22375, -0.916484, 0.0585005, 40
-3.08573, -0.877246, 0, 43
-2.71169, -0.761711, 0.754716, 34
-2.74638, -0.771454, 0.71125, 34
-2.77292, -0.77891, 0.664955, 29
-2.8138, -0.790394, 0.62124, 27
-2.84271, -0.798515, 0.573953, 27
-2.88985, -0.811755, 0.52928, 27
-2.93634, -0.824814, 0.48307, 27
-2.97833, -0.836609, 0.434777, 27
-3.03487, -0.852491, 0.387057, 29
-3.08304, -0.866022, 0.336582, 25
-3.1496, -0.884721, 0.286219, 24
-3.21156, -0.902123, 0.233266, 24
-3.28036, -0.921451, 0.17857, 23
-3.36753, -0.945937, 0.122148, 28
-3.22276, -0.90527, 0.0584307, 40
-3.08847, -0.867547, 0, 42
-2.71407, -0.753188, 0.754716, 33
-2.74505, -0.761785, 0.710283, 33
-2.76784, -0.76811, 0.663156, 29
-2.8125, -0.780504, 0.620408, 28
-2.84142, -0.788531, 0.57319, 26
-2.88859, -0.801619, 0.528585, 27
-2.9313, -0.813472, 0.481818, 28
-2.98857, -0.829367, 0.43589, 28
-3.03753, -0.842953, 0.387057, 29
-3.08958, -0.857396, 0.337, 25
-3.15237, -0.874821, 0.286219, 24
-3.21053, -0.890962, 0.232987, 23
-3.28709, -0.912209, 0.17878, 23
-3.37049, -0.935353, 0.122148, 27
-3.22944, -0.89621, 0.0585005, 40
-3.09118, -0.85784, 0, 41
-2.71269, -0.743636, 0.753681, 33
-2.74743, -0.753157, 0.710283, 33
-2.77776, -0.761472, 0.664955, 29
-2.81117, -0.77063, 0.619577, 28
-2.8401, -0.778562, 0.572427, 26
-2.88349, -0.790458, 0.527196, 29
-2.93384, -0.804259, 0.481818, 27
-2.98734, -0.818926, 0.435333, 28
-3.03633, -0.832356, 0.38657, 29
-3.08842, -0.846634, 0.336582, 26
-3.14741, -0.862807, 0.285522, 24
-3.21331, -0.880872, 0.232987, 23
-3.28994, -0.901878, 0.17878, 24
-3.36956, -0.923703, 0.122009, 26
-3.23224, -0.88606, 0.0585005, 40
-3.09386, -0.848125, 0, 41
-2.72248, -0.73713, 0.755752, 34
-2.74229, -0.742493, 0.708347, 33
-2.78014, -0.752741, 0.664955, 28
-2.81735, -0.762818, 0.620408, 29
-2.84253, -0.769636, 0.572427, 26
-2.89737, -0.784483, 0.52928, 27
-2.93254, -0.794006, 0.481192, 28
-2.98608, -0.808502, 0.434777, 27
-3.03893, -0.822813, 0.38657, 28
-3.08722, -0.835887, 0.336164, 26
-3.15011, -0.852915, 0.285522, 24
-3.21221, -0.86973, 0.232708, 25
-3.28505, -0.88945, 0.178361, 23
-3.36858, -0.912068, 0.121869, 24
-3.22729, -0.873811, 0.0583608, 41
-3.10037, -0.839446, 0, 42
-2.71358, -0.725579, 0.752646, 32
-2.7446, -0.733875, 0.708347, 34
-2.77496, -0.74199, 0.663156, 29
-2.81217, -0.751941, 0.618745, 27
-2.84494, -0.760702, 0.572427, 28
-2.8884, -0.772325, 0.527196, 28
-2.93884, -0.78581, 0.481818, 28
-2.98095, -0.797071, 0.433663, 28
-3.03383, -0.811211, 0.385595, 28
-3.08983, -0.826185, 0.336164, 26
-3.15277, -0.843014, 0.285522, 25
-3.21493, -0.859634, 0.232708, 24
-3.28782, -0.879125, 0.178361, 23
-3.36757, -0.900448, 0.121729, 23
-3.24547, -0.8678, 0.0586401, 41
-3.10299, -0.829702, 0, 40
-2.71585, -0.717051, 0.752646, 33
-2.75065, -0.726239, 0.709315, 35
-2.78104, -0.734264, 0.664056, 28
-2.81452, -0.743103, 0.618745, 29
-2.84731, -0.751761, 0.572427, 25
-2.89082, -0.763247, 0.527196, 27
-2.93747, -0.775565, 0.481192, 28
-2.9911, -0.789724, 0.434777, 26
-3.03637, -0.801676, 0.385595, 29
-3.09241, -0.816474, 0.336164, 25
-3.15155, -0.832088, 0.285174, 23
-3.21376, -0.848511, 0.232429, 24
-3.28671, -0.867772, 0.178152, 23
-3.37038, -0.889864, 0.121729, 23
-3.24431, -0.856579, 0.0585703, 41
-3.10558, -0.81995, 0, 41
-2.71809, -0.708515, 0.752646, 33
-2.75292, -0.717594, 0.709315, 35
-2.77956, -0.72454, 0.663156, 30
-2.81684, -0.734257, 0.618745, 28
-2.84206, -0.740831, 0.570901, 26
-2.88939, -0.753168, 0.526501, 28
-2.93989, -0.766332, 0.481192, 29
-2.9859, -0.778325, 0.433663, 28
-3.03887, -0.792133, 0.385595, 28
-3.09496, -0.806754, 0.336164, 25
-3.15801, -0.823188, 0.285522, 25
-3.22027, -0.839417, 0.232708, 23
-3.28942, -0.857442, 0.178152, 23
-3.36929, -0.878263, 0.12159, 23
-3.24699, -0.846383, 0.0585703, 41
-3.10427, -0.80918, 0, 40
-2.7203, -0.699973, 0.752646, 37
-2.74388, -0.706041, 0.706412, 34
-2.7856, -0.716775, 0.664056, 28
-2.81535, -0.724429, 0.617913, 28
-2.84818, -0.732877, 0.571664, 26
-2.89174, -0.744087, 0.526501, 29
-2.93846, -0.756108, 0.480567, 28
-2.99217, -0.769928, 0.43422, 29
-3.03365, -0.780604, 0.38462, 29
-3.09748, -0.797027, 0.336164, 25
-3.15672, -0.81227, 0.285174, 25
-3.21516, -0.827307, 0.23215, 24
-3.2921, -0.847104, 0.178152, 23
-3.36816, -0.866677, 0.12145, 23
-3.25351, -0.837174, 0.0586401, 41
-3.11067, -0.800421, 0, 40
-2.72248, -0.691423, 0.752646, 33
-2.74609, -0.697417, 0.706412, 32
-2.77651, -0.705143, 0.661356, 29
-2.8214, -0.716544, 0.618745, 27
-2.85046, -0.723926, 0.571664, 28
-2.89406, -0.734998, 0.526501, 28
-2.93699, -0.745901, 0.479941, 28
-2.99073, -0.759549, 0.433663, 27
-3.03994, -0.772047, 0.385107, 29
-3.09226, -0.785334, 0.335327, 25
-3.15539, -0.801368, 0.284825, 25
-3.22161, -0.818185, 0.232429, 23
-3.28313, -0.833808, 0.177524, 22
-3.37474, -0.857076, 0.12159, 23
-3.25612, -0.826949, 0.0586401, 40
-3.11317, -0.790644, 0, 41
-2.7209, -0.681927, 0.751611, 32
-2.7445, -0.687843, 0.705444, 32
-2.77871, -0.696416, 0.661356, 29
-2.80846, -0.703872, 0.615419, 29
-2.84511, -0.713058, 0.570137, 26
-2.89254, -0.724945, 0.525807, 27
-2.94315, -0.737631, 0.480567, 29
-2.98926, -0.749187, 0.433107, 27
-3.0385, -0.761527, 0.38462, 29
-3.09471, -0.775615, 0.335327, 26
-3.1579, -0.791451, 0.284825, 24
-3.21642, -0.80612, 0.231871, 23
-3.2896, -0.82446, 0.177733, 23
-3.36966, -0.844526, 0.121311, 24
-3.26258, -0.817688, 0.0587099, 41
-3.11952, -0.781833, 0, 41
-2.72302, -0.673378, 0.751611, 34
-2.75041, -0.680151, 0.706412, 33
-2.78088, -0.687685, 0.661356, 29
-2.82205, -0.697865, 0.617913, 28
-2.84733, -0.704118, 0.570137, 25
-2.8948, -0.715856, 0.525807, 27
-2.94545, -0.728383, 0.480567, 27
-2.98775, -0.738843, 0.43255, 27
-3.04473, -0.752933, 0.385107, 28
-3.09713, -0.765891, 0.335327, 26
-3.1565, -0.780572, 0.284476, 25
-3.22281, -0.796971, 0.23215, 23
-3.29218, -0.814124, 0.177733, 23
-3.3723, -0.833938, 0.121311, 23
-3.26513, -0.807436, 0.0587099, 40
-3.11808, -0.77107, 0, 41
-2.72513, -0.664818, 0.751611, 32
-2.74877, -0.670585, 0.705444, 33
-2.78681, -0.679867, 0.662256, 29
-2.81662, -0.68714, 0.61625, 29
-2.84953, -0.695168, 0.570137, 25
-2.89703, -0.706756, 0.525807, 29
-2.94389, -0.718187, 0.479941, 28
-2.99006, -0.729451, 0.43255, 27
-3.03937, -0.74148, 0.384132, 29
-3.09952, -0.756156, 0.335327, 25
-3.16281, -0.771594, 0.284825, 25
-3.22143, -0.785895, 0.231871, 24
-3.28696, -0.801882, 0.177314, 23
-3.3749, -0.823337, 0.121311, 23
-3.27154, -0.79812, 0.0587797, 40
-3.13214, -0.764113, 0, 40
-2.71969, -0.654446, 0.74954, 33
-2.75463, -0.662855, 0.706412, 35
-2.78136, -0.669285, 0.660456, 30
-2.82257, -0.679203, 0.617082, 28
-2.84788, -0.685294, 0.569374, 26
-2.89924, -0.697652, 0.525807, 28
-2.93845, -0.707087, 0.478689, 29
-2.98849, -0.719127, 0.431993, 29
-3.04554, -0.732857, 0.38462, 29
-3.09415, -0.744553, 0.334491, 26
-3.15359, -0.758857, 0.283779, 24
-3.22388, -0.77577, 0.231871, 23
-3.28946, -0.791551, 0.177314, 22
-3.38136, -0.813666, 0.12145, 22
-3.27014, -0.786903, 0.0587099, 42
-3.13064, -0.753333, 0, 41
-2.72925, -0.647683, 0.751611, 34
-2.74915, -0.652405, 0.704477, 34
-2.79103, -0.662344, 0.662256, 29
-2.82089, -0.669429, 0.61625, 28
-2.85002, -0.676343, 0.569374, 27
-2.89758, -0.68763, 0.525112, 29
-2.9445, -0.698764, 0.479315, 28
-2.99459, -0.71065, 0.43255, 27
-3.0401, -0.721452, 0.383645, 30
-3.10034, -0.735747, 0.334909, 25
-3.16371, -0.750786, 0.284476, 25
-3.2263, -0.765638, 0.231871, 24
-3.29193, -0.781213, 0.177314, 22
-3.38001, -0.802116, 0.121311, 23
-3.27649, -0.777549, 0.0587797, 41
-3.13688, -0.744418, 0, 41
-2.72375, -0.637347, 0.74954, 36
-2.76252, -0.64642, 0.70738, 35
-2.78171, -0.65091, 0.659557, 30
-2.81916, -0.659674, 0.615419, 28
-2.85596, -0.668283, 0.570137, 27
-2.89973, -0.678526, 0.525112, 28
-2.94283, -0.688612, 0.478689, 28
-2.99295, -0.700338, 0.431993, 28
-3.04235, -0.7119, 0.383645, 30
-3.10264, -0.726006, 0.334909, 25
-3.15442, -0.738122, 0.28343, 25
-3.22092, -0.753683, 0.231312, 24
-3.29826, -0.77178, 0.177524, 23
-3.37862, -0.790585, 0.121171, 23
-3.27892, -0.767254, 0.0587797, 41
-3.13141, -0.732739, 0, 40
-2.72574, -0.628785, 0.74954, 32
-2.75319, -0.635119, 0.704477, 35
-2.79134, -0.643918, 0.661356, 29
-2.82122, -0.650812, 0.615419, 29
-2.85422, -0.658423, 0.569374, 27
-2.90185, -0.669411, 0.525112, 28
-2.94498, -0.679361, 0.478689, 28
-2.99513, -0.69093, 0.431993, 28
-3.04844, -0.703229, 0.384132, 30
-3.10103, -0.715359, 0.334491, 26
-3.15672, -0.728206, 0.28343, 23
-3.22327, -0.743558, 0.231312, 23
-3.29288, -0.759616, 0.177105, 22
-3.38109, -0.779964, 0.121171, 23
-3.28521, -0.757846, 0.0588495, 40
-3.1415, -0.724694, 0, 40
-2.7277, -0.620218, 0.74954, 32
-2.75518, -0.626466, 0.704477, 33
-2.78955, -0.634282, 0.660456, 29
-2.82325, -0.641946, 0.615419, 29
-2.85627, -0.649453, 0.569374, 29
-2.90394, -0.660291, 0.525112, 28
-2.94325, -0.66923, 0.478064, 29
-2.99342, -0.680639, 0.431437, 28
-3.04677, -0.692768, 0.383645, 29
-3.09938, -0.704731, 0.334073, 25
-3.16676, -0.720052, 0.284128, 24
-3.22948, -0.734313, 0.231591, 23
-3.29136, -0.748382, 0.176896, 23
-3.37962, -0.768452, 0.121031, 23
-3.28757, -0.747522, 0.0588495, 41
-3.14766, -0.715708, 0, 41
-2.72963, -0.611646, 0.74954, 32
-2.76092, -0.618656, 0.705444, 33
-2.79153, -0.625515, 0.660456, 28
-2.82908, -0.633929, 0.61625, 28
-2.85063, -0.638759, 0.567848, 27
-2.90215, -0.650304, 0.524418, 28
-2.94534, -0.659981, 0.478064, 28
-2.99941, -0.672098, 0.431993, 28
-3.04893, -0.683193, 0.383645, 30
-3.10546, -0.69586, 0.334491, 25
-3.16901, -0.7101, 0.284128, 24
-3.22398, -0.722419, 0.231033, 24
-3.29759, -0.738912, 0.177105, 22
-3.37812, -0.756957, 0.120892, 22
-3.2899, -0.73719, 0.0588495, 41
-3.14599, -0.704941, 0, 41
-2.73154, -0.603069, 0.74954, 32
-2.75148, -0.607471, 0.702541, 33
-2.78967, -0.615904, 0.659557, 30
-2.81959, -0.622509, 0.613755, 29
-2.85263, -0.629803, 0.567848, 29
-2.90418, -0.641185, 0.524418, 28
-2.9474, -0.650726, 0.478064, 26
-3.00151, -0.662673, 0.431993, 28
-3.04718, -0.672757, 0.383157, 29
-3.10763, -0.686103, 0.334491, 26
-3.17123, -0.700143, 0.284128, 26
-3.22624, -0.712289, 0.231033, 23
-3.29989, -0.728551, 0.177105, 23
-3.38438, -0.747204, 0.121031, 23
-3.2883, -0.725991, 0.0587797, 41
-3.14819, -0.695056, 0, 40
-2.73342, -0.594483, 0.74954, 37
-2.75337, -0.598822, 0.702541, 33
-2.79159, -0.607135, 0.659557, 29
-2.82153, -0.613646, 0.613755, 29
-2.85459, -0.620836, 0.567848, 27
-2.90233, -0.631219, 0.523723, 29
-2.94171, -0.639782, 0.476812, 29
-2.99971, -0.652397, 0.431437, 28
-3.04928, -0.663179, 0.383157, 29
-3.10589, -0.675489, 0.334073, 26
-3.16562, -0.688481, 0.28343, 24
-3.23236, -0.702996, 0.231312, 23
-3.29826, -0.717329, 0.176896, 23
-3.38672, -0.736566, 0.121031, 23
-3.30229, -0.718204, 0.0589891, 41
-3.15817, -0.686861, 0, 41
-2.73528, -0.585893, 0.74954, 33
-2.75524, -0.590169, 0.702541, 32
-2.79349, -0.598362, 0.659557, 29
-2.82345, -0.604779, 0.613755, 29
-2.86037, -0.612687, 0.568611, 28
-2.9043, -0.622098, 0.523723, 28
-2.94756, -0.631365, 0.477438, 28
-3.00174, -0.64297, 0.431437, 29
-3.05135, -0.653596, 0.383157, 29
-3.10799, -0.665729, 0.334073, 26
-3.16387, -0.677698, 0.283082, 24
-3.22675, -0.691166, 0.230754, 24
-3.3005, -0.706964, 0.176896, 22
-3.3812, -0.724248, 0.120752, 23
-3.30062, -0.706988, 0.0589193, 41
-3.1564, -0.676098, 0, 40
-2.72954, -0.575702, 0.747469, 33
-2.75708, -0.581511, 0.702541, 33
-2.79535, -0.589583, 0.659557, 29
-2.82533, -0.595906, 0.613755, 27
-2.85459, -0.602077, 0.567084, 27
-2.90624, -0.612971, 0.523723, 28
-2.94953, -0.622102, 0.477438, 28
-3.00375, -0.633536, 0.431437, 28
-3.05339, -0.644006, 0.383157, 28
-3.11007, -0.655961, 0.334073, 25
-3.16209, -0.666933, 0.282733, 24
-3.2289, -0.681025, 0.230754, 24
-3.30661, -0.697416, 0.177105, 23
-3.38737, -0.714447, 0.120892, 23
-3.29891, -0.69579, 0.0588495, 42
-3.1546, -0.665353, 0, 39
-2.73512, -0.567912, 0.748505, 36
-2.75889, -0.572848, 0.702541, 33
-2.79719, -0.5808, 0.659557, 30
-2.82719, -0.587029, 0.613755, 27
-2.85647, -0.593108, 0.567084, 28
-2.90429, -0.603039, 0.523028, 29
-2.95147, -0.612835, 0.477438, 28
-3.00184, -0.623293, 0.43088, 28
-3.0554, -0.634413, 0.383157, 29
-3.10043, -0.643763, 0.332819, 26
-3.16807, -0.657808, 0.283082, 24
-3.23103, -0.67088, 0.230754, 23
-3.30488, -0.686215, 0.176896, 23
-3.38568, -0.702992, 0.120752, 23
-3.30499, -0.686238, 0.0589193, 42
-3.16059, -0.656254, 0, 40
-2.73311, -0.558541, 0.747469, 31
-2.75688, -0.563399, 0.701574, 31
-2.79137, -0.570447, 0.657757, 28
-2.82902, -0.578142, 0.613755, 28
-2.86217, -0.584916, 0.567848, 27
-2.90618, -0.59391, 0.523028, 26
-2.94951, -0.602766, 0.476812, 27
-2.99991, -0.613065, 0.430323, 28
-3.05737, -0.624809, 0.383157, 29
-3.10633, -0.634814, 0.333237, 26
-3.16622, -0.647052, 0.282733, 23
-3.23312, -0.660724, 0.230754, 23
-3.3031, -0.675026, 0.176686, 23
-3.38787, -0.69235, 0.120752, 23
-3.31497, -0.677451, 0.0590589, 42
-3.17047, -0.647922, 0, 41
-2.73106, -0.54919, 0.746434, 32
-2.75863, -0.554735, 0.701574, 34
-2.80079, -0.563212, 0.659557, 29
-2.82699, -0.56848, 0.612924, 28
-2.86784, -0.576695, 0.568611, 26
-2.90416, -0.584, 0.522334, 29
-2.94752, -0.592718, 0.476186, 29
-3.00958, -0.605199, 0.431437, 29
-3.05154, -0.613635, 0.382182, 30
-3.10831, -0.625052, 0.333237, 26
-3.17214, -0.637887, 0.283082, 25
-3.22736, -0.648991, 0.230196, 24
-3.30912, -0.665434, 0.176896, 23
-3.38611, -0.680915, 0.120613, 23
-3.31316, -0.666245, 0.0589891, 41
-3.16857, -0.63717, 0, 40
-2.73656, -0.541357, 0.747469, 36
-2.75656, -0.545313, 0.700606, 33
-2.79872, -0.553654, 0.658657, 30
-2.82876, -0.559596, 0.612924, 30
-2.85808, -0.565397, 0.566321, 25
-2.90985, -0.575638, 0.523028, 29
-2.94937, -0.583455, 0.476186, 28
-3.00758, -0.594972, 0.43088, 28
-3.05345, -0.604046, 0.382182, 29
-3.11416, -0.616056, 0.333655, 26
-3.17022, -0.627145, 0.282733, 24
-3.22938, -0.638848, 0.230196, 24
-3.30728, -0.654259, 0.176686, 22
-3.38823, -0.670274, 0.120613, 22
-3.31916, -0.65661, 0.0590589, 42
-3.17448, -0.627988, 0, 39
-2.73446, -0.53202, 0.746434, 36
-2.76968, -0.538874, 0.703509, 33
-2.79279, -0.54337, 0.656857, 27
-2.8305, -0.550707, 0.612924, 29
-2.85984, -0.556415, 0.566321, 26
-2.91164, -0.566494, 0.523028, 28
-2.95894, -0.575696, 0.477438, 29
-3.00166, -0.584008, 0.429767, 28
-3.05533, -0.59445, 0.382182, 29
-3.11218, -0.60551, 0.333237, 27
-3.17608, -0.617944, 0.283082, 24
-3.2392, -0.630224, 0.230754, 24
-3.30148, -0.64234, 0.176268, 22
-3.39032, -0.659626, 0.120613, 23
-3.32121, -0.646179, 0.0590589, 40
-3.17644, -0.618012, 0, 39
-2.73232, -0.5227, 0.745399, 36
-2.76374, -0.528712, 0.701574, 33
-2.79831, -0.535326, 0.657757, 30
-2.82838, -0.541077, 0.612092, 29
-2.86543, -0.548166, 0.567084, 28
-2.90567, -0.555863, 0.521639, 28
-2.95685, -0.565655, 0.476812, 29
-3.01126, -0.576063, 0.43088, 29
-3.04939, -0.583357, 0.381207, 29
-3.11797, -0.596477, 0.333655, 27
-3.16627, -0.605716, 0.282036, 24
-3.23725, -0.619295, 0.230475, 23
-3.3074, -0.632716, 0.176477, 23
-3.38845, -0.648221, 0.120473, 23
-3.32715, -0.636493, 0.0591288, 41
-3.17836, -0.60803, 0, 39
-2.73774, -0.514828, 0.746434, 35
-2.76539, -0.520026, 0.701574, 33
-2.79615, -0.525811, 0.656857, 29
-2.83006, -0.532188, 0.612092, 30
-2.86328, -0.538436, 0.566321, 26
-2.91515, -0.548188, 0.523028, 28
-2.95862, -0.556363, 0.476812, 28
-3.00527, -0.565136, 0.429767, 28
-3.05511, -0.574508, 0.381695, 29
-3.11201, -0.585209, 0.332819, 25
-3.17599, -0.597239, 0.282733, 24
-3.23526, -0.608384, 0.230196, 23
-3.30937, -0.622322, 0.176477, 23
-3.39047, -0.637572, 0.120473, 23
-3.32913, -0.626038, 0.0591288, 41
-3.18812, -0.599521, 0, 40
-2.73935, -0.506225, 0.746434, 33
-2.76701, -0.511336, 0.701574, 32
-2.79396, -0.516316, 0.655957, 28
-2.83557, -0.524006, 0.612924, 28
-2.8611, -0.528724, 0.565558, 26
-2.90911, -0.537596, 0.521639, 29
-2.96035, -0.547065, 0.476812, 29
-3.00314, -0.554973, 0.42921, 28
-3.0569, -0.564907, 0.381695, 30
-3.11775, -0.576152, 0.333237, 26
-3.17785, -0.587259, 0.282733, 26
-3.24107, -0.598943, 0.230475, 23
-3.30738, -0.611196, 0.176268, 23
-3.38853, -0.626191, 0.120333, 23
-3.33108, -0.615576, 0.0591288, 42
-3.18212, -0.588048, 0, 39
-2.74093, -0.497616, 0.746434, 31
-2.7686, -0.502641, 0.701574, 32
-2.7994, -0.508232, 0.656857, 30
-2.8295, -0.513697, 0.61126, 30
-2.86661, -0.520434, 0.566321, 25
-2.91466, -0.529157, 0.522334, 27
-2.95817, -0.537057, 0.476186, 29
-3.00876, -0.546243, 0.429767, 28
-3.05475, -0.554591, 0.381207, 30
-3.11954, -0.566354, 0.333237, 26
-3.16792, -0.575137, 0.281687, 23
-3.24294, -0.588757, 0.230475, 23
-3.30929, -0.600803, 0.176268, 23
-3.39441, -0.616257, 0.120473, 24
-3.333, -0.605108, 0.0591288, 41
-3.19182, -0.579477, 0, 39
-2.74628, -0.489681, 0.747469, 33
-2.76634, -0.493259, 0.700606, 31
-2.79331, -0.498067, 0.655057, 29
-2.8388, -0.506179, 0.612924, 29
-2.86437, -0.510737, 0.565558, 27
-2.91243, -0.519307, 0.521639, 29
-2.95984, -0.527761, 0.476186, 27
-3.00657, -0.536092, 0.42921, 29
-3.06038, -0.545689, 0.381695, 29
-3.11347, -0.555155, 0.332401, 25
-3.1854, -0.56798, 0.283082, 26
-3.24085, -0.577866, 0.230196, 23
-3.31116, -0.590404, 0.176268, 22
-3.4042, -0.606993, 0.120752, 22
-3.33882, -0.595336, 0.0591986, 42
-3.18575, -0.568043, 0, 32
-2.744, -0.480385, 0.746434, 33
-2.76788, -0.484566, 0.700606, 30
-2.79486, -0.489289, 0.655057, 29
-2.83267, -0.495909, 0.61126, 29
-2.86596, -0.501736, 0.565558, 27
-2.91404, -0.510154, 0.521639, 29
-2.96148, -0.51846, 0.476186, 28
-3.01214, -0.527327, 0.429767, 29
-3.05817, -0.535387, 0.381207, 30
-3.1152, -0.545371, 0.332401, 25
-3.17932, -0.556595, 0.282385, 24
-3.24265, -0.567682, 0.230196, 23
-3.313, -0.579998, 0.176268, 23
-3.39428, -0.594228, 0.120333, 23
-3.33674, -0.584154, 0.0591288, 41
-3.18752, -0.558032, 0, 21
-2.73407, -0.469799, 0.743328, 32
-2.76556, -0.475211, 0.699638, 32
-2.79638, -0.480506, 0.655057, 31
-2.83422, -0.487008, 0.61126, 29
-2.86365, -0.492065, 0.564795, 26
-2.91951, -0.501664, 0.522334, 27
-2.9592, -0.508484, 0.475561, 29
-3.00988, -0.517191, 0.42921, 28
-3.06375, -0.526449, 0.381695, 30
-3.1169, -0.535581, 0.332401, 26
-3.18105, -0.546604, 0.282385, 24
-3.24441, -0.557492, 0.230196, 24
-3.31087, -0.568911, 0.176058, 23
-3.40007, -0.584238, 0.120473, 23
-3.3425, -0.574346, 0.0591986, 22
-3.13407, -0.538531, 0, 2
-2.73934, -0.46185, 0.744364, 31
-2.76704, -0.46652, 0.699638, 31
-2.80172, -0.472367, 0.655957, 29
-2.83187, -0.477451, 0.610429, 29
-2.86905, -0.483719, 0.565558, 25
-2.91719, -0.491835, 0.521639, 28
-2.96079, -0.499185, 0.475561, 29
-3.01149, -0.507733, 0.42921, 29
-3.05756, -0.515501, 0.38072, 30
-3.12249, -0.526448, 0.332819, 26
-3.17096, -0.534621, 0.281339, 24
-3.24221, -0.546633, 0.229917, 24
-3.31264, -0.558507, 0.176058, 24
-3.39794, -0.572889, 0.120333, 24
-3.3364, -0.562513, 0.0590589, 5
-3.06869, -0.517378, 0, 1
-2.74459, -0.453874, 0.745399, 32
-2.76467, -0.457194, 0.69867, 31
-2.79935, -0.462929, 0.655057, 32
-2.83722, -0.469192, 0.61126, 29
-2.87056, -0.474705, 0.565558, 28
-2.92649, -0.483955, 0.523028, 28
-2.96234, -0.489883, 0.475561, 29
-3.00916, -0.497625, 0.428653, 28
-3.05917, -0.505895, 0.38072, 30
-3.11628, -0.51534, 0.331982, 25
-3.18049, -0.525959, 0.282036, 25
-3.23998, -0.535796, 0.229638, 25
-3.31043, -0.547448, 0.175849, 23
-3.36817, -0.556996, 0.119217, 5
0, 0, 0, 0
-3.06241, -0.506431, 0, 1
-2.73456, -0.443392, 0.742293, 30
-2.77758, -0.450368, 0.701574, 33
-2.80463, -0.454754, 0.655957, 28
-2.83868, -0.460274, 0.61126, 30
-2.86816, -0.465054, 0.564795, 27
-2.92022, -0.473496, 0.521639, 30
-2.96776, -0.481205, 0.476186, 28
-3.01071, -0.488167, 0.428653, 28
-3.06074, -0.49628, 0.38072, 30
-3.12181, -0.506182, 0.332401, 25
-3.18213, -0.515962, 0.282036, 25
-3.24558, -0.526251, 0.229917, 23
-3.31608, -0.537682, 0.176058, 13
-3.39358, -0.550249, 0.120054, 5
-3.09115, -0.501211, 0.0546609, 1
0, 0, 0, 0
-2.74357, -0.436012, 0.744364, 33
-2.77132, -0.440421, 0.699638, 33
-2.8022, -0.445329, 0.655057, 30
-2.83625, -0.45074, 0.610429, 30
-2.86961, -0.456041, 0.564795, 27
-2.91781, -0.463701, 0.520945, 28
-2.96146, -0.470638, 0.474935, 28
-3.01614, -0.479328, 0.42921, 27
-3.07013, -0.487908, 0.381695, 30
-3.12338, -0.496372, 0.332401, 26
-3.1798, -0.505337, 0.281687, 23
-3.25116, -0.516679, 0.230196, 23
-3.30592, -0.525381, 0.17543, 13
-3.22948, -0.513233, 0.114191, 0
-3.06111, -0.486476, 0.0541025, 1
0, 0, 0, 0
-2.74875, -0.427985, 0.745399, 33
-2.76885, -0.431116, 0.69867, 34
-2.80744, -0.437123, 0.655957, 30
-2.84152, -0.44243, 0.61126, 29
-2.8749, -0.447628, 0.565558, 26
-2.91536, -0.453927, 0.52025, 29
-2.96292, -0.461332, 0.474935, 29
-3.01371, -0.469241, 0.428653, 29
-3.0638, -0.477039, 0.38072, 29
-3.12886, -0.487169, 0.332819, 26
-3.17743, -0.494732, 0.281339, 21
-3.24883, -0.505848, 0.229917, 17
-3.14178, -0.489181, 0.166638, 9
-3.06518, -0.477254, 0.108328, 0
-3.03892, -0.473165, 0.0536836, 1
0, 0, 0, 0
-2.74244, -0.418185, 0.743328, 30
-2.77403, -0.423002, 0.699638, 35
-2.8088, -0.428303, 0.655957, 28
-2.83902, -0.432913, 0.610429, 28
-2.8763, -0.438596, 0.565558, 28
-2.92066, -0.445361, 0.520945, 28
-2.96436, -0.452024, 0.474935, 30
-3.01909, -0.46037, 0.42921, 29
-3.06921, -0.468012, 0.381207, 30
-3.12251, -0.47614, 0.331982, 25
-3.17503, -0.484149, 0.28099, 16
-3.15967, -0.481807, 0.2235, 14
-3.11961, -0.475698, 0.165382, 1
-3.08247, -0.470034, 0.108886, 0
-3.02853, -0.461809, 0.0534742, 1
0, 0, 0, 0
-2.74374, -0.409565, 0.743328, 36
-2.77534, -0.414283, 0.699638, 38
-2.80242, -0.418324, 0.654158, 30
-2.84424, -0.424567, 0.61126, 30
-2.87378, -0.428976, 0.564795, 27
-2.91815, -0.4356, 0.52025, 29
-2.96576, -0.442707, 0.474935, 30
-3.0166, -0.450296, 0.428653, 30
-3.06281, -0.457193, 0.380232, 31
-3.12005, -0.465738, 0.331564, 19
-3.1253, -0.466522, 0.276458, 8
-3.12565, -0.466574, 0.220988, 2
-3.09343, -0.461765, 0.163916, 0
-3.06416, -0.457395, 0.108188, 0
0, 0, 0, 0
0, 0, 0, 0
-2.74884, -0.401502, 0.744364, 38
-2.77279, -0.405001, 0.69867, 44
-2.80372, -0.409518, 0.654158, 30
-2.83782, -0.414499, 0.609597, 29
-2.87511, -0.419946, 0.564795, 27
-2.9273, -0.427569, 0.521639, 29
-2.96323, -0.432817, 0.474309, 29
-3.02192, -0.441389, 0.42921, 29
-3.06816, -0.448143, 0.38072, 30
-3.1215, -0.455934, 0.331564, 16
-3.06761, -0.448062, 0.271229, 3
-3.11526, -0.455022, 0.220151, 8
-3.09487, -0.452044, 0.163916, 0
-3.05372, -0.446033, 0.10777, 1
0, 0, 0, 0
0, 0, 0, 0
-2.75008, -0.392864, 0.744364, 37
-2.77405, -0.396288, 0.69867, 53
-2.80499, -0.400708, 0.654158, 30
-2.84298, -0.406135, 0.610429, 28
-2.87253, -0.410356, 0.564031, 26
-2.92083, -0.417256, 0.52025, 29
-2.96457, -0.423505, 0.474309, 29
-3.01545, -0.430773, 0.428096, 30
-3.06955, -0.438502, 0.38072, 17
-3.10717, -0.443875, 0.329892, 4
-3.04928, -0.435605, 0.269486, 1
-3.09297, -0.441847, 0.218477, 0
-3.10418, -0.443449, 0.164335, 0
-3.05115, -0.435872, 0.10763, 1
0, 0, 0, 0
0, 0, 0, 0
-2.7513, -0.384224, 0.744364, 37
-2.76759, -0.386499, 0.696735, 69
-2.8101, -0.392435, 0.655057, 29
-2.83649, -0.396121, 0.608765, 30
-2.8738, -0.401331, 0.564031, 27
-2.92213, -0.40808, 0.52025, 29
-2.96589, -0.414192, 0.474309, 29
-3.02071, -0.421848, 0.428653, 29
-3.06698, -0.428309, 0.380232, 16
-2.98247, -0.416507, 0.316512, 0
-3.05063, -0.426026, 0.269486, 1
-3.1062, -0.433786, 0.219314, 1
-3.06204, -0.42762, 0.162032, 0
-3.03666, -0.424075, 0.107072, 1
-2.93507, -0.409887, 0.0517289, 1
0, 0, 0, 0
-2.74867, -0.375055, 0.743328, 39
-2.76495, -0.377276, 0.695767, 70
-2.80745, -0.383076, 0.654158, 30
-2.84547, -0.388264, 0.610429, 30
-2.87505, -0.392299, 0.564031, 27
-2.92339, -0.398896, 0.52025, 29
-2.96718, -0.40487, 0.474309, 29
-3.0181, -0.411818, 0.428096, 29
-2.9857, -0.407398, 0.369995, 1
-2.98376, -0.407133, 0.316512, 0
-3.04406, -0.41536, 0.268788, 0
-3.09173, -0.421865, 0.218198, 0
-3.07524, -0.419616, 0.16266, 1
-3.04986, -0.416153, 0.10749, 0
-2.91256, -0.397418, 0.0513101, 1
0, 0, 0, 0
-2.74983, -0.366418, 0.743328, 45
-2.76612, -0.368588, 0.695767, 70
-2.81251, -0.374769, 0.655057, 30
-2.8428, -0.378806, 0.609597, 30
-2.87237, -0.382746, 0.563268, 27
-2.92854, -0.39023, 0.520945, 29
-2.96843, -0.395546, 0.474309, 29
-3.0233, -0.402858, 0.428653, 30
-2.88071, -0.383857, 0.356833, 0
-2.91011, -0.387774, 0.308568, 0
-3.0493, -0.406321, 0.269137, 0
-3.06535, -0.408461, 0.216245, 0
-3.08843, -0.411535, 0.163288, 0
-3.04719, -0.406041, 0.107351, 0
-2.77901, -0.370305, 0.0489365, 0
0, 0, 0, 0
-2.74714, -0.357279, 0.742293, 47
-2.77111, -0.360397, 0.696735, 70
-2.80594, -0.364926, 0.653258, 31
-2.84786, -0.370378, 0.610429, 30
-2.87746, -0.374227, 0.564031, 28
-2.92194, -0.380012, 0.519555, 28
-2.96966, -0.386219, 0.474309, 30
-3.02063, -0.392847, 0.428096, 27
-2.85828, -0.371733, 0.353909, 0
0, 0, 0, 0
-3.01895, -0.392628, 0.266348, 0
-3.07058, -0.399344, 0.216524, 0
-3.08178, -0.4008, 0.162869, 0
-3.00088, -0.390279, 0.105676, 0
-2.77223, -0.360541, 0.0487969, 0
0, 0, 0, 0
-2.74442, -0.348162, 0.741258, 54
-2.77223, -0.351691, 0.696735, 69
-2.81481, -0.357092, 0.655057, 31
-2.84513, -0.360938, 0.609597, 30
-2.87862, -0.365187, 0.564031, 28
-2.92702, -0.371328, 0.52025, 28
-2.97086, -0.376889, 0.474309, 30
-3.02184, -0.383357, 0.428096, 18
-2.80823, -0.356258, 0.347571, 0
0, 0, 0, 0
-3.00435, -0.381138, 0.264953, 0
-3.04807, -0.386684, 0.21485, 1
-3.06717, -0.389108, 0.162032, 0
0, 0, 0, 0
0, 0, 0, 0
0, 0, 0, 0
-2.74933, -0.340011, 0.742293, 60
-2.76947, -0.342502, 0.695767, 70
-2.81591, -0.348245, 0.655057, 30
-2.84236, -0.351516, 0.608765, 29
-2.87196, -0.355176, 0.562505, 26
-2.92818, -0.362129, 0.52025, 28
-2.97203, -0.367552, 0.474309, 29
-3.01124, -0.372402, 0.426426, 10
-2.79358, -0.345483, 0.345621, 0
0, 0, 0, 0
-3.00949, -0.372185, 0.265302, 0
-3.04927, -0.377104, 0.21485, 1
0, 0, 0, 0
-2.98344, -0.368963, 0.104978, 0
0, 0, 0, 0
-2.60813, -0.322549, 0, 0
-2.75039, -0.331372, 0.742293, 61
-2.77053, -0.3338, 0.695767, 68
-2.81699, -0.339397, 0.655057, 29
-2.85122, -0.343521, 0.610429, 29
-2.87696, -0.346622, 0.563268, 26
-2.9293, -0.352928, 0.52025, 30
-2.96925, -0.357741, 0.473684, 30
-2.72925, -0.328825, 0.386345, 1
0, 0, 0, 0
0, 0, 0, 0
-2.98691, -0.359869, 0.26321, 0
-3.04648, -0.367046, 0.214571, 1
-3.018, -0.363615, 0.159311, 0
0, 0, 0, 0
0, 0, 0, 0
-2.57339, -0.310047, 0, 0
-2.74758, -0.32228, 0.741258, 62
-2.77157, -0.325094, 0.695767, 69
-2.81805, -0.330546, 0.655057, 30
-2.84452, -0.33365, 0.608765, 28
-2.88193, -0.338039, 0.564031, 28
-2.93039, -0.343724, 0.52025, 28
-2.97036, -0.348411, 0.473684, 30
-2.73027, -0.320249, 0.386345, 1
0, 0, 0, 0
0, 0, 0, 0
-2.99594, -0.351412, 0.263908, 0
-3.03969, -0.356543, 0.214013, 0
-3.0112, -0.353201, 0.158892, 0
0, 0, 0, 0
0, 0, 0, 0
-2.54654, -0.298699, 0, 0
-2.74857, -0.313646, 0.741258, 63
-2.77258, -0.316385, 0.695767, 69
-2.8152, -0.321249, 0.654158, 30
-2.85332, -0.3256, 0.610429, 28
-2.87518, -0.328093, 0.562505, 26
-2.93146, -0.334516, 0.52025, 29
-2.97144, -0.339078, 0.473684, 29
-2.70371, -0.308527, 0.382448, 1
-2.56792, -0.293032, 0.317348, 0
-2.80623, -0.320226, 0.296861, 0
-2.95348, -0.337028, 0.260073, 0
-3.03286, -0.346087, 0.213455, 0
-2.98848, -0.341022, 0.157636, 1
0, 0, 0, 0
0, 0, 0, 0
0, 0, 0, 0
-2.74571, -0.304584, 0.740222, 63
-2.77741, -0.308102, 0.696735, 69
-2.81232, -0.311974, 0.653258, 30
-2.85433, -0.316634, 0.610429, 30
-2.8801, -0.319492, 0.563268, 26
-2.92467, -0.324436, 0.518861, 28
-2.96856, -0.329305, 0.473058, 30
-2.66923, -0.296101, 0.377437, 0
0, 0, 0, 0
0, 0, 0, 0
-2.95848, -0.328188, 0.260421, 0
-3.02204, -0.335238, 0.212618, 0
-2.99747, -0.332513, 0.158055, 1
-2.8607, -0.31734, 0.100511, 0
0, 0, 0, 0
0, 0, 0, 0
-2.74665, -0.295957, 0.740222, 63
-2.77837, -0.299375, 0.696735, 69
-2.81329, -0.303137, 0.653258, 30
-2.85531, -0.307665, 0.610429, 29
-2.88109, -0.310442, 0.563268, 26
-2.93742, -0.316513, 0.520945, 29
-2.97744, -0.320824, 0.474309, 29
-2.65834, -0.286441, 0.375767, 1
-2.53419, -0.273064, 0.31296, 0
0, 0, 0, 0
0, 0, 0, 0
0, 0, 0, 0
-3.00248, -0.323522, 0.158264, 1
0, 0, 0, 0
-2.5409, -0.273787, 0.0446084, 0
-2.4697, -0.266115, 0, 0
-2.74757, -0.287326, 0.740222, 62
-2.7793, -0.290645, 0.696735, 62
-2.82198, -0.295108, 0.655057, 30
-2.85627, -0.298694, 0.610429, 28
-2.88595, -0.301798, 0.564031, 27
-2.92665, -0.306054, 0.518861, 29
-2.97843, -0.311469, 0.474309, 29
-2.65134, -0.277264, 0.374654, 1
-2.4837, -0.259733, 0.306623, 1
-2.43721, -0.254871, 0.257558, 0
0, 0, 0, 0
-3.00424, -0.314168, 0.211223, 0
0, 0, 0, 0
0, 0, 0, 0
-2.44231, -0.255404, 0.0428631, 1
0, 0, 0, 0
-2.75614, -0.279473, 0.742293, 66
-2.77633, -0.28152, 0.695767, 50
-2.82289, -0.286241, 0.655057, 34
-2.85719, -0.289719, 0.610429, 30
-2.88298, -0.292334, 0.563268, 26
-2.93543, -0.297653, 0.52025, 29
-2.97546, -0.301712, 0.473684, 30
-2.62462, -0.266136, 0.370757, 1
-2.46081, -0.249526, 0.303698, 1
-2.39051, -0.242397, 0.252541, 0
-2.38263, -0.241599, 0.209522, 0
0, 0, 0, 0
0, 0, 0, 0
0, 0, 0, 0
-2.43912, -0.247327, 0.0427933, 5
0, 0, 0, 0
-2.75701, -0.270813, 0.742293, 56
-2.78493, -0.273556, 0.697703, 38
-2.8199, -0.27699, 0.654158, 34
-2.85419, -0.280359, 0.609597, 30
-2.88779, -0.283659, 0.564031, 26
-2.93635, -0.288429, 0.52025, 28
-2.98033, -0.292749, 0.474309, 30
-2.63332, -0.258664, 0.371871, 1
-2.44182, -0.239853, 0.301261, 0
-2.39126, -0.234886, 0.252541, 1
-2.33976, -0.229828, 0.205688, 1
-2.29929, -0.225853, 0.161556, 0
-2.28187, -0.224142, 0.120163, 0
-2.3035, -0.226266, 0.0808272, 0
-2.39212, -0.234971, 0.0419556, 1
0, 0, 0, 0
-2.75784, -0.26215, 0.742293, 38
-2.78191, -0.264438, 0.696735, 37
-2.81299, -0.267392, 0.652358, 28
-2.85506, -0.271391, 0.609597, 29
-2.88476, -0.274214, 0.563268, 26
-2.93724, -0.279203, 0.52025, 28
-2.98123, -0.283384, 0.474309, 29
-2.59863, -0.247016, 0.36686, 1
-2.43466, -0.231429, 0.300286, 1
-2.37614, -0.225867, 0.250868, 1
0, 0, 0, 0
0, 0, 0, 0
-2.27859, -0.216594, 0.119954, 0
-2.27635, -0.216381, 0.07985, 1
-2.28535, -0.217236, 0.0400707, 0
-1.93129, -0.183581, 0, 0
-2.7625, -0.253838, 0.743328, 39
-2.78659, -0.256052, 0.697703, 33
-2.82546, -0.259624, 0.655057, 17
-2.84811, -0.261704, 0.607934, 25
-2.88561, -0.26515, 0.563268, 26
-2.93418, -0.269614, 0.519555, 29
-2.98211, -0.274017, 0.474309, 29
-2.5994, -0.238851, 0.36686, 0
-2.41561, -0.221963, 0.297849, 1
0, 0, 0, 0
0, 0, 0, 0
-2.25298, -0.20702, 0.158208, 1
-2.24743, -0.20651, 0.118279, 0
-2.27701, -0.209228, 0.07985, 1
-2.30992, -0.212251, 0.0404896, 1
-1.93983, -0.178245, 0, 0
-2.76329, -0.245158, 0.743328, 43
-2.78738, -0.247296, 0.697703, 27
-2.81462, -0.249713, 0.652358, 5
-2.86061, -0.253793, 0.610429, 21
-2.88643, -0.256083, 0.563268, 27
-2.93502, -0.260394, 0.519555, 28
-2.98295, -0.264647, 0.474309, 30
-2.55673, -0.226833, 0.360737, 0
-2.41629, -0.214373, 0.297849, 1
0, 0, 0, 0
0, 0, 0, 0
-2.26157, -0.200646, 0.158766, 4
-2.25205, -0.199802, 0.118489, 2
-2.24979, -0.199601, 0.0788729, 1
-2.27073, -0.201459, 0.0397915, 4
-1.76507, -0.156597, 0, 0
-2.75634, -0.235819, 0.741258, 46
-2.78428, -0.238209, 0.696735, 12
-2.76102, -0.23622, 0.639761, 0
-2.84579, -0.243472, 0.607102, 6
-2.89504, -0.247686, 0.564795, 28
-2.93974, -0.25151, 0.52025, 29
-2.98377, -0.255277, 0.474309, 27
-2.54954, -0.218126, 0.359623, 1
-2.413, -0.206444, 0.297361, 1
0, 0, 0, 0
0, 0, 0, 0
-2.25822, -0.193202, 0.158487, 7
-2.25665, -0.193068, 0.118698, 3
-2.25438, -0.192874, 0.0790125, 4
-2.27534, -0.194667, 0.0398613, 4
-1.73367, -0.148324, 0, 0
-2.76092, -0.227474, 0.742293, 36
-2.70765, -0.223085, 0.677381, 2
0, 0, 0, 0
-2.73736, -0.225533, 0.583816, 0
-2.89972, -0.23891, 0.565558, 21
-2.94052, -0.242271, 0.52025, 30
-2.97668, -0.245251, 0.473058, 28
-2.55021, -0.210114, 0.359623, 1
-2.42155, -0.199513, 0.298336, 1
0, 0, 0, 0
-2.25571, -0.18585, 0.198018, 1
-2.26677, -0.18676, 0.159045, 3
-2.24928, -0.18532, 0.118279, 5
-2.25896, -0.186118, 0.0791521, 6
-2.27594, -0.187516, 0.0398613, 2
-1.75804, -0.144846, 0, 0
-2.75777, -0.218494, 0.741258, 26
-2.68126, -0.212432, 0.670608, 1
0, 0, 0, 0
0, 0, 0, 0
-2.89654, -0.229489, 0.564795, 11
-2.93734, -0.232721, 0.519555, 30
-2.98532, -0.236522, 0.474309, 29
-2.53506, -0.20085, 0.357397, 0
-2.3905, -0.189396, 0.294436, 1
0, 0, 0, 0
-2.25628, -0.178762, 0.198018, 1
-2.25939, -0.179008, 0.158487, 1
-2.24985, -0.178253, 0.118279, 5
-2.26352, -0.179336, 0.0792917, 6
-2.26456, -0.179418, 0.0396519, 1
-1.74254, -0.138059, 0, 1
-2.7623, -0.210122, 0.742293, 11
0, 0, 0, 0
0, 0, 0, 0
0, 0, 0, 0
-2.76413, -0.210262, 0.538845, 0
-2.93806, -0.223492, 0.519555, 22
-2.98604, -0.227143, 0.474309, 29
-2.53173, -0.192584, 0.35684, 1
-2.36733, -0.180078, 0.291511, 0
0, 0, 0, 0
-2.24491, -0.170766, 0.196972, 1
-2.25198, -0.171304, 0.157929, 1
-2.25837, -0.17179, 0.118698, 4
-2.26408, -0.172224, 0.0792917, 7
-2.25713, -0.171696, 0.0395122, 1
-1.70308, -0.12955, 0, 1
-2.73211, -0.199198, 0.734011, 2
-2.5819, -0.188245, 0.645448, 1
-2.58885, -0.188752, 0.59927, 0
0, 0, 0, 0
0, 0, 0, 0
-2.94267, -0.214549, 0.52025, 19
-2.98674, -0.217763, 0.474309, 21
-2.52047, -0.183767, 0.35517, 0
-2.38768, -0.174085, 0.293949, 0
0, 0, 0, 0
-2.24941, -0.164004, 0.197321, 0
-2.21271, -0.161328, 0.155138, 0
-2.26686, -0.165276, 0.119117, 1
-2.25663, -0.16453, 0.0790125, 3
-2.21379, -0.161406, 0.0387443, 0
-1.72741, -0.125945, 0, 1
-2.72502, -0.190074, 0.73194, 2
0, 0, 0, 0
-2.5661, -0.178989, 0.593871, 0
0, 0, 0, 0
0, 0, 0, 0
-2.91582, -0.203383, 0.515388, 1
-2.98741, -0.208376, 0.474309, 19
-2.52894, -0.176397, 0.356283, 0
-2.38426, -0.166305, 0.293461, 0
-2.29773, -0.16027, 0.242088, 0
-2.23799, -0.156103, 0.196275, 1
-2.22117, -0.15493, 0.155696, 0
-2.23948, -0.156207, 0.117651, 1
-2.26511, -0.157995, 0.0792917, 1
-2.01879, -0.140813, 0.0353237, 0
-1.71184, -0.119403, 0, 1
0, 0, 0, 0
0, 0, 0, 0
0, 0, 0, 0
0, 0, 0, 0
0, 0, 0, 0
0, 0, 0, 0
-2.98017, -0.198465, 0.473058, 3
-2.50972, -0.167135, 0.3535, 0
-2.37288, -0.158023, 0.291999, 1
0, 0, 0, 0
-2.2345, -0.148807, 0.195926, 0
-2.22164, -0.147951, 0.155696, 0
-2.228, -0.148374, 0.117023, 0
-2.25762, -0.150347, 0.0790125, 1
-1.92744, -0.128358, 0.033718, 0
-1.70822, -0.113759, 0, 1
0, 0, 0, 0
0, 0, 0, 0
0, 0, 0, 0
0, 0, 0, 0
0, 0, 0, 0
0, 0, 0, 0
0, 0, 0, 0
-2.53791, -0.161006, 0.357397, 0
-2.38129, -0.15107, 0.292974, 1
-2.2709, -0.144067, 0.239161, 0
-2.23098, -0.141534, 0.195577, 1
-2.17431, -0.137939, 0.152348, 1
0, 0, 0, 0
-2.23015, -0.141482, 0.0780353, 0
-1.89989, -0.12053, 0.0332294, 0
-1.70857, -0.108392, 0, 1
0, 0, 0, 0
0, 0, 0, 0
0, 0, 0, 0
-2.44875, -0.147629, 0.521442, 0
0, 0, 0, 0
-2.31207, -0.139389, 0.408421, 1
0, 0, 0, 0
-2.56212, -0.154464, 0.360737, 0
-2.35402, -0.141918, 0.289562, 1
-2.26737, -0.136694, 0.238743, 0
-2.19561, -0.132368, 0.19244, 1
-2.18668, -0.131829, 0.153185, 1
0, 0, 0, 0
-2.21463, -0.133514, 0.0774769, 0
0, 0, 0, 0
-1.23376, -0.0743802, 0, 0
0, 0, 0, 0
-2.39854, -0.137039, 0.598999, 1
-2.39694, -0.136947, 0.554279, 0
-2.37889, -0.135916, 0.506473, 1
0, 0, 0, 0
-2.3007, -0.131449, 0.406337, 1
0, 0, 0, 0
0, 0, 0, 0
-2.37427, -0.135652, 0.291999, 1
-2.26779, -0.129569, 0.238743, 1
-2.21591, -0.126604, 0.194183, 1
-2.17115, -0.124047, 0.152069, 1
-2.13758, -0.122129, 0.112208, 0
-2.21104, -0.126327, 0.0773373, 0
-1.03815, -0.0593139, 0.0181505, 0
-1.17409, -0.0670806, 0, 0
0, 0, 0, 0
-2.37571, -0.128248, 0.593192, 2
-2.37401, -0.128156, 0.548881, 1
-2.3793, -0.128442, 0.506473, 2
0, 0, 0, 0
-2.28537, -0.123371, 0.403558, 0
0, 0, 0, 0
-3.00604, -0.162275, 0.423086, 3
-2.37865, -0.128407, 0.292486, 1
-2.24038, -0.120942, 0.235816, 1
-2.1964, -0.118568, 0.19244, 1
-2.15957, -0.11658, 0.151232, 2
-2.14991, -0.116059, 0.112836, 0
-2.1795, -0.117656, 0.0762205, 0
-1.01437, -0.0547587, 0.0177316, 1
-1.05446, -0.0569232, 0, 1
0, 0, 0, 0
-2.28695, -0.116252, 0.570936, 0
-2.38218, -0.121093, 0.55068, 4
-2.37579, -0.120768, 0.505641, 2
0, 0, 0, 0
-2.27394, -0.115591, 0.401475, 0
0, 0, 0, 0
-3.03422, -0.154238, 0.426983, 12
-2.36318, -0.120127, 0.290537, 0
-2.26856, -0.115317, 0.238743, 1
-2.20472, -0.112072, 0.193137, 0
-2.15993, -0.109795, 0.151232, 2
-2.15426, -0.109507, 0.113046, 0
-2.18385, -0.111011, 0.0763601, 0
-1.01454, -0.0515717, 0.0177316, 0
-1.02268, -0.0519857, 0, 2
0, 0, 0, 0
-2.21752, -0.105741, 0.553517, 0
-2.36698, -0.112868, 0.547081, 7
-2.38397, -0.113678, 0.507305, 6
-1.46685, -0.0699455, 0.28545, 0
-2.23494, -0.106572, 0.394529, 0
-2.32041, -0.110647, 0.367934, 0
-3.03074, -0.144518, 0.426426, 23
-2.36354, -0.112704, 0.290537, 0
-2.26891, -0.108191, 0.238743, 1
-2.20506, -0.105147, 0.193137, 1
-2.16425, -0.103201, 0.151511, 1
-2.13065, -0.101599, 0.11179, 0
-2.1762, -0.10377, 0.0760809, 0
-1.01469, -0.0483849, 0.0177316, 1
-1.01485, -0.0483922, 0, 2
0, 0, 0, 0
0, 0, 0, 0
-2.37511, -0.105776, 0.548881, 8
-1.46968, -0.0654525, 0.312699, 0
-1.44352, -0.0642878, 0.280871, 0
0, 0, 0, 0
-2.28127, -0.101597, 0.361676, 0
-3.04701, -0.135699, 0.428653, 51
-2.36785, -0.105453, 0.291024, 0
-2.25334, -0.100353, 0.237071, 1
-2.16955, -0.0966218, 0.19, 1
-2.14463, -0.0955118, 0.150116, 1
-2.13894, -0.0952584, 0.112208, 0
-1.00239, -0.044642, 0.0350391, 0
-0.994862, -0.0443065, 0.0173826, 1
-1.00301, -0.0446692, 0, 1
0, 0, 0, 0
0, 0, 0, 0
-2.36764, -0.0979917, 0.547081, 3
-1.45424, -0.0601879, 0.309373, 0
-1.4398, -0.0595901, 0.280108, 0
-1.46808, -0.0607606, 0.259083, 0
0, 0, 0, 0
-3.04346, -0.125962, 0.428096, 30
-2.38404, -0.0986704, 0.292974, 0
-2.27352, -0.0940962, 0.239161, 1
-2.18179, -0.0902998, 0.191045, 2
-2.12897, -0.0881138, 0.149, 1
-2.11528, -0.0875472, 0.110952, 0
-0.982559, -0.0406661, 0.0343411, 0
-0.971021, -0.0401885, 0.0169637, 0
-1.01113, -0.0418487, 0, 1
0, 0, 0, 0
-2.12921, -0.081424, 0.53126, 0
-2.37573, -0.090851, 0.548881, 2
-1.45442, -0.055619, 0.309373, 0
-1.44782, -0.0553667, 0.281634, 0
-1.43283, -0.0547934, 0.252832, 0
0, 0, 0, 0
-3.03988, -0.116249, 0.42754, 16
0, 0, 0, 0
-2.26188, -0.0864973, 0.237907, 0
-2.17808, -0.0832928, 0.190697, 2
-2.13323, -0.0815775, 0.149279, 2
-2.11954, -0.081054, 0.111162, 1
-0.950725, -0.036357, 0.0332243, 0
-0.963149, -0.0368321, 0.0168241, 0
-0.987278, -0.0377548, 0, 1
0, 0, 0, 0
-2.13334, -0.0748706, 0.532228, 0
-1.48792, -0.0522194, 0.343725, 0
-1.4585, -0.0511867, 0.310204, 1
-1.4009, -0.0491653, 0.272475, 1
-1.40938, -0.0494628, 0.248664, 1
0, 0, 0, 0
-3.01648, -0.105865, 0.4242, 7
0, 0, 0, 0
-2.28202, -0.0800886, 0.239997, 0
-2.18232, -0.0765895, 0.191045, 2
-2.14544, -0.0752952, 0.150116, 1
-2.12777, -0.0746751, 0.11158, 3
-0.974805, -0.0342113, 0.0340619, 0
-0.96326, -0.0338061, 0.0168241, 1
-0.955412, -0.0335307, 0, 1
0, 0, 0, 0
-2.12968, -0.0680442, 0.53126, 0
-1.4686, -0.0469224, 0.339226, 0
-1.4391, -0.0459798, 0.306046, 1
-1.36965, -0.0437609, 0.266369, 1
-1.39378, -0.0445317, 0.245886, 1
-1.46103, -0.0466806, 0.231523, 0
-2.97721, -0.0951229, 0.418633, 4
0, 0, 0, 0
-2.25045, -0.0719027, 0.236652, 0
-2.17856, -0.0696059, 0.190697, 1
-2.15763, -0.068937, 0.150953, 2
-2.13997, -0.0683729, 0.112208, 2
-0.966917, -0.0308934, 0.0337827, 0
-0.943375, -0.0301412, 0.0164751, 1
-0.955512, -0.030529, 0, 1
0, 0, 0, 0
-2.11437, -0.0609063, 0.52739, 0
-1.43757, -0.0414106, 0.332028, 0
-1.3923, -0.0401066, 0.296066, 1
-1.31091, -0.0377619, 0.254921, 2
-1.37816, -0.0396991, 0.243107, 1
-1.45327, -0.0418629, 0.230272, 0
-2.92602, -0.0842866, 0.411396, 0
-2.39303, -0.0689333, 0.293949, 0
-2.26657, -0.0652906, 0.238325, 0
-2.16682, -0.0624172, 0.189651, 1
-2.16581, -0.0623881, 0.151511, 4
-2.13618, -0.0615346, 0.111999, 2
-0.955022, -0.0275102, 0.0333639, 1
-0.947463, -0.0272925, 0.0165449, 1
-0.927615, -0.0267208, 0, 1
0, 0, 0, 0
-2.11067, -0.0541639, 0.526422, 0
-1.4377, -0.0368941, 0.332028, 0
-1.39242, -0.0357323, 0.296066, 1
-1.29925, -0.0333412, 0.252631, 2
-1.31527, -0.0337524, 0.231994, 1
-1.44945, -0.0371957, 0.229646, 0
-1.40572, -0.0360735, 0.197626, 0
-2.43292, -0.0624336, 0.298824, 0
-2.28267, -0.0585778, 0.239997, 1
-2.17099, -0.0557119, 0.19, 2
-2.17796, -0.0558908, 0.152348, 6
-2.15633, -0.0553357, 0.113046, 7
-0.955103, -0.0245098, 0.0333639, 1
-0.931551, -0.0239054, 0.0162656, 1
-0.927695, -0.0238065, 0, 0
0, 0, 0, 0
-2.13023, -0.0479697, 0.53126, 0
-1.43781, -0.0323773, 0.332028, 1
-1.38471, -0.0311816, 0.294403, 1
-1.29149, -0.0290826, 0.251105, 2
-1.30749, -0.0294429, 0.230605, 1
-1.43771, -0.0323751, 0.227769, 1
-1.37018, -0.0308546, 0.192616, 0
-2.49264, -0.0561307, 0.306136, 0
-2.29478, -0.051675, 0.241252, 4
-2.18311, -0.0491604, 0.191045, 4
-2.17813, -0.0490483, 0.152348, 10
-2.1525, -0.0484712, 0.112836, 4
-0.935193, -0.0210592, 0.0326659, 1
-0.907632, -0.0204386, 0.0158468, 1
-0.939762, -0.0211621, 0, 1
0, 0, 0, 0
0, 0, 0, 0
-1.41842, -0.0274826, 0.327529, 1
-1.22832, -0.0237995, 0.261137, 1
-1.28765, -0.024949, 0.250341, 3
-1.29576, -0.0251062, 0.228521, 2
-1.41015, -0.0273226, 0.223388, 1
-1.37819, -0.0267033, 0.193729, 1
-1.32976, -0.0257649, 0.163305, 0
-2.29095, -0.0443885, 0.240834, 4
-2.18723, -0.0423789, 0.191394, 9
-2.17827, -0.0422053, 0.152348, 7
-2.15664, -0.0417861, 0.113046, 3
-0.927261, -0.0179662, 0.0323867, 1
-0.927685, -0.0179744, 0.0161958, 1
-0.927826, -0.0179772, 0, 1
0, 0, 0, 0
0, 0, 0, 0
-1.40291, -0.0227734, 0.32393, 1
-1.17753, -0.0191149, 0.250326, 1
-1.25239, -0.0203301, 0.243472, 3
-1.24463, -0.0202041, 0.219491, 2
-1.38653, -0.0225076, 0.219634, 1
-1.36639, -0.0221806, 0.192059, 1
-1.30999, -0.021265, 0.160868, 0
-2.28312, -0.0370619, 0.239997, 4
-2.1754, -0.0353133, 0.190348, 9
-2.1744, -0.0352971, 0.152069, 4
-2.14078, -0.0347513, 0.112208, 3
-0.923316, -0.0149882, 0.0322471, 0
-0.919739, -0.0149301, 0.0160562, 1
-0.923878, -0.0149973, 0, 0
0, 0, 0, 0
0, 0, 0, 0
-1.364, -0.0178558, 0.314931, 1
-1.18541, -0.0155179, 0.251989, 1
-1.24067, -0.0162413, 0.241183, 2
-1.22893, -0.0160876, 0.216713, 2
-1.32734, -0.0173758, 0.210248, 1
-1.31892, -0.0172657, 0.185379, 1
-1.30608, -0.0170975, 0.16038, 1
-2.2872, -0.0299411, 0.240415, 2
-2.18746, -0.0286354, 0.191394, 7
-2.16652, -0.0283613, 0.151511, 3
-2.13688, -0.0279733, 0.111999, 3
-0.923358, -0.0120874, 0.0322471, 1
-0.907784, -0.0118835, 0.0158468, 1
-0.899923, -0.0117806, 0, 0
0, 0, 0, 0
0, 0, 0, 0
-1.26662, -0.0126012, 0.292436, 1
-1.13851, -0.0113267, 0.242009, 1
-1.2093, -0.012031, 0.235077, 1
-1.23686, -0.0123051, 0.218102, 2
-1.30763, -0.0130093, 0.207119, 1
-1.28728, -0.0128068, 0.180925, 1
-1.30216, -0.0129548, 0.159893, 1
-2.25149, -0.0223994, 0.236652, 2
-2.17558, -0.0216442, 0.190348, 3
-2.14266, -0.0213167, 0.149837, 3
-2.10101, -0.0209024, 0.110115, 2
-0.919394, -0.00914678, 0.0321075, 1
-0.907817, -0.0090316, 0.0158468, 1
-0.895956, -0.0089136, 0, 0
0, 0, 0, 0
-1.50198, -0.0102249, 0.374495, 0
-1.18091, -0.00803912, 0.272641, 1
-1.08376, -0.00737779, 0.230366, 1
-1.1151, -0.00759114, 0.216759, 1
-1.15023, -0.00783026, 0.202821, 1
-1.31952, -0.00898273, 0.208996, 1
-1.27544, -0.00868262, 0.179255, 1
-1.2744, -0.00867557, 0.15648, 1
-2.22768, -0.0151651, 0.234144, 2
-2.15572, -0.0146752, 0.188605, 3
-2.11878, -0.0144237, 0.148163, 3
-2.07311, -0.0141128, 0.108649, 1
-0.923416, -0.00628622, 0.0322471, 0
-0.887844, -0.00604406, 0.0154977, 1
-0.891979, -0.00607221, 0, 1
0, 0, 0, 0
-1.47096, -0.00539137, 0.366754, 0
-1.11857, -0.00409979, 0.258244, 1
-1.08769, -0.00398662, 0.231198, 1
-1.07586, -0.00394324, 0.209127, 1
-1.09904, -0.0040282, 0.193791, 1
-1.17337, -0.00430063, 0.185844, 1
-1.22396, -0.00448608, 0.172018, 1
-1.25854, -0.00461281, 0.15453, 1
-2.18396, -0.00800465, 0.229545, 1
-2.12387, -0.00778444, 0.185816, 2
-2.0829, -0.00763426, 0.145652, 3
-0.986639, -0.00361624, 0.0517079, 0
-0.907441, -0.00332596, 0.0316887, 1
-0.891858, -0.00326885, 0.0155675, 0
-0.879994, -0.00322536, 0, 1
0, 0, 0, 0
-1.48261, -0.000776294, 0.369657, 0
-1.0757, -0.000563238, 0.248346, 1
-1.07987, -0.000565421, 0.229534, 1
-1.07979, -0.000565377, 0.20989, 1
-1.09117, -0.000571334, 0.192402, 1
-1.11016, -0.000581279, 0.175832, 1
-1.20813, -0.000632574, 0.169791, 1
-1.24664, -0.000652738, 0.153068, 1
-2.16806, -0.00113519, 0.227872, 2
-2.09599, -0.00109746, 0.183376, 2
-2.06296, -0.00108016, 0.144256, 3
-0.970668, -0.00050824, 0.0508705, 0
-0.899452, -0.000470952, 0.0314095, 0
-0.911861, -0.000477449, 0.0159166, 0
-0.892, -0.00046705, 0, 1
0, 0, 0, 0
-1.45544, 0.00381034, 0.362883, 1
-1.0757, 0.00281618, 0.248346, 1
-1.07596, 0.00281686, 0.228703, 1
-1.06801, 0.00279604, 0.2076, 1
-1.0951, 0.00286698, 0.193097, 1
-1.12596, 0.00294777, 0.178335, 1
-1.18832, 0.00311102, 0.167008, 1
-1.24663, 0.00326369, 0.153068, 1
-2.12429, 0.00556139, 0.223273, 2
-2.06809, 0.00541427, 0.180935, 2
-2.03901, 0.00533814, 0.142582, 2
-0.926725, 0.00242617, 0.0485678, 0
-0.899449, 0.00235476, 0.0314095, 1
-0.895861, 0.00234536, 0.0156374, 0
-0.891997, 0.00233525, 0, 1
0, 0, 0, 0
-1.35063, 0.00777823, 0.336755, 0
-1.08348, 0.00623974, 0.250146, 1
-1.07594, 0.00619633, 0.228703, 1
-1.07977, 0.00621837, 0.20989, 1
-1.09115, 0.00628389, 0.192402, 1
-1.09829, 0.00632502, 0.173955, 1
-1.14473, 0.00659247, 0.160884, 1
-1.23074, 0.00708777, 0.151118, 1
-2.09244, 0.0120503, 0.219928, 2
-2.0601, 0.011864, 0.180238, 2
-2.00707, 0.0115586, 0.14035, 3
-0.934702, 0.00538292, 0.0489865, 0
-0.895439, 0.00515681, 0.0312699, 2
-0.879851, 0.00506704, 0.0153581, 0
-0.875985, 0.00504477, 0, 1
0, 0, 0, 0
-1.23417, 0.0109858, 0.307725, 0
-1.06007, 0.00943615, 0.244747, 1
-1.06809, 0.00950755, 0.22704, 1
-1.06012, 0.00943653, 0.206074, 1
-1.07931, 0.00960735, 0.190318, 1
-1.10617, 0.00984645, 0.175207, 1
-1.13282, 0.0100837, 0.159214, 1
-1.20689, 0.010743, 0.148193, 1
-2.04466, 0.0182003, 0.214911, 1
-2.04411, 0.0181955, 0.178844, 2
-1.98308, 0.0176522, 0.138676, 2
-0.942669, 0.00839109, 0.0494051, 0
-0.895419, 0.00797049, 0.0312699, 1
-0.895828, 0.00797414, 0.0156374, 0
-0.879965, 0.00783293, 0, 1
0, 0, 0, 0
-1.22636, 0.0147695, 0.305789, 0
-1.05614, 0.0127195, 0.243847, 1
-1.06806, 0.012863, 0.22704, 1
-1.05223, 0.0126724, 0.204547, 1
-1.08715, 0.0130929, 0.191708, 2
-1.10613, 0.0133215, 0.175207, 1
-1.11694, 0.0134517, 0.156987, 1
-1.21082, 0.0145823, 0.148681, 1
-1.99686, 0.0240488, 0.209893, 1
-1.98826, 0.0239453, 0.173963, 2
-1.96306, 0.0236419, 0.137281, 2
-0.930655, 0.0112082, 0.0487771, 0
-0.875403, 0.0105428, 0.030572, 2
-0.867805, 0.0104513, 0.0151487, 0
-0.867937, 0.0104529, 0, 0
-1.30964, 0.0198876, 0.350959, 0
-1.17198, 0.0177972, 0.292242, 1
-1.06389, 0.0161557, 0.245647, 1
-1.06019, 0.0160995, 0.225376, 1
-1.06396, 0.0161568, 0.206837, 1
-1.06741, 0.0162092, 0.188235, 1
-1.07448, 0.0163166, 0.170201, 1
-1.12085, 0.0170208, 0.157544, 1
-1.19092, 0.0180847, 0.146243, 1
-1.93313, 0.0293556, 0.203203, 1
-1.94435, 0.029526, 0.170128, 2
-1.91111, 0.0290213, 0.133653, 2
-0.926621, 0.0140712, 0.0485678, 0
-0.88336, 0.0134143, 0.0308512, 1
-0.85977, 0.0130561, 0.0150091, 1
-0.835904, 0.0126936, 0, 0
0, 0, 0, 0
-1.09043, 0.0199847, 0.27192, 1
-1.05604, 0.0193544, 0.243847, 1
-1.07187, 0.0196445, 0.227871, 1
-1.06391, 0.0194985, 0.206837, 1
-1.06735, 0.0195617, 0.188235, 2
-1.09022, 0.0199809, 0.172704, 1
-1.10495, 0.0202508, 0.155317, 1
-1.16704, 0.0213887, 0.143318, 1
-1.8853, 0.0345525, 0.198186, 1
-1.9044, 0.0349026, 0.166642, 2
-1.87112, 0.0342926, 0.130863, 2
-0.910597, 0.0166888, 0.0477304, 0
-0.891307, 0.0163353, 0.0311304, 1
-0.879718, 0.0161229, 0.0153581, 0
-0.863855, 0.0158322, 0, 0
-1.28632, 0.0276183, 0.344747, 0
-1.05932, 0.0227445, 0.264179, 1
-1.05208, 0.022589, 0.242947, 1
-1.06398, 0.0228445, 0.226208, 1
-1.05599, 0.0226729, 0.20531, 1
-1.07122, 0.0230001, 0.188929, 2
-1.08621, 0.0233218, 0.172078, 1
-1.10488, 0.0237228, 0.155317, 1
-1.14712, 0.0246296, 0.140881, 1
-1.83348, 0.0393663, 0.19275, 1
-1.86046, 0.0399457, 0.162807, 2
-1.83509, 0.039401, 0.128352, 2
-0.914534, 0.0196358, 0.0479397, 0
-0.887255, 0.0190501, 0.0309908, 0
-0.867668, 0.0186296, 0.0151487, 1
-0.831808, 0.0178596, 0, 0
-1.27464, 0.031374, 0.341641, 1
-1.05924, 0.0260723, 0.264179, 1
-1.052, 0.0258941, 0.242947, 1
-1.07173, 0.0263796, 0.227871, 1
-1.05199, 0.0258937, 0.204547, 1
-1.06721, 0.0262684, 0.188235, 2
-1.07033, 0.0263452, 0.169575, 1
-1.1048, 0.0271938, 0.155317, 1
-1.1391, 0.0280379, 0.139906, 1
-1.82937, 0.0450282, 0.192332, 1
-1.84041, 0.0453001, 0.161064, 2
-1.7831, 0.0438895, 0.124725, 2
-0.914468, 0.0225088, 0.0479397, 0
-0.879198, 0.0216407, 0.0307116, 1
-0.851612, 0.0209617, 0.0148694, 0
-0.795759, 0.0195869, 0, 0
-1.23591, 0.0343062, 0.331288, 1
-1.04752, 0.0290768, 0.261276, 1
-1.05581, 0.029307, 0.243847, 1
-1.06381, 0.0295292, 0.226208, 1
-1.04797, 0.0290895, 0.203784, 1
-1.06712, 0.029621, 0.188235, 2
-1.07419, 0.0298172, 0.170201, 2
-1.09679, 0.0304447, 0.154204, 1
-1.13504, 0.0315062, 0.139419, 1
-1.79343, 0.0497817, 0.188569, 1
-1.77254, 0.049202, 0.155137, 2
-1.73908, 0.0482732, 0.121655, 1
-0.902413, 0.0250491, 0.0473117, 0
-0.871133, 0.0241808, 0.0304324, 0
-0.851542, 0.023637, 0.0148694, 0
-0.807689, 0.0224197, 0, 0
-1.22807, 0.0379492, 0.329218, 1
-1.06294, 0.0328463, 0.265146, 2
-1.05571, 0.0326231, 0.243847, 1
-1.07154, 0.0331121, 0.227871, 1
-1.05573, 0.0326235, 0.20531, 1
-1.06702, 0.0329726, 0.188235, 2
-1.07804, 0.0333131, 0.170826, 2
-1.10461, 0.0341341, 0.155317, 1
-1.15477, 0.0356842, 0.141856, 1
-1.74157, 0.0538171, 0.183134, 1
-1.75247, 0.0541538, 0.153394, 2
-1.69505, 0.0523795, 0.118586, 2
-0.894345, 0.0276366, 0.046893, 0
-0.863062, 0.0266699, 0.0301532, 0
-0.847466, 0.026188, 0.0147996, 0
-0.791622, 0.0244623, 0, 0
-1.09279, 0.0372065, 0.292983, 4
-1.03955, 0.0353938, 0.25934, 2
-1.05171, 0.0358077, 0.242947, 2
-1.0597, 0.0360796, 0.225376, 1
-1.05954, 0.0360743, 0.206074, 2
-1.06691, 0.0363253, 0.188235, 2
-1.08188, 0.0368348, 0.171452, 1
-1.10054, 0.0374702, 0.15476, 1
-1.13878, 0.0387722, 0.139906, 1
-1.68176, 0.0572589, 0.176862, 1
-1.70848, 0.0581687, 0.149559, 2
-1.67494, 0.0570267, 0.117191, 2
-0.898246, 0.0305826, 0.0471024, 0
-0.866969, 0.0295177, 0.0302928, 0
-0.839386, 0.0285786, 0.01466, 0
-0.791541, 0.0269497, 0, 0
-1.08109, 0.0402086, 0.289877, 12
-1.0472, 0.038948, 0.261276, 2
-1.0477, 0.0389667, 0.242047, 2
-1.04394, 0.0388269, 0.22205, 1
-1.06335, 0.0395488, 0.206837, 2
-1.05892, 0.0393841, 0.186845, 2
-1.06202, 0.0394993, 0.168323, 2
-1.10042, 0.0409274, 0.15476, 1
-1.14262, 0.0424972, 0.140393, 1
-1.64579, 0.0612113, 0.173099, 1
-1.67643, 0.062351, 0.14677, 2
-1.63886, 0.0609536, 0.11468, 2
-0.882179, 0.0328106, 0.046265, 0
-0.862877, 0.0320927, 0.0301532, 0
-0.835295, 0.0310668, 0.0145902, 0
-0.807442, 0.0300309, 0, 0
-1.07324, 0.0432933, 0.287807, 14
-1.05095, 0.0423941, 0.262243, 2
-1.03978, 0.0419437, 0.240248, 2
-1.04381, 0.0421063, 0.22205, 2
-1.05145, 0.0424144, 0.204547, 2
-1.06273, 0.0428694, 0.18754, 2
-1.07373, 0.0433132, 0.170201, 2
-1.10028, 0.0443843, 0.15476, 1
-1.13058, 0.0456066, 0.138931, 1
-1.61777, 0.065259, 0.170172, 1
-1.65234, 0.0666537, 0.144679, 2
-1.60278, 0.0646545, 0.112168, 2
-0.882071, 0.0355818, 0.046265, 0
-0.862772, 0.0348033, 0.0301532, 0
-0.831197, 0.0335296, 0.0145204, 0
-0.795353, 0.0320837, 0, 0
-1.06924, 0.0464969, 0.286772, 13
-1.04693, 0.0455269, 0.261276, 3
-1.04743, 0.0455487, 0.242047, 3
-1.05149, 0.0457253, 0.223713, 2
-1.04739, 0.0455468, 0.203784, 2
-1.05865, 0.0460366, 0.186845, 2
-1.07754, 0.0468579, 0.170826, 2
-1.09222, 0.0474965, 0.153647, 1
-1.13043, 0.0491582, 0.138931, 1
-1.55794, 0.0677486, 0.163901, 1
-1.60435, 0.0697669, 0.140495, 2
-1.58264, 0.0688226, 0.110773, 2
-0.881955, 0.0383528, 0.046265, 0
-0.838696, 0.0364716, 0.0293156, 0
-0.835083, 0.0363145, 0.0145902, 1
-0.807237, 0.0351036, 0, 0
-1.06908, 0.0498557, 0.286772, 10
-1.05841, 0.0493581, 0.264179, 3
-1.05118, 0.0490207, 0.242947, 3
-1.04744, 0.0488462, 0.222881, 2
-1.0394, 0.0484712, 0.202258, 3
-1.05063, 0.0489953, 0.185456, 2
-1.05371, 0.0491386, 0.167072, 2
-1.09207, 0.0509276, 0.153647, 1
-1.12234, 0.0523394, 0.137956, 1
-1.5299, 0.0713455, 0.160974, 1
-1.59616, 0.0744355, 0.139798, 2
-1.56248, 0.0728649, 0.109378, 2
-0.87385, 0.0407512, 0.0458463, 0
-0.838577, 0.0391062, 0.0293156, 1
-0.83097, 0.0387515, 0.0145204, 1
-0.807123, 0.0376394, 0, 0
-1.05735, 0.0526378, 0.283666, 10
-1.05438, 0.05249, 0.263211, 3
-1.03934, 0.0517414, 0.240248, 3
-1.03555, 0.0515529, 0.220386, 2
-1.04316, 0.0519316, 0.203021, 3
-1.05047, 0.0522957, 0.185456, 3
-1.06538, 0.053038, 0.168949, 2
-1.08795, 0.0541612, 0.15309, 1
-1.13407, 0.0564573, 0.139419, 1
-1.53364, 0.0763493, 0.161392, 1
-1.56408, 0.0778646, 0.137009, 2
-1.53435, 0.0763844, 0.107425, 2
-0.869728, 0.0432976, 0.045637, 0
-0.850428, 0.0423368, 0.0297344, 0
-0.822856, 0.0409642, 0.0143808, 0
-0.779035, 0.0387827, 0, 0
-1.05717, 0.0559592, 0.283666, 4
-1.0387, 0.0549815, 0.25934, 3
-1.04696, 0.0554184, 0.242047, 3
-1.04711, 0.0554264, 0.222881, 2
-1.04691, 0.055416, 0.203784, 2
-1.05424, 0.0558038, 0.186151, 3
-1.05338, 0.0557582, 0.167072, 3
-1.08382, 0.0573695, 0.152534, 1
-1.13785, 0.0602296, 0.139906, 1
-1.52545, 0.0807464, 0.160556, 1
-1.54393, 0.0817247, 0.135266, 2
-1.51816, 0.0803606, 0.106309, 2
-0.873576, 0.0462409, 0.0458463, 0
-0.842307, 0.0445857, 0.0294552, 0
-0.818729, 0.0433376, 0.014311, 0
-0.77891, 0.0412299, 0, 0
-1.05699, 0.0592802, 0.283666, 2
-1.05015, 0.0588964, 0.262243, 3
-1.03899, 0.0582707, 0.240248, 3
-1.04693, 0.0587157, 0.222881, 3
-1.04281, 0.0584849, 0.203021, 3
-1.05406, 0.0591155, 0.186151, 3
-1.06503, 0.0597309, 0.168949, 3
-1.08759, 0.0609959, 0.15309, 1
-1.14162, 0.0640263, 0.140393, 1
-1.52519, 0.0855383, 0.160556, 2
-1.52775, 0.0856822, 0.133871, 3
-1.494, 0.0837891, 0.104635, 2
-0.869439, 0.0487614, 0.045637, 0
-0.830189, 0.0465601, 0.0290364, 1
-0.810602, 0.0454616, 0.0141714, 0
-0.786764, 0.0441247, 0, 0
-1.05295, 0.0623721, 0.28263, 2
-1.04609, 0.0619657, 0.261276, 3
-1.03881, 0.0615345, 0.240248, 3
-1.03502, 0.0613104, 0.220386, 3
-1.04654, 0.0619928, 0.203784, 3
-1.04993, 0.0621937, 0.185456, 3
-1.06484, 0.0630765, 0.168949, 3
-1.08343, 0.0641781, 0.152534, 1
-1.12556, 0.0666734, 0.138444, 1
-1.50109, 0.088918, 0.158047, 2
-1.50361, 0.0890676, 0.131779, 3
-1.47381, 0.0873024, 0.10324, 3
-0.873269, 0.0517288, 0.0458463, 0
-0.826048, 0.0489316, 0.0288968, 1
-0.794486, 0.047062, 0.0138921, 0
-0.794607, 0.0470692, 0, 0
-1.0566, 0.0659202, 0.283666, 1
-1.05363, 0.0657351, 0.263211, 3
-1.0425, 0.0650404, 0.241148, 5
-1.03873, 0.0648053, 0.221218, 3
-1.04634, 0.0652803, 0.203784, 4
-1.0458, 0.0652466, 0.184762, 4
-1.06858, 0.0666674, 0.169575, 3
-1.09113, 0.0680748, 0.153647, 1
-1.13723, 0.0709508, 0.139906, 1
-1.5008, 0.0936334, 0.158047, 3
-1.47946, 0.0923021, 0.129688, 3
-1.4576, 0.0909382, 0.102123, 2
-0.853168, 0.0532283, 0.0447996, 0
-0.833869, 0.0520243, 0.029176, 1
-0.794334, 0.0495577, 0.0138921, 0
-0.782479, 0.0488181, 0, 0
-1.05253, 0.0689866, 0.28263, 1
-1.04568, 0.0685372, 0.261276, 5
-1.0384, 0.0680603, 0.240248, 4
-1.03462, 0.0678123, 0.220386, 4
-1.04613, 0.0685672, 0.203784, 4
-1.04952, 0.0687893, 0.185456, 4
-1.06048, 0.0695073, 0.168323, 3
-1.0751, 0.0704661, 0.15142, 1
-1.13304, 0.0742635, 0.139419, 1
-1.48462, 0.0973071, 0.156375, 3
-1.46326, 0.0959071, 0.128293, 3
-1.42944, 0.0936901, 0.10017, 2
-0.856983, 0.0561696, 0.0450089, 0
-0.817746, 0.0535979, 0.0286176, 1
-0.810138, 0.0530992, 0.0141714, 0
-0.790304, 0.0517993, 0, 0
-1.04075, 0.0714985, 0.279525, 1
-1.03384, 0.0710239, 0.258373, 13
-1.0304, 0.0707879, 0.238448, 4
-1.0383, 0.0713305, 0.221218, 4
-1.042, 0.0715843, 0.203021, 4
-1.05323, 0.0723562, 0.186151, 4
-1.05631, 0.0725678, 0.167698, 3
-1.07488, 0.0738433, 0.15142, 1
-1.1328, 0.0778227, 0.139419, 1
-1.47637, 0.101425, 0.155538, 3
-1.44705, 0.0994111, 0.126899, 3
-1.41321, 0.0970864, 0.0990542, 3
-0.864772, 0.0594092, 0.0454276, 0
-0.82555, 0.0567146, 0.0288968, 1
-0.817947, 0.0561923, 0.014311, 0
-0.758213, 0.0520886, 0, 0
-1.05979, 0.0761516, 0.284701, 1
-1.0491, 0.0753834, 0.262243, 22
-1.03795, 0.0745826, 0.240248, 5
-1.03807, 0.0745914, 0.221218, 6
-1.04568, 0.0751381, 0.203784, 5
-1.05693, 0.0759462, 0.186845, 4
-1.06396, 0.0764515, 0.168949, 2
-1.08649, 0.0780707, 0.15309, 1
-1.13651, 0.0816648, 0.139906, 1
-1.44827, 0.104066, 0.152612, 3
-1.41493, 0.101671, 0.12411, 3
-1.40494, 0.100953, 0.0984961, 3
-0.860597, 0.0618388, 0.0452183, 0
-0.841317, 0.0604533, 0.0294552, 1
-0.817767, 0.0587611, 0.014311, 0
-0.781984, 0.0561899, 0, 0
-1.06339, 0.0797704, 0.285736, 1
-1.04111, 0.0780989, 0.260308, 29
-1.0416, 0.0781353, 0.241148, 5
-1.03783, 0.0778529, 0.221218, 6
-1.03369, 0.0775424, 0.201494, 5
-1.0449, 0.078383, 0.184762, 4
-1.05977, 0.0794989, 0.168323, 2
-1.08229, 0.081188, 0.152534, 1
-1.14813, 0.0861266, 0.141368, 1
-1.42413, 0.106831, 0.150103, 3
-1.40269, 0.105222, 0.123064, 3
-1.37676, 0.103277, 0.096543, 3
-0.868365, 0.0651403, 0.045637, 0
-0.829164, 0.0621996, 0.0290364, 1
-0.817578, 0.0613305, 0.014311, 0
-0.781803, 0.0586469, 0, 0
-1.06314, 0.0831107, 0.285736, 1
-1.04086, 0.0813693, 0.260308, 27
-1.04135, 0.0814072, 0.241148, 5
-1.03758, 0.081113, 0.221218, 6
-1.04127, 0.0814015, 0.203021, 5
-1.0525, 0.0822793, 0.186151, 4
-1.0477, 0.0819041, 0.166446, 3
-1.09388, 0.0855139, 0.154204, 1
-1.13994, 0.0891143, 0.140393, 1
-1.39999, 0.109444, 0.147594, 3
-1.39043, 0.108697, 0.122018, 3
-1.36449, 0.106669, 0.0957059, 3
-0.872139, 0.0681793, 0.0458463, 0
-0.817008, 0.0638695, 0.0286176, 1
-0.809407, 0.0632753, 0.0141714, 0
-0.781615, 0.0611027, 0, 0
-1.05517, 0.0858238, 0.283666, 1
-1.04447, 0.0849535, 0.261276, 17
-1.04109, 0.0846783, 0.241148, 4
-1.03732, 0.0843722, 0.221218, 6
-1.0371, 0.084354, 0.202258, 7
-1.04046, 0.0846273, 0.184067, 4
-1.06319, 0.0864763, 0.168949, 2
-1.08571, 0.0883078, 0.15309, 1
-1.14756, 0.0933388, 0.141368, 1
-1.38378, 0.112552, 0.145922, 3
-1.35831, 0.11048, 0.119229, 3
-1.34824, 0.109661, 0.0945898, 3
-0.859976, 0.0699474, 0.0452183, 0
-0.832741, 0.0677322, 0.029176, 1
-0.797245, 0.0648451, 0.0139619, 0
-0.769459, 0.0625851, 0, 0
-1.05875, 0.0894629, 0.284701, 1
-1.03646, 0.0875801, 0.25934, 10
-1.03693, 0.0876197, 0.240248, 4
-1.03705, 0.0876299, 0.221218, 6
-1.04074, 0.0879417, 0.203021, 6
-1.03626, 0.0875632, 0.183372, 5
-1.05898, 0.0894826, 0.168323, 2
-1.08937, 0.092051, 0.153647, 1
-1.15122, 0.097277, 0.141856, 1
-1.37153, 0.115893, 0.144667, 3
-1.35001, 0.114075, 0.118532, 3
-1.33199, 0.112552, 0.0934737, 3
-0.863732, 0.0729845, 0.0454276, 0
-0.81659, 0.0690011, 0.0286176, 1
-0.793053, 0.0670121, 0.0138921, 0
-0.789188, 0.0666855, 0, 0
-1.06231, 0.0931267, 0.285736, 1
-1.04392, 0.0915144, 0.261276, 3
-1.04053, 0.0912179, 0.241148, 4
-1.03288, 0.0905465, 0.220386, 6
-1.03264, 0.0905257, 0.201494, 6
-1.04383, 0.0915071, 0.184762, 5
-1.05476, 0.0924648, 0.167698, 2
-1.08908, 0.0954736, 0.153647, 1
-1.15091, 0.100894, 0.141856, 1
-1.35531, 0.118812, 0.142995, 4
-1.33377, 0.116924, 0.117137, 4
-1.31573, 0.115343, 0.0923576, 3
-0.859519, 0.0753494, 0.0452183, 0
-0.820352, 0.0719158, 0.0287572, 0
-0.796822, 0.0698531, 0.0139619, 0
-0.781005, 0.0684664, 0, 0
-1.06971, 0.0971626, 0.287807, 1
-1.04362, 0.0947935, 0.261276, 2
-1.03248, 0.0937813, 0.239348, 4
-1.03259, 0.0937909, 0.220386, 6
-1.03626, 0.0941246, 0.202258, 6
-1.05139, 0.0954986, 0.186151, 5
-1.0584, 0.0961353, 0.168323, 2
-1.09272, 0.0992529, 0.154204, 1
-1.14268, 0.103791, 0.140881, 1
-1.33512, 0.12127, 0.140904, 4
-1.31355, 0.119312, 0.115394, 3
-1.29946, 0.118032, 0.0912415, 3
-0.867235, 0.0787719, 0.045637, 0
-0.816141, 0.074131, 0.0286176, 0
-0.78465, 0.0712707, 0.0137525, 0
-0.756884, 0.0687487, 0, 0
-1.0617, 0.0997995, 0.285736, 1
-1.02786, 0.0966187, 0.257405, 2
-1.05158, 0.0988482, 0.243847, 5
-1.03229, 0.0970344, 0.220386, 5
-1.03596, 0.0973796, 0.202258, 7
-1.04324, 0.0980638, 0.184762, 4
-1.05416, 0.0990901, 0.167698, 2
-1.09635, 0.103056, 0.15476, 1
-1.16606, 0.10961, 0.143806, 1
-1.31493, 0.123603, 0.138814, 4
-1.29334, 0.121573, 0.113651, 4
-1.27128, 0.1195, 0.0892883, 3
-0.859029, 0.0807484, 0.0452183, 0
-0.819884, 0.0770687, 0.0287572, 0
-0.808313, 0.0759811, 0.0141714, 0
-0.760647, 0.0715005, 0, 0
-1.06907, 0.103881, 0.287807, 1
-1.03914, 0.100973, 0.260308, 1
-1.04351, 0.101397, 0.242047, 5
-1.03198, 0.100276, 0.220386, 5
-1.03174, 0.100253, 0.201494, 6
-1.04292, 0.10134, 0.184762, 4
-1.05777, 0.102783, 0.168323, 1
-1.09602, 0.106499, 0.15476, 1
-1.16176, 0.112888, 0.143318, 1
-1.31057, 0.127347, 0.138396, 4
-1.28502, 0.124864, 0.112954, 4
-1.25501, 0.121948, 0.0881722, 4
-0.874674, 0.0849914, 0.0460556, 0
-0.827595, 0.0804168, 0.0290364, 0
-0.796129, 0.0773592, 0.0139619, 0
-0.768381, 0.074663, 0, 0
-1.0649, 0.106854, 0.286772, 0
-1.05427, 0.105788, 0.264179, 1
-1.04706, 0.105064, 0.242947, 14
-1.03166, 0.103519, 0.220386, 4
-1.02751, 0.103103, 0.200731, 6
-1.05044, 0.105403, 0.186151, 4
-1.06924, 0.107289, 0.170201, 1
-1.08779, 0.109151, 0.153647, 1
-1.17325, 0.117727, 0.144781, 1
-1.29038, 0.129479, 0.136305, 4
-1.26479, 0.126912, 0.111211, 4
-1.23874, 0.124298, 0.0870561, 4
-0.878378, 0.0881383, 0.046265, 0
-0.815406, 0.0818195, 0.0286176, 0
-0.80782, 0.0810583, 0.0141714, 0
-0.768143, 0.0770771, 0, 0
-1.04534, 0.10821, 0.281595, 1
-1.03849, 0.107501, 0.260308, 1
-1.04285, 0.107952, 0.242047, 25
-1.03133, 0.106759, 0.220386, 3
-1.04281, 0.107947, 0.203784, 5
-1.04227, 0.107892, 0.184762, 3
-1.06103, 0.109834, 0.168949, 1
-1.09927, 0.113792, 0.155317, 1
-1.19657, 0.123865, 0.147706, 1
-1.26622, 0.131075, 0.133796, 4
-1.2525, 0.129654, 0.110165, 4
-1.2304, 0.127367, 0.086498, 4
-0.866176, 0.0896634, 0.045637, 0
-0.83105, 0.0860273, 0.029176, 0
-0.791649, 0.0819486, 0.0138921, 0
-0.775854, 0.0803136, 0, 0
-1.06805, 0.113953, 0.287807, 0
-1.04201, 0.111174, 0.261276, 1
-1.04638, 0.111641, 0.242947, 29
-1.03488, 0.110414, 0.221218, 4
-1.03856, 0.110806, 0.203021, 5
-1.04976, 0.112001, 0.186151, 3
-1.06461, 0.113586, 0.169575, 2
-1.0989, 0.117245, 0.155317, 1
-1.20012, 0.128044, 0.148193, 2
-1.24603, 0.132942, 0.131706, 4
-1.22831, 0.131052, 0.108073, 4
-1.21016, 0.129115, 0.0851029, 4
-0.861919, 0.0919604, 0.0454276, 0
-0.826801, 0.0882135, 0.0290364, 0
-0.807294, 0.0861324, 0.0141714, 0
-0.759688, 0.0810532, 0, 0
-1.06384, 0.116885, 0.286772, 0
-1.04551, 0.11487, 0.262243, 1
-1.04603, 0.114927, 0.242947, 39
-1.02675, 0.112809, 0.219555, 4
-1.0382, 0.114068, 0.203021, 4
-1.04157, 0.114437, 0.184762, 3
-1.06818, 0.117361, 0.170201, 2
-1.09065, 0.119831, 0.154204, 1
-1.2155, 0.133548, 0.150143, 4
-1.24165, 0.13642, 0.131288, 4
-1.21601, 0.133603, 0.107027, 4
-1.19785, 0.131608, 0.0842658, 4
-0.865596, 0.0951034, 0.045637, 0
-0.82652, 0.09081, 0.0290364, 0
-0.791118, 0.0869205, 0.0138921, 0
-0.787263, 0.0864968, 0, 0
-1.06347, 0.120227, 0.286772, 0
-1.04129, 0.117719, 0.261276, 1
-1.04953, 0.118651, 0.243847, 32
-1.03416, 0.116914, 0.221218, 3
-1.03784, 0.11733, 0.203021, 4
-1.05295, 0.119037, 0.186845, 3
-1.05995, 0.119829, 0.168949, 1
-1.10602, 0.125037, 0.156431, 1
-1.21113, 0.13692, 0.149656, 4
-1.22145, 0.138087, 0.129197, 4
-1.20371, 0.136081, 0.105981, 5
-1.18553, 0.134027, 0.0834287, 4
-0.889108, 0.100515, 0.046893, 0
-0.82623, 0.0934067, 0.0290364, 0
-0.798789, 0.0903045, 0.0140317, 0
-0.775063, 0.0876222, 0, 0
-1.07076, 0.12446, 0.288842, 1
-1.04862, 0.121886, 0.263211, 1
-1.03754, 0.120598, 0.241148, 22
-1.03379, 0.120162, 0.221218, 3
-1.03747, 0.12059, 0.203021, 4
-1.05257, 0.122345, 0.186845, 3
-1.07134, 0.124527, 0.170826, 1
-1.11742, 0.129883, 0.158101, 1
-1.19492, 0.138891, 0.147706, 4
-1.2052, 0.140086, 0.127525, 4
-1.18348, 0.137561, 0.104238, 5
-1.17718, 0.136829, 0.0828707, 4
-0.868949, 0.101002, 0.0458463, 0
-0.829903, 0.0964635, 0.029176, 0
-0.790556, 0.09189, 0.0138921, 0
-0.754918, 0.0877475, 0, 0
-1.08188, 0.129198, 0.291948, 1
-1.04438, 0.12472, 0.262243, 1
-1.03716, 0.123857, 0.241148, 12
-1.03341, 0.123409, 0.221218, 3
-1.04098, 0.124314, 0.203784, 4
-1.04827, 0.125184, 0.186151, 2
-1.0631, 0.126955, 0.169575, 2
-1.13274, 0.135272, 0.160327, 2
-1.19448, 0.142644, 0.147706, 5
-1.20081, 0.1434, 0.127107, 4
-1.17513, 0.140334, 0.103541, 5
-1.15693, 0.138161, 0.0814756, 5
-0.884493, 0.105626, 0.0466837, 0
-0.809749, 0.0967001, 0.028478, 0
-0.818062, 0.0976928, 0.0143808, 0
-0.774497, 0.0924903, 0, 0
-1.06613, 0.130715, 0.287807, 1
-1.04784, 0.128472, 0.263211, 1
-1.04063, 0.127589, 0.242047, 3
-1.03301, 0.126655, 0.221218, 3
-1.03279, 0.126628, 0.202258, 4
-1.04396, 0.127997, 0.185456, 2
-1.08622, 0.133179, 0.173329, 2
-1.13624, 0.139312, 0.160884, 3
-1.19797, 0.146879, 0.148193, 6
-1.17271, 0.143783, 0.12418, 4
-1.16282, 0.14257, 0.102495, 4
-1.14461, 0.140338, 0.0806385, 4
-0.888122, 0.10889, 0.046893, 0
-0.825313, 0.101189, 0.0290364, 0
-0.805842, 0.0988022, 0.0141714, 0
-0.766262, 0.0939494, 0, 0
-1.08104, 0.135993, 0.291948, 1
-1.04743, 0.131764, 0.263211, 1
-1.04409, 0.131344, 0.242947, 2
-1.03649, 0.130388, 0.22205, 5
-1.03239, 0.129872, 0.202258, 3
-1.04746, 0.131768, 0.186151, 2
-1.07012, 0.134619, 0.170826, 2
-1.13973, 0.143375, 0.161441, 3
-1.18962, 0.149651, 0.147218, 5
-1.16831, 0.14697, 0.123762, 4
-1.1505, 0.14473, 0.101449, 5
-1.13229, 0.142439, 0.0798014, 5
-0.891738, 0.112178, 0.0471024, 0
-0.817058, 0.102784, 0.0287572, 0
-0.805528, 0.101333, 0.0141714, 0
-0.773901, 0.0973547, 0, 0
-1.08444, 0.139882, 0.292983, 1
-1.04701, 0.135054, 0.263211, 1
-1.03981, 0.134125, 0.242047, 2
-1.03996, 0.134144, 0.222881, 5
-1.03197, 0.133114, 0.202258, 3
-1.05485, 0.136066, 0.18754, 2
-1.07753, 0.138991, 0.172078, 2
-1.13927, 0.146955, 0.161441, 3
-1.17339, 0.151356, 0.145268, 5
-1.15206, 0.148604, 0.122089, 4
-1.14609, 0.147834, 0.101101, 4
-1.11996, 0.144464, 0.0789643, 4
-0.891382, 0.114979, 0.0471024, 0
-0.828626, 0.106884, 0.029176, 0
-0.793306, 0.102329, 0.0139619, 0
-0.765657, 0.0987621, 0, 0
-1.06868, 0.141263, 0.288842, 1
-1.04658, 0.138342, 0.263211, 1
-1.03552, 0.13688, 0.241148, 1
-1.0279, 0.135873, 0.220386, 10
-1.03544, 0.13687, 0.203021, 3
-1.05442, 0.139379, 0.18754, 1
-1.08492, 0.143411, 0.173329, 2
-1.14273, 0.151052, 0.161997, 4
-1.1611, 0.153481, 0.143806, 5
-1.13975, 0.150659, 0.120835, 4
-1.12192, 0.148301, 0.0990089, 4
-1.10764, 0.146413, 0.0781273, 5
-0.930617, 0.123014, 0.0491958, 0
-0.828286, 0.109487, 0.029176, 0
-0.81677, 0.107965, 0.0143808, 1
-0.773274, 0.102215, 0, 0
-1.06823, 0.14462, 0.288842, 1
-1.05383, 0.142671, 0.265146, 1
-1.03122, 0.13961, 0.240248, 1
-1.0391, 0.140676, 0.222881, 22
-1.03112, 0.139596, 0.202258, 3
-1.06959, 0.144805, 0.190318, 2
-1.10013, 0.148938, 0.175832, 3
-1.14618, 0.155173, 0.162554, 4
-1.14095, 0.154465, 0.141368, 5
-1.12745, 0.152637, 0.119581, 4
-1.12145, 0.151825, 0.0990089, 4
-1.0874, 0.147216, 0.0767321, 5
-1.00939, 0.136655, 0.0533827, 1
-0.812092, 0.109943, 0.0286176, 0
-0.82039, 0.111067, 0.0144506, 0
-0.780876, 0.105717, 0, 0
-1.07925, 0.149566, 0.291948, 1
-1.05722, 0.146514, 0.266114, 1
-1.05394, 0.146059, 0.245647, 1
-1.04252, 0.144477, 0.223713, 25
-1.04623, 0.144991, 0.20531, 2
-1.05743, 0.146542, 0.188235, 1
-1.09965, 0.152394, 0.175832, 3
-1.13784, 0.157685, 0.161441, 4
-1.13652, 0.157503, 0.140881, 4
-1.1112, 0.153994, 0.117908, 4
-1.10518, 0.153159, 0.0976144, 4
-1.08693, 0.150631, 0.0767321, 5
-1.04457, 0.14476, 0.0552668, 2
-0.839461, 0.116335, 0.0295948, 0
-0.800229, 0.110899, 0.0141015, 1
-0.784502, 0.108719, 0, 0
-1.09025, 0.154583, 0.295054, 0
-1.05676, 0.149834, 0.266114, 1
-1.04576, 0.148275, 0.243847, 1
-1.04206, 0.147751, 0.223713, 29
-1.038, 0.147174, 0.203784, 2
-1.06476, 0.150969, 0.189624, 2
-1.09526, 0.155293, 0.175207, 3
-1.13341, 0.160703, 0.160884, 4
-1.1203, 0.158844, 0.138931, 5
-1.11465, 0.158043, 0.118326, 4
-1.08496, 0.153834, 0.0958713, 5
-1.0667, 0.151244, 0.075337, 5
-1.05993, 0.150284, 0.0561041, 4
-0.827217, 0.117289, 0.029176, 0
-0.827595, 0.117342, 0.0145902, 0
-0.780197, 0.110622, 0, 0
-1.08594, 0.157453, 0.294018, 0
-1.05244, 0.152596, 0.265146, 1
-1.053, 0.152678, 0.245647, 1
-1.04159, 0.151024, 0.223713, 22
-1.0453, 0.151561, 0.20531, 3
-1.06428, 0.154313, 0.189624, 2
-1.10649, 0.160434, 0.177084, 4
-1.1329, 0.164263, 0.160884, 5
-1.10408, 0.160084, 0.136981, 5
-1.09053, 0.158119, 0.115818, 4
-1.07264, 0.155526, 0.0948255, 5
-1.06622, 0.154595, 0.075337, 5
-1.0555, 0.15304, 0.0558948, 5
-0.822888, 0.119313, 0.0290364, 0
-0.823265, 0.119368, 0.0145204, 0
-0.760052, 0.110202, 0, 0
-1.08926, 0.16143, 0.295054, 1
-1.05963, 0.15704, 0.267082, 1
-1.04481, 0.154842, 0.243847, 1
-1.03725, 0.153722, 0.222881, 15
-1.03705, 0.153693, 0.203784, 2
-1.07548, 0.159389, 0.191708, 3
-1.09426, 0.162172, 0.175207, 4
-1.11279, 0.164918, 0.158101, 4
-1.09964, 0.162969, 0.136494, 5
-1.08215, 0.160378, 0.114981, 4
-1.06427, 0.157727, 0.0941282, 5
-1.04994, 0.155603, 0.0742209, 5
-1.03921, 0.154013, 0.0550574, 5
-0.830418, 0.12307, 0.0293156, 0
-0.811017, 0.120195, 0.014311, 0
-0.7874, 0.116694, 0, 0
-1.09639, 0.166008, 0.297124, 0
-1.0553, 0.159786, 0.266114, 1
-1.04817, 0.158707, 0.244747, 1
-1.03676, 0.156979, 0.222881, 8
-1.04821, 0.158713, 0.206074, 3
-1.07498, 0.162766, 0.191708, 3
-1.08984, 0.165016, 0.174581, 4
-1.0966, 0.16604, 0.155874, 4
-1.0795, 0.16345, 0.134056, 5
-1.07378, 0.162585, 0.114145, 4
-1.04407, 0.158086, 0.0923851, 5
-1.04156, 0.157706, 0.0736628, 5
-1.03477, 0.156678, 0.0548481, 5
-0.830028, 0.125677, 0.0293156, 0
-0.806681, 0.122143, 0.0142412, 0
-0.77121, 0.116772, 0, 0
-1.09204, 0.168862, 0.296089, 1
-1.05863, 0.163695, 0.267082, 1
-1.04766, 0.162, 0.244747, 1
-1.04399, 0.161432, 0.224545, 3
-1.05547, 0.163206, 0.2076, 3
-1.07835, 0.166745, 0.192402, 4
-1.08541, 0.167836, 0.173955, 4
-1.08824, 0.168275, 0.15476, 5
-1.07113, 0.165628, 0.133081, 5
-1.05361, 0.162919, 0.112055, 4
-1.0475, 0.161975, 0.0927337, 5
-1.02923, 0.159149, 0.0728258, 4
-1.02243, 0.158098, 0.0542201, 5
-0.845431, 0.130729, 0.029874, 0
-0.806293, 0.124677, 0.0142412, 0
-0.790604, 0.122251, 0, 0
-1.10677, 0.174701, 0.30023, 1
-1.06194, 0.167625, 0.268049, 1
-1.0587, 0.167113, 0.247446, 1
-1.04348, 0.164711, 0.224545, 2
-1.06271, 0.167746, 0.209127, 3
-1.07782, 0.170132, 0.192402, 5
-1.08488, 0.171245, 0.173955, 5
-1.07597, 0.16984, 0.15309, 4
-1.06668, 0.168374, 0.132594, 5
-1.04916, 0.165607, 0.111636, 5
-1.02731, 0.162158, 0.0909906, 5
-1.02872, 0.162381, 0.0728258, 5
-1.01009, 0.159441, 0.053592, 5
-0.837119, 0.132137, 0.0295948, 0
-0.813799, 0.128456, 0.0143808, 0
-0.786265, 0.12411, 0, 0
-1.1024, 0.177563, 0.299195, 1
-1.0844, 0.174663, 0.273856, 1
-1.05432, 0.169819, 0.246546, 1
-1.05068, 0.169233, 0.226208, 2
-1.0738, 0.172957, 0.211416, 4
-1.07339, 0.172891, 0.191708, 5
-1.07263, 0.172768, 0.172078, 5
-1.0637, 0.17133, 0.15142, 5
-1.04655, 0.168567, 0.130156, 5
-1.04471, 0.16827, 0.111218, 5
-1.02286, 0.164751, 0.090642, 5
-1.01245, 0.163074, 0.0717097, 4
-1.00564, 0.161978, 0.0533827, 4
-0.844593, 0.136038, 0.029874, 0
-0.813391, 0.131012, 0.0143808, 0
-0.78982, 0.127216, 0, 0
-1.10946, 0.182277, 0.301265, 2
-1.08001, 0.177439, 0.272888, 1
-1.06147, 0.174393, 0.248346, 2
-1.05401, 0.173166, 0.22704, 3
-1.07325, 0.176328, 0.211416, 5
-1.07673, 0.1769, 0.192402, 4
-1.06819, 0.175496, 0.171452, 5
-1.05143, 0.172743, 0.14975, 5
-1.03818, 0.170566, 0.129181, 5
-1.02847, 0.168971, 0.109546, 5
-1.00661, 0.165379, 0.0892475, 5
-1.00012, 0.164313, 0.0708726, 5
-0.993302, 0.163193, 0.0527546, 4
-0.836272, 0.137394, 0.0295948, 0
-0.820868, 0.134863, 0.0145204, 0
-0.769681, 0.126453, 0, 0
-1.11651, 0.187039, 0.303336, 2
-1.09094, 0.182756, 0.275791, 1
-1.06092, 0.177728, 0.248346, 2
-1.06118, 0.17777, 0.228703, 4
-1.06108, 0.177754, 0.209127, 5
-1.06452, 0.17833, 0.190318, 5
-1.05204, 0.17624, 0.168949, 4
-1.03916, 0.174083, 0.14808, 5
-1.02981, 0.172516, 0.128207, 5
-1.00832, 0.168915, 0.107455, 5
-1.00215, 0.167883, 0.0888989, 5
-0.983854, 0.164817, 0.0697565, 5
-0.988845, 0.165653, 0.0525453, 4
-0.851607, 0.142663, 0.0301532, 1
-0.812552, 0.13612, 0.0143808, 0
-0.80084, 0.134158, 0, 0
-1.11211, 0.189896, 0.302301, 3
-1.08653, 0.185529, 0.274823, 2
-1.05652, 0.180404, 0.247446, 3
-1.06447, 0.181762, 0.229534, 4
-1.06051, 0.181086, 0.209127, 5
-1.06007, 0.18101, 0.189624, 5
-1.0437, 0.178215, 0.167698, 5
-1.0269, 0.175347, 0.14641, 5
-1.02143, 0.174413, 0.127232, 5
-1.00778, 0.172082, 0.107455, 5
-0.993766, 0.169689, 0.0882016, 5
-0.987265, 0.168579, 0.0700355, 5
-0.968632, 0.165397, 0.0514986, 4
-0.859035, 0.146683, 0.0304324, 1
-0.808178, 0.137999, 0.014311, 0
-0.772815, 0.131961, 0, 0
-1.10008, 0.191402, 0.299195, 2
-1.08977, 0.189607, 0.275791, 2
-1.06746, 0.185726, 0.250146, 4
-1.06004, 0.184434, 0.228703, 5
-1.06768, 0.185763, 0.210653, 5
-1.04397, 0.181639, 0.186845, 4
-1.02367, 0.178107, 0.164569, 5
-1.02244, 0.177893, 0.145853, 5
-1.01697, 0.176941, 0.126744, 5
-0.99156, 0.17252, 0.105783, 4
-0.98145, 0.170761, 0.0871557, 5
-0.971006, 0.168944, 0.0689194, 4
-0.968107, 0.16844, 0.0514986, 4
-0.85857, 0.149381, 0.0304324, 1
-0.8038, 0.139852, 0.0142412, 0
-0.788159, 0.137131, 0, 0
-1.11089, 0.196879, 0.302301, 3
-1.08152, 0.191674, 0.273856, 3
-1.06304, 0.188398, 0.249246, 4
-1.0479, 0.185714, 0.226208, 5
-1.04776, 0.18569, 0.206837, 5
-1.03176, 0.182854, 0.184762, 4
-1.01532, 0.179942, 0.163318, 5
-1.01408, 0.179721, 0.14474, 5
-1.00077, 0.177363, 0.124794, 5
-0.987096, 0.174939, 0.105365, 5
-0.969138, 0.171757, 0.0861099, 5
-0.958683, 0.169904, 0.0680823, 5
-0.955774, 0.169388, 0.0508705, 4
-0.869906, 0.15417, 0.0308512, 1
-0.815171, 0.14447, 0.0144506, 0
-0.799541, 0.1417, 0, 1
-1.11407, 0.201055, 0.303336, 2
-1.07709, 0.194382, 0.272888, 3
-1.06244, 0.191737, 0.249246, 4
-1.04346, 0.188311, 0.225376, 4
-1.03944, 0.187587, 0.20531, 4
-1.02342, 0.184696, 0.183372, 4
-0.999202, 0.180325, 0.160815, 5
-1.00181, 0.180796, 0.14307, 6
-0.984581, 0.177686, 0.122844, 5
-0.978712, 0.176627, 0.104528, 5
-0.960751, 0.173386, 0.0854126, 5
-0.958145, 0.172915, 0.0680823, 5
-0.951306, 0.171681, 0.0506612, 4
-0.877285, 0.158323, 0.0311304, 2
-0.814713, 0.14703, 0.0144506, 1
-0.799091, 0.144211, 0, 0
-1.10583, 0.203157, 0.301265, 3
-1.07266, 0.197064, 0.27192, 3
-1.05417, 0.193666, 0.247446, 4
-1.04671, 0.192296, 0.226208, 4
-1.02726, 0.188723, 0.203021, 4
-1.01896, 0.187199, 0.182678, 4
-1.00252, 0.184177, 0.16144, 5
-0.993448, 0.182511, 0.141957, 5
-0.980114, 0.180061, 0.122357, 5
-0.966414, 0.177545, 0.103274, 5
-0.952363, 0.174963, 0.0847154, 6
-0.945823, 0.173762, 0.0672452, 5
-0.935047, 0.171782, 0.0498238, 4
-0.900374, 0.165412, 0.0319679, 3
-0.822114, 0.151035, 0.0145902, 1
-0.802569, 0.147444, 0, 0
-1.10139, 0.20592, 0.30023, 4
-1.06441, 0.199006, 0.269985, 3
-1.04972, 0.19626, 0.246546, 4
-1.03456, 0.193426, 0.223713, 4
-1.02666, 0.191949, 0.203021, 4
-0.999011, 0.186779, 0.179205, 4
-0.990283, 0.185148, 0.159563, 5
-0.985082, 0.184175, 0.140843, 6
-0.963933, 0.180221, 0.120407, 5
-0.958031, 0.179118, 0.102438, 5
-0.940058, 0.175757, 0.0836695, 6
-0.933506, 0.174532, 0.0664082, 5
-0.922723, 0.172516, 0.0491958, 5
-0.89592, 0.167505, 0.0318283, 5
-0.841292, 0.157292, 0.0149393, 1
-0.790306, 0.147759, 0, 0
-1.09315, 0.207935, 0.29816, 4
-1.05996, 0.201623, 0.269017, 4
-1.0491, 0.199556, 0.246546, 4
-1.02626, 0.195212, 0.22205, 4
-1.01062, 0.192238, 0.199968, 4
-0.998419, 0.189916, 0.179205, 5
-0.978053, 0.186042, 0.157686, 5
-0.968934, 0.184308, 0.138616, 6
-0.955562, 0.181764, 0.119432, 6
-0.949648, 0.180639, 0.101602, 5
-0.935587, 0.177964, 0.0833209, 6
-0.929033, 0.176718, 0.0661291, 5
-0.918253, 0.174667, 0.0489865, 5
-0.899317, 0.171065, 0.0319679, 5
-0.848652, 0.161428, 0.0150789, 1
-0.797697, 0.151735, 0, 1
-1.08111, 0.209167, 0.295054, 4
-1.05932, 0.204953, 0.269017, 4
-1.03316, 0.199891, 0.242947, 4
-1.01028, 0.195463, 0.218723, 4
-1.00231, 0.193921, 0.198441, 4
-0.986215, 0.190808, 0.177121, 5
-0.969706, 0.187614, 0.156434, 5
-0.96835, 0.187351, 0.138616, 6
-0.951088, 0.184012, 0.118944, 6
-0.941264, 0.182111, 0.100765, 5
-0.927198, 0.17939, 0.0826236, 5
-0.912802, 0.176604, 0.065013, 5
-0.917699, 0.177552, 0.0489865, 5
-0.9027, 0.17465, 0.0321075, 7
-0.852067, 0.164853, 0.0151487, 2
-0.808998, 0.156521, 0, 1
-1.06149, 0.208833, 0.289877, 4
-1.03963, 0.204534, 0.264179, 5
-1.02105, 0.200878, 0.240248, 4
-1.00582, 0.197881, 0.217891, 4
-0.993986, 0.195553, 0.196915, 4
-0.977881, 0.192384, 0.175732, 5
-0.961359, 0.189134, 0.155183, 5
-0.948323, 0.186569, 0.135833, 6
-0.942714, 0.185466, 0.11797, 6
-0.928978, 0.182763, 0.0995111, 5
-0.914901, 0.179994, 0.0815778, 5
-0.912243, 0.179471, 0.065013, 5
-0.905379, 0.178121, 0.0483584, 5
-0.894302, 0.175941, 0.0318283, 7
-0.847621, 0.166757, 0.0150789, 2
-0.812427, 0.159834, 0, 1
-1.05325, 0.210651, 0.287807, 4
-1.03138, 0.206276, 0.262243, 5
-1.00513, 0.201028, 0.236649, 4
-0.997519, 0.199505, 0.216228, 4
-0.970265, 0.194054, 0.192335, 4
-0.969546, 0.19391, 0.174343, 5
-0.956886, 0.191378, 0.154557, 6
-0.939964, 0.187994, 0.13472, 6
-0.93434, 0.186869, 0.116995, 6
-0.920597, 0.184121, 0.0986749, 5
-0.906516, 0.181304, 0.0808805, 6
-0.903849, 0.180771, 0.064455, 5
-0.896981, 0.179397, 0.0479397, 5
-0.885905, 0.177182, 0.0315491, 8
-0.854936, 0.170988, 0.0152185, 2
-0.796231, 0.159247, 0, 1
-1.04501, 0.21242, 0.285736, 4
-1.01931, 0.207196, 0.25934, 5
-1.0045, 0.204184, 0.236649, 4
-0.985384, 0.2003, 0.213733, 4
-0.977346, 0.198666, 0.193862, 4
-0.961211, 0.195386, 0.172954, 5
-0.948537, 0.19281, 0.153306, 5
-0.939369, 0.190946, 0.13472, 7
-0.925968, 0.188222, 0.11602, 6
-0.912217, 0.185427, 0.0978386, 5
-0.902037, 0.183358, 0.0805319, 5
-0.891546, 0.181225, 0.0636179, 5
-0.896413, 0.182214, 0.0479397, 5
-0.881426, 0.179168, 0.0314095, 7
-0.846556, 0.17208, 0.0150789, 3
-0.811406, 0.164935, 0, 1
-1.04055, 0.21492, 0.284701, 4
-1.00725, 0.208042, 0.256437, 5
-0.996215, 0.205762, 0.234849, 4
-0.977087, 0.201811, 0.21207, 4
-0.953645, 0.19697, 0.189283, 4
-0.952877, 0.196811, 0.171564, 6
-0.93245, 0.192592, 0.150803, 6
-0.934885, 0.193095, 0.134163, 7
-0.921484, 0.190327, 0.115532, 6
-0.903839, 0.186682, 0.0970024, 5
-0.893652, 0.184578, 0.0798347, 5
-0.879249, 0.181604, 0.0627808, 6
-0.880188, 0.181798, 0.0471024, 5
-0.873029, 0.180319, 0.0311304, 7
-0.849928, 0.175548, 0.0151487, 5
-0.810884, 0.167483, 0, 1
-1.01719, 0.213428, 0.278489, 4
-0.998997, 0.209611, 0.254502, 5
-0.980306, 0.20569, 0.23125, 4
-0.972619, 0.204077, 0.211238, 4
-0.949179, 0.199158, 0.188519, 5
-0.940688, 0.197377, 0.169481, 6
-0.93184, 0.19552, 0.150803, 6
-0.922644, 0.193591, 0.132493, 6
-0.91311, 0.19159, 0.114557, 6
-0.895461, 0.187887, 0.0961662, 5
-0.881368, 0.18493, 0.0787888, 5
-0.878674, 0.184365, 0.0627808, 5
-0.871794, 0.182921, 0.0466837, 5
-0.864634, 0.181419, 0.0308512, 7
-0.853286, 0.179038, 0.0152185, 5
-0.822098, 0.172494, 0, 2
-1.00517, 0.214207, 0.275383, 4
-0.986946, 0.210322, 0.251599, 5
-0.972031, 0.207144, 0.22945, 5
-0.968146, 0.206316, 0.210407, 4
-0.944708, 0.201321, 0.187756, 4
-0.936211, 0.19951, 0.168786, 6
-0.915766, 0.195153, 0.1483, 6
-0.906535, 0.193186, 0.130266, 6
-0.900855, 0.191976, 0.113095, 6
-0.890976, 0.18987, 0.0957481, 5
-0.876885, 0.186868, 0.0784402, 6
-0.870285, 0.185461, 0.0622228, 6
-0.859494, 0.183162, 0.0460556, 5
-0.86015, 0.183301, 0.0307116, 7
-0.848808, 0.180884, 0.0151487, 7
-0.825465, 0.17591, 0, 2
-1.00072, 0.216546, 0.274348, 5
-0.982487, 0.212601, 0.250631, 4
-0.963757, 0.208548, 0.22765, 5
-0.948373, 0.205219, 0.206248, 4
-0.944071, 0.204288, 0.187756, 4
-0.927879, 0.200784, 0.167397, 6
-0.915148, 0.198029, 0.1483, 6
-0.909795, 0.196871, 0.130823, 6
-0.892486, 0.193125, 0.11212, 6
-0.886487, 0.191827, 0.09533, 5
-0.872399, 0.188779, 0.0780915, 5
-0.865798, 0.18735, 0.0619437, 6
-0.858915, 0.185861, 0.0460556, 5
-0.847848, 0.183466, 0.0302928, 7
-0.848236, 0.18355, 0.0151487, 7
-0.824908, 0.178502, 0, 3
-0.996261, 0.21886, 0.273313, 4
-0.95907, 0.21069, 0.244825, 5
-0.955483, 0.209902, 0.225851, 5
-0.951545, 0.209037, 0.20708, 4
-0.924249, 0.20304, 0.18394, 5
-0.923396, 0.202853, 0.166702, 6
-0.902945, 0.19836, 0.146423, 6
-0.905303, 0.198878, 0.130266, 6
-0.887997, 0.195076, 0.111632, 6
-0.874223, 0.192051, 0.0940756, 6
-0.86791, 0.190664, 0.0777429, 5
-0.849616, 0.186645, 0.0608276, 6
-0.854425, 0.187701, 0.0458463, 5
-0.843363, 0.185271, 0.0301532, 7
-0.835936, 0.18364, 0.0149393, 7
-0.820436, 0.180234, 0, 4
-0.980484, 0.218625, 0.269172, 4
-0.962191, 0.214546, 0.245793, 5
-0.947211, 0.211206, 0.224051, 5
-0.939427, 0.20947, 0.204585, 5
-0.919774, 0.205088, 0.183177, 5
-0.907375, 0.202324, 0.163924, 5
-0.894605, 0.199476, 0.145171, 6
-0.88921, 0.198273, 0.128039, 6
-0.875755, 0.195273, 0.11017, 6
-0.86585, 0.193064, 0.0932394, 6
-0.859528, 0.191655, 0.0770457, 6
-0.849026, 0.189313, 0.0608276, 5
-0.842135, 0.187777, 0.0452183, 5
-0.834973, 0.18618, 0.029874, 7
-0.831452, 0.185394, 0.0148694, 6
-0.815962, 0.181941, 0, 4
-0.964719, 0.218294, 0.265031, 5
-0.94637, 0.214142, 0.241922, 4
-0.935139, 0.2116, 0.221352, 5
-0.931132, 0.210694, 0.202922, 5
-0.907637, 0.205377, 0.180887, 5
-0.902893, 0.204304, 0.163229, 5
-0.893974, 0.202286, 0.145171, 6
-0.876992, 0.198443, 0.126369, 6
-0.867393, 0.196271, 0.109195, 6
-0.853599, 0.19315, 0.091985, 6
-0.847262, 0.191716, 0.0759998, 6
-0.840643, 0.190218, 0.0602696, 5
-0.833749, 0.188658, 0.0447996, 6
-0.826586, 0.187037, 0.0295948, 7
-0.826964, 0.187123, 0.0147996, 6
-0.819288, 0.185386, 0, 6
-0.952731, 0.21873, 0.261925, 5
-0.945693, 0.217114, 0.241922, 4
-0.930671, 0.213665, 0.220452, 5
-0.934279, 0.214493, 0.203753, 5
-0.90316, 0.207349, 0.180124, 5
-0.890729, 0.204495, 0.161146, 5
-0.877932, 0.201557, 0.142668, 6
-0.876364, 0.201197, 0.126369, 6
-0.855163, 0.19633, 0.107732, 6
-0.852988, 0.195831, 0.091985, 6
-0.835004, 0.191702, 0.0749539, 6
-0.836152, 0.191965, 0.0599906, 5
-0.825366, 0.189489, 0.0443809, 6
-0.822099, 0.188739, 0.0294552, 7
-0.822474, 0.188825, 0.0147298, 6
-0.810904, 0.186169, 0, 6
-0.955803, 0.222597, 0.26296, 5
-0.933666, 0.217442, 0.239019, 4
-0.918607, 0.213935, 0.217753, 5
-0.922169, 0.214764, 0.201259, 5
-0.89868, 0.209294, 0.17936, 5
-0.874736, 0.203718, 0.158367, 6
-0.873447, 0.203418, 0.142042, 6
-0.860297, 0.200355, 0.124142, 6
-0.854542, 0.199015, 0.107732, 7
-0.840746, 0.195802, 0.0907307, 6
-0.834398, 0.194323, 0.0749539, 6
-0.823886, 0.191875, 0.0591535, 5
-0.824766, 0.19208, 0.0443809, 6
-0.813715, 0.189507, 0.029176, 6
-0.814087, 0.189593, 0.0145902, 6
-0.810315, 0.188715, 0, 5
-0.947578, 0.223823, 0.26089, 4
-0.925424, 0.21859, 0.237083, 4
-0.910344, 0.215029, 0.215953, 5
-0.917682, 0.216762, 0.200427, 6
-0.882733, 0.208506, 0.176308, 5
-0.877925, 0.207371, 0.159062, 5
-0.861269, 0.203437, 0.140165, 6
-0.848098, 0.200326, 0.122472, 6
-0.846185, 0.199874, 0.106758, 6
-0.832383, 0.196614, 0.0898945, 6
-0.822149, 0.194196, 0.0739081, 6
-0.823279, 0.194463, 0.0591535, 6
-0.808609, 0.190998, 0.0435435, 6
-0.813116, 0.192063, 0.029176, 6
-0.805703, 0.190312, 0.0144506, 6
-0.805825, 0.190341, 0, 5
-0.928083, 0.222299, 0.255713, 4
-0.913409, 0.218784, 0.23418, 5
-0.902084, 0.216072, 0.214153, 5
-0.913191, 0.218732, 0.199595, 6
-0.870618, 0.208535, 0.174018, 4
-0.865777, 0.207375, 0.156978, 5
-0.856783, 0.205221, 0.13954, 6
-0.847464, 0.202989, 0.122472, 7
-0.841692, 0.201606, 0.10627, 7
-0.824024, 0.197374, 0.0890583, 6
-0.81766, 0.19585, 0.0735594, 6
-0.811023, 0.19426, 0.0583164, 6
-0.80412, 0.192607, 0.0433342, 7
-0.800845, 0.191823, 0.0287572, 6
-0.797322, 0.190979, 0.014311, 6
-0.801333, 0.191939, 0, 5
-0.923625, 0.224302, 0.254678, 5
-0.908946, 0.220737, 0.233213, 5
-0.901401, 0.218905, 0.214153, 5
-0.901093, 0.21883, 0.1971, 5
-0.869958, 0.211269, 0.174018, 5
-0.865121, 0.210094, 0.156978, 5
-0.844617, 0.205115, 0.137662, 6
-0.839124, 0.203781, 0.121359, 7
-0.833338, 0.202376, 0.105295, 7
-0.8234, 0.199962, 0.0890583, 6
-0.809296, 0.196537, 0.0728622, 6
-0.806531, 0.195866, 0.0580374, 5
-0.799629, 0.194189, 0.0431248, 7
-0.796354, 0.193394, 0.0286176, 6
-0.796718, 0.193483, 0.014311, 6
-0.785178, 0.19068, 0, 5
-0.915413, 0.225355, 0.252607, 4
-0.893174, 0.21988, 0.229342, 5
-0.878002, 0.216145, 0.208755, 5
-0.896602, 0.220724, 0.196269, 6
-0.857852, 0.211184, 0.171728, 5
-0.849157, 0.209044, 0.1542, 6
-0.836296, 0.205878, 0.136411, 6
-0.834634, 0.205469, 0.120802, 6
-0.828844, 0.204043, 0.104808, 7
-0.81118, 0.199695, 0.0878039, 5
-0.812544, 0.200031, 0.0732108, 6
-0.794288, 0.195536, 0.0572003, 6
-0.795137, 0.195745, 0.0429155, 6
-0.787979, 0.193983, 0.0283384, 6
-0.780573, 0.19216, 0.0140317, 6
-0.784576, 0.193145, 0, 5
-0.892208, 0.222618, 0.246396, 4
-0.892478, 0.222685, 0.229342, 5
-0.8811, 0.219846, 0.209654, 5
-0.888312, 0.221646, 0.194605, 6
-0.845755, 0.211027, 0.169438, 5
-0.840852, 0.209804, 0.15281, 5
-0.835645, 0.208505, 0.136411, 6
-0.826297, 0.206172, 0.119689, 6
-0.816642, 0.203763, 0.103345, 6
-0.810548, 0.202243, 0.0878039, 5
-0.79258, 0.197759, 0.0714677, 6
-0.79367, 0.198031, 0.0572003, 5
-0.794517, 0.198243, 0.0429155, 7
-0.77573, 0.193555, 0.0279196, 6
-0.787726, 0.196548, 0.0141714, 6
-0.776203, 0.193673, 0, 5
-0.891465, 0.225575, 0.246396, 4
-0.880447, 0.222787, 0.226439, 5
-0.869031, 0.219899, 0.206955, 4
-0.879986, 0.222671, 0.192942, 5
-0.845051, 0.213831, 0.169438, 4
-0.832513, 0.210658, 0.151421, 5
-0.819628, 0.207398, 0.133908, 6
-0.814089, 0.205996, 0.118019, 7
-0.812113, 0.205496, 0.102858, 6
-0.798303, 0.202002, 0.0865496, 6
-0.79192, 0.200387, 0.0714677, 6
-0.78914, 0.199683, 0.0569213, 5
-0.782238, 0.197937, 0.0422875, 7
-0.778959, 0.197107, 0.0280592, 7
-0.767684, 0.194254, 0.0138223, 6
-0.771679, 0.195265, 0, 5
-0.887048, 0.22726, 0.24536, 5
-0.883542, 0.226362, 0.227407, 5
-0.860823, 0.220541, 0.205155, 5
-0.86037, 0.220425, 0.188784, 4
-0.833002, 0.213414, 0.167149, 5
-0.824253, 0.211172, 0.150032, 5
-0.819009, 0.209829, 0.133908, 6
-0.809637, 0.207428, 0.117462, 7
-0.803808, 0.205934, 0.101883, 6
-0.793847, 0.203382, 0.0861315, 6
-0.775882, 0.19878, 0.0700732, 6
-0.784679, 0.201033, 0.0566423, 6
-0.777778, 0.199265, 0.0420781, 7
-0.770626, 0.197433, 0.02778, 6
-0.767104, 0.196531, 0.0138223, 6
-0.763346, 0.195568, 0, 5
-0.882591, 0.229075, 0.244325, 4
-0.860286, 0.223286, 0.2216, 5
-0.852581, 0.221286, 0.203356, 5
-0.848313, 0.220178, 0.186289, 4
-0.824726, 0.214056, 0.165622, 5
-0.81596, 0.211781, 0.148643, 5
-0.806874, 0.209423, 0.132031, 7
-0.801314, 0.207979, 0.116349, 8
-0.791628, 0.205466, 0.10042, 7
-0.781653, 0.202876, 0.0848771, 6
-0.779111, 0.202217, 0.0704218, 6
-0.776319, 0.201492, 0.0560842, 6
-0.769416, 0.1997, 0.0416594, 7
-0.766133, 0.198848, 0.0276404, 6
-0.762612, 0.197934, 0.0137525, 6
-0.758856, 0.19696, 0, 5
-0.870656, 0.2289, 0.241219, 4
-0.863334, 0.226975, 0.222568, 5
-0.848112, 0.222973, 0.202456, 5
-0.840049, 0.220853, 0.184626, 4
-0.820252, 0.215648, 0.164859, 4
-0.81529, 0.214344, 0.148643, 5
-0.79857, 0.209948, 0.130779, 7
-0.796825, 0.209489, 0.115792, 8
-0.787139, 0.206943, 0.0999329, 7
-0.781011, 0.205332, 0.0848771, 5
-0.774617, 0.203651, 0.0700732, 6
-0.767964, 0.201901, 0.0555262, 6
-0.764921, 0.201101, 0.0414501, 7
-0.765504, 0.201255, 0.0276404, 7
-0.758118, 0.199313, 0.0136827, 6
-0.750497, 0.197309, 0, 5
-0.862425, 0.229796, 0.239149, 4
-0.851326, 0.226838, 0.219665, 4
-0.843602, 0.224781, 0.201556, 5
-0.83175, 0.221623, 0.182962, 4
-0.815738, 0.217356, 0.164096, 4
-0.803156, 0.214003, 0.146559, 5
-0.794052, 0.211578, 0.130153, 7
-0.792299, 0.211111, 0.115235, 7
-0.778776, 0.207507, 0.0989579, 6
-0.776482, 0.206896, 0.084459, 6
-0.766237, 0.204166, 0.069376, 6
-0.763435, 0.20342, 0.0552471, 6
-0.76425, 0.203637, 0.0414501, 7
-0.757107, 0.201734, 0.0273612, 7
-0.753588, 0.200796, 0.0136129, 6
-0.749838, 0.199797, 0, 5
-0.86547, 0.23336, 0.240184, 4
-0.839407, 0.226332, 0.216762, 5
-0.827879, 0.223224, 0.197957, 5
-0.827311, 0.223071, 0.182131, 4
-0.796134, 0.214664, 0.16028, 4
-0.798714, 0.21536, 0.145864, 5
-0.781977, 0.210847, 0.128276, 7
-0.78402, 0.211398, 0.114122, 8
-0.774324, 0.208784, 0.0984704, 7
-0.764342, 0.206092, 0.0832047, 5
-0.765628, 0.206439, 0.069376, 6
-0.75127, 0.202567, 0.05441, 6
-0.755929, 0.203824, 0.0410314, 7
-0.748786, 0.201898, 0.027082, 7
-0.741405, 0.199908, 0.0134034, 6
-0.749242, 0.202021, 0, 5
-0.846097, 0.230989, 0.235008, 4
-0.838692, 0.228968, 0.216762, 5
-0.830934, 0.22685, 0.198857, 5
-0.815283, 0.222577, 0.179636, 4
-0.799244, 0.218198, 0.161043, 4
-0.790433, 0.215793, 0.144475, 5
-0.788934, 0.215383, 0.129528, 6
-0.771888, 0.21073, 0.112452, 8
-0.769834, 0.210169, 0.097983, 7
-0.767529, 0.20954, 0.0836228, 5
-0.753443, 0.205694, 0.0683301, 6
-0.754479, 0.205977, 0.0546891, 7
-0.747578, 0.204093, 0.0406127, 7
-0.744291, 0.203196, 0.0269424, 7
-0.744632, 0.203289, 0.0134733, 5
-0.740886, 0.202266, 0, 5
-0.841642, 0.232617, 0.233972, 4
-0.830486, 0.229534, 0.214827, 5
-0.822704, 0.227383, 0.197057, 5
-0.803266, 0.222011, 0.177141, 4
-0.79477, 0.219662, 0.16028, 4
-0.77836, 0.215127, 0.142392, 5
-0.776829, 0.214704, 0.127651, 6
-0.77504, 0.214209, 0.113009, 7
-0.761516, 0.210472, 0.097008, 7
-0.759198, 0.209831, 0.0827865, 5
-0.748953, 0.206999, 0.0679815, 6
-0.74229, 0.205158, 0.053852, 6
-0.746933, 0.206441, 0.0406127, 7
-0.735943, 0.203404, 0.0266632, 7
-0.740134, 0.204562, 0.0134034, 6
-0.736392, 0.203528, 0, 5
-0.829705, 0.232282, 0.230867, 5
-0.814771, 0.228101, 0.210956, 5
-0.814439, 0.228008, 0.195258, 5
-0.79499, 0.222564, 0.175477, 4
-0.782694, 0.219121, 0.15799, 4
-0.773849, 0.216645, 0.141697, 5
-0.772308, 0.216214, 0.127025, 6
-0.762882, 0.213575, 0.111338, 7
-0.753168, 0.210855, 0.096033, 7
-0.747006, 0.20913, 0.0815322, 6
-0.748262, 0.209482, 0.0679815, 6
-0.737763, 0.206542, 0.053573, 5
-0.734704, 0.205686, 0.0399847, 7
-0.727565, 0.203688, 0.026384, 7
-0.731749, 0.204859, 0.0132638, 6
-0.728009, 0.203812, 0, 4
-0.825253, 0.233834, 0.229831, 5
-0.806582, 0.228544, 0.209021, 4
-0.809969, 0.229503, 0.194358, 5
-0.782994, 0.22186, 0.172983, 4
-0.774446, 0.219438, 0.156463, 4
-0.769375, 0.218001, 0.141002, 5
-0.764023, 0.216485, 0.125773, 6
-0.758397, 0.214891, 0.110782, 7
-0.752502, 0.21322, 0.096033, 7
-0.746345, 0.211476, 0.0815322, 6
-0.739932, 0.209659, 0.0672842, 6
-0.733271, 0.207771, 0.0532939, 6
-0.730211, 0.206904, 0.0397753, 6
-0.726922, 0.205972, 0.026384, 7
-0.727254, 0.206066, 0.013194, 5
-0.723516, 0.205007, 0, 5
-0.817127, 0.234153, 0.227761, 5
-0.8059, 0.230936, 0.209021, 5
-0.798044, 0.228685, 0.191658, 5
-0.782332, 0.224182, 0.172983, 4
-0.766242, 0.219572, 0.154937, 4
-0.764938, 0.219198, 0.140308, 5
-0.755782, 0.216574, 0.124522, 6
-0.75014, 0.214958, 0.109668, 7
-0.748049, 0.214358, 0.0955456, 7
-0.738066, 0.211498, 0.080696, 6
-0.731646, 0.209658, 0.066587, 6
-0.732652, 0.209946, 0.0532939, 7
-0.725754, 0.20797, 0.039566, 5
-0.718622, 0.205926, 0.0261048, 7
-0.71895, 0.20602, 0.0130544, 5
-0.722905, 0.207153, 0, 5
-0.812677, 0.235643, 0.226725, 5
-0.797715, 0.231305, 0.207085, 5
-0.797322, 0.231191, 0.191658, 5
-0.77035, 0.22337, 0.170488, 4
-0.765548, 0.221978, 0.154937, 5
-0.760462, 0.220503, 0.139613, 5
-0.747509, 0.216747, 0.12327, 6
-0.749461, 0.217313, 0.109668, 7
-0.735933, 0.21339, 0.0940831, 7
-0.737398, 0.213815, 0.080696, 6
-0.723329, 0.209736, 0.0658897, 6
-0.716659, 0.207802, 0.0521778, 6
-0.728934, 0.211361, 0.0397753, 5
-0.714132, 0.207069, 0.0259652, 7
-0.714458, 0.207164, 0.0129846, 5
-0.710725, 0.206081, 0, 4
-0.800769, 0.235071, 0.22362, 5
-0.79322, 0.232855, 0.206117, 4
-0.792811, 0.232735, 0.190758, 5
-0.77336, 0.227025, 0.171319, 5
-0.764808, 0.224515, 0.154937, 5
-0.759727, 0.223023, 0.139613, 6
-0.742995, 0.218111, 0.122645, 6
-0.741135, 0.217565, 0.108555, 6
-0.735221, 0.215829, 0.0940831, 7
-0.732868, 0.215138, 0.0802779, 6
-0.718807, 0.211011, 0.0655411, 6
-0.719795, 0.211301, 0.0524569, 7
-0.716731, 0.210401, 0.0391473, 5
-0.70577, 0.207184, 0.025686, 7
-0.713768, 0.209531, 0.0129846, 5
-0.710038, 0.208437, 0, 4
-0.803731, 0.238686, 0.224655, 5
-0.781323, 0.232032, 0.203214, 5
-0.777131, 0.230787, 0.187159, 5
-0.765141, 0.227226, 0.169656, 5
-0.752807, 0.223563, 0.152647, 5
-0.747694, 0.222045, 0.137529, 5
-0.738519, 0.21932, 0.122019, 6
-0.732853, 0.217638, 0.107442, 6
-0.726928, 0.215878, 0.0931082, 7
-0.720748, 0.214043, 0.0790235, 7
-0.71432, 0.212134, 0.0651925, 6
-0.711477, 0.211289, 0.0518988, 6
-0.712237, 0.211515, 0.038938, 5
-0.705115, 0.2094, 0.025686, 7
-0.701604, 0.208357, 0.0127752, 5
-0.701711, 0.208389, 0, 5
-0.788217, 0.236626, 0.220514, 5
-0.780631, 0.234349, 0.203214, 5
-0.776443, 0.233092, 0.187159, 5
-0.753222, 0.226121, 0.167161, 5
-0.75214, 0.225796, 0.152647, 5
-0.743259, 0.22313, 0.136835, 5
-0.737865, 0.22151, 0.122019, 6
-0.728411, 0.218672, 0.106885, 6
-0.722481, 0.216892, 0.0926207, 7
-0.720109, 0.21618, 0.0790235, 7
-0.709871, 0.213107, 0.0648439, 6
-0.707025, 0.212252, 0.0516198, 6
-0.700128, 0.210182, 0.0383099, 5
-0.704491, 0.211491, 0.025686, 6
-0.693322, 0.208138, 0.0126355, 5
-0.697258, 0.20932, 0, 5
-0.780075, 0.236856, 0.218443, 5
-0.768749, 0.233417, 0.200311, 5
-0.771977, 0.234398, 0.186259, 5
-0.752507, 0.228486, 0.167161, 5
-0.743913, 0.225876, 0.151121, 5
-0.742554, 0.225464, 0.136835, 5
-0.718264, 0.218088, 0.11889, 6
-0.72393, 0.219809, 0.106328, 7
-0.721796, 0.219161, 0.0926207, 7
-0.711814, 0.21613, 0.0781873, 7
-0.705385, 0.214178, 0.0644953, 6
-0.698718, 0.212154, 0.0510617, 6
-0.699465, 0.21238, 0.0383099, 6
-0.696173, 0.211381, 0.0254068, 5
-0.692664, 0.210315, 0.0126355, 5
-0.696597, 0.21151, 0, 5
-0.771899, 0.237172, 0.216373, 5
-0.771681, 0.237105, 0.201279, 5
-0.756294, 0.232377, 0.18266, 5
-0.748006, 0.22983, 0.166329, 4
-0.7319, 0.224882, 0.148831, 5
-0.719209, 0.220982, 0.132667, 6
-0.721313, 0.221629, 0.119516, 6
-0.708052, 0.217554, 0.104101, 7
-0.70968, 0.218055, 0.0911583, 7
-0.703488, 0.216152, 0.0773511, 6
-0.697053, 0.214175, 0.063798, 6
-0.694197, 0.213297, 0.0507827, 6
-0.694938, 0.213525, 0.0381006, 6
-0.687826, 0.21134, 0.0251276, 5
-0.68814, 0.211436, 0.0125657, 5
-0.684421, 0.210294, 0, 4
-0.77115, 0.239596, 0.216373, 6
-0.756107, 0.234922, 0.197408, 5
-0.75556, 0.234752, 0.18266, 4
-0.732334, 0.227536, 0.163003, 5
-0.72744, 0.226015, 0.148068, 5
-0.722273, 0.22441, 0.133362, 5
-0.71684, 0.222722, 0.11889, 6
-0.707364, 0.219778, 0.104101, 7
-0.7052, 0.219105, 0.0906708, 7
-0.706604, 0.219542, 0.0777692, 7
-0.700182, 0.217546, 0.0641466, 6
-0.682092, 0.211926, 0.0499456, 6
-0.690449, 0.214522, 0.0378912, 6
-0.683341, 0.212314, 0.024988, 5
-0.687472, 0.213597, 0.0125657, 5
-0.687577, 0.21363, 0, 4
-0.766708, 0.24086, 0.215337, 5
-0.751662, 0.236133, 0.196441, 5
-0.747382, 0.234788, 0.180861, 5
-0.731616, 0.229836, 0.163003, 5
-0.719234, 0.225946, 0.146541, 5
-0.717807, 0.225497, 0.132667, 6
-0.70483, 0.221421, 0.117013, 6
-0.71045, 0.223186, 0.104658, 7
-0.704509, 0.22132, 0.0906708, 7
-0.698321, 0.219376, 0.076933, 7
-0.68809, 0.216162, 0.0631008, 7
-0.677616, 0.212872, 0.0496666, 6
-0.68215, 0.214296, 0.0374725, 6
-0.68267, 0.214459, 0.024988, 5
-0.682982, 0.214557, 0.0124959, 6
-0.67927, 0.213391, 0, 4
-0.758624, 0.240795, 0.213267, 5
-0.739861, 0.234839, 0.193538, 5
-0.739253, 0.234646, 0.179061, 5
-0.730931, 0.232005, 0.163003, 5
-0.722304, 0.229266, 0.147305, 5
-0.709625, 0.225242, 0.131278, 6
-0.696639, 0.22112, 0.115762, 6
-0.698458, 0.221698, 0.102988, 7
-0.692497, 0.219805, 0.0892084, 7
-0.690083, 0.219039, 0.0760967, 7
-0.67985, 0.215791, 0.0624035, 7
-0.673178, 0.213673, 0.0493876, 6
-0.673897, 0.213902, 0.0370539, 5
-0.6706, 0.212855, 0.0245692, 5
-0.674719, 0.214163, 0.0123563, 6
-0.671009, 0.212985, 0, 4
-0.757822, 0.243309, 0.213267, 5
-0.739078, 0.237291, 0.193538, 5
-0.727338, 0.233522, 0.176362, 5
-0.715256, 0.229643, 0.159676, 5
-0.714062, 0.22926, 0.145778, 5
-0.701373, 0.225186, 0.129889, 6
-0.69214, 0.222221, 0.115136, 6
-0.690176, 0.221591, 0.101875, 8
-0.687984, 0.220887, 0.0887209, 8
-0.681778, 0.218894, 0.0752605, 6
-0.675337, 0.216826, 0.0620549, 8
-0.680064, 0.218344, 0.0499456, 6
-0.673184, 0.216135, 0.0370539, 5
-0.662279, 0.212634, 0.02429, 5
-0.666389, 0.213954, 0.0122167, 6
-0.666491, 0.213986, 0, 4
-0.749703, 0.243304, 0.211196, 5
-0.738329, 0.239613, 0.193538, 5
-0.730307, 0.237009, 0.177261, 5
-0.71081, 0.230682, 0.158845, 5
-0.702134, 0.227866, 0.143488, 5
-0.700662, 0.227389, 0.129889, 6
-0.68768, 0.223176, 0.11451, 6
-0.693244, 0.224981, 0.102431, 7
-0.679734, 0.220597, 0.0877459, 7
-0.681087, 0.221036, 0.0752605, 6
-0.674652, 0.218947, 0.0620549, 7
-0.671784, 0.218017, 0.0493876, 6
-0.668702, 0.217016, 0.0368445, 5
-0.665409, 0.215948, 0.0244296, 5
-0.665714, 0.216047, 0.0122167, 5
-0.665815, 0.21608, 0, 5
-0.741593, 0.24325, 0.209126, 5
-0.730196, 0.239512, 0.191602, 5
-0.722153, 0.236873, 0.175462, 5
-0.710081, 0.232914, 0.158845, 5
-0.701415, 0.230071, 0.143488, 5
-0.692458, 0.227133, 0.1285, 5
-0.683222, 0.224103, 0.113884, 6
-0.681242, 0.223454, 0.100761, 6
-0.68281, 0.223968, 0.0882334, 7
-0.672829, 0.220695, 0.0744243, 6
-0.670175, 0.219824, 0.0617063, 7
-0.667304, 0.218882, 0.0491086, 6
-0.664221, 0.217871, 0.0366352, 5
-0.660929, 0.216791, 0.02429, 5
-0.661231, 0.21689, 0.0121469, 5
-0.653731, 0.21443, 0, 4
-0.7372, 0.244233, 0.208091, 5
-0.722114, 0.239235, 0.189667, 5
-0.717747, 0.237789, 0.174562, 5
-0.701959, 0.232558, 0.157181, 5
-0.697002, 0.230916, 0.142725, 5
-0.688042, 0.227947, 0.127805, 6
-0.678804, 0.224887, 0.113259, 7
-0.684337, 0.22672, 0.101318, 7
-0.670836, 0.222247, 0.086771, 7
-0.672171, 0.222689, 0.0744243, 6
-0.665737, 0.220558, 0.0613576, 7
-0.659076, 0.218351, 0.0485505, 6
-0.655988, 0.217328, 0.0362165, 5
-0.652694, 0.216237, 0.0240109, 5
-0.656789, 0.217593, 0.0120771, 5
-0.656889, 0.217626, 0, 4
-0.725438, 0.242869, 0.204985, 5
-0.721359, 0.241503, 0.189667, 6
-0.705909, 0.236331, 0.171863, 5
-0.697515, 0.233521, 0.15635, 5
-0.685103, 0.229365, 0.140435, 5
-0.687322, 0.230108, 0.127805, 5
-0.678094, 0.227019, 0.113259, 7
-0.672352, 0.225096, 0.0996479, 7
-0.66637, 0.223093, 0.0862835, 7
-0.663924, 0.222275, 0.073588, 6
-0.657483, 0.220118, 0.0606604, 6
-0.658387, 0.220421, 0.0485505, 6
-0.655302, 0.219388, 0.0362165, 4
-0.655802, 0.219556, 0.0241504, 5
-0.644724, 0.215847, 0.0118676, 5
-0.652409, 0.218419, 0, 5
-0.717309, 0.242796, 0.202914, 5
-0.713202, 0.241405, 0.187731, 6
-0.697738, 0.236171, 0.170063, 5
-0.689325, 0.233323, 0.154686, 5
-0.691777, 0.234153, 0.141962, 5
-0.675362, 0.228597, 0.125721, 5
-0.673595, 0.227999, 0.112633, 6
-0.671602, 0.227325, 0.0996479, 7
-0.661865, 0.224029, 0.085796, 7
-0.663183, 0.224475, 0.073588, 6
-0.652975, 0.22102, 0.0603118, 6
-0.653873, 0.221324, 0.0482715, 5
-0.650788, 0.220279, 0.0360071, 5
-0.636138, 0.215321, 0.0234525, 5
-0.65537, 0.22183, 0.0120771, 5
-0.644103, 0.218017, 0, 4
-0.716543, 0.245048, 0.202914, 6
-0.705095, 0.241133, 0.185796, 5
-0.696992, 0.238362, 0.170063, 5
-0.688588, 0.235488, 0.154686, 5
-0.676177, 0.231243, 0.138909, 5
-0.67464, 0.230718, 0.125721, 5
-0.669137, 0.228836, 0.112007, 6
-0.663389, 0.22687, 0.0985346, 7
-0.653645, 0.223538, 0.0848211, 7
-0.647418, 0.221408, 0.0719156, 6
-0.648507, 0.221781, 0.0599632, 6
-0.649399, 0.222086, 0.0479925, 5
-0.646313, 0.22103, 0.0357978, 5
-0.643023, 0.219905, 0.0237317, 5
-0.635748, 0.217417, 0.011728, 5
-0.635845, 0.217451, 0, 5
-0.712117, 0.246036, 0.201879, 5
-0.704334, 0.243347, 0.185796, 5
-0.692556, 0.239278, 0.169163, 5
-0.684147, 0.236372, 0.153855, 4
-0.671736, 0.232084, 0.138146, 5
-0.670189, 0.23155, 0.125027, 5
-0.664681, 0.229647, 0.111381, 6
-0.655185, 0.226366, 0.0974212, 7
-0.660445, 0.228183, 0.085796, 7
-0.650479, 0.22474, 0.0723337, 6
-0.647807, 0.223817, 0.0599632, 6
-0.641155, 0.221519, 0.0474344, 5
-0.634289, 0.219146, 0.0351698, 5
-0.638551, 0.220619, 0.0235921, 5
-0.642623, 0.222026, 0.0118676, 5
-0.63894, 0.220753, 0, 5
-0.70044, 0.24433, 0.198773, 5
-0.696279, 0.242879, 0.183861, 5
-0.684483, 0.238764, 0.167364, 5
-0.676054, 0.235824, 0.152191, 4
-0.674751, 0.23537, 0.138909, 5
-0.665779, 0.23224, 0.124332, 5
-0.656536, 0.229015, 0.11013, 6
-0.654511, 0.228309, 0.0974212, 7
-0.64477, 0.224911, 0.0838461, 7
-0.642298, 0.224049, 0.0714975, 6
-0.64714, 0.225738, 0.0599632, 6
-0.640495, 0.22342, 0.0474344, 5
-0.629864, 0.219712, 0.0349604, 5
-0.630344, 0.219879, 0.0233129, 6
-0.630632, 0.21998, 0.0116582, 5
-0.630728, 0.220013, 0, 5
-0.695982, 0.245367, 0.197738, 5
-0.688149, 0.242606, 0.181925, 5
-0.683688, 0.241033, 0.167364, 5
-0.667888, 0.235463, 0.150528, 5
-0.662858, 0.233689, 0.136619, 5
-0.66129, 0.233137, 0.123638, 5
-0.652047, 0.229878, 0.109504, 6
-0.646278, 0.227844, 0.0963078, 8
-0.644021, 0.227048, 0.0838461, 7
-0.641551, 0.226178, 0.0714975, 6
-0.635114, 0.223908, 0.0589173, 6
-0.632224, 0.222889, 0.0468763, 5
-0.625365, 0.220471, 0.0347511, 5
-0.625841, 0.220639, 0.0231733, 6
-0.633671, 0.223399, 0.011728, 5
-0.626223, 0.220774, 0, 5
-0.695208, 0.247552, 0.197738, 5
-0.687384, 0.244766, 0.181925, 5
-0.675584, 0.240565, 0.165564, 5
-0.663459, 0.236247, 0.149696, 4
-0.658421, 0.234453, 0.135856, 5
-0.653133, 0.23257, 0.122248, 5
-0.643878, 0.229275, 0.108253, 6
-0.645559, 0.229873, 0.0963078, 8
-0.639564, 0.227739, 0.0833586, 7
-0.640837, 0.228192, 0.0714975, 7
-0.638161, 0.227239, 0.0592659, 6
-0.631521, 0.224874, 0.0468763, 6
-0.620906, 0.221095, 0.0345417, 5
-0.625145, 0.222604, 0.0231733, 5
-0.617896, 0.220023, 0.0114488, 5
-0.633063, 0.225423, 0, 4
-0.694426, 0.249735, 0.197738, 5
-0.686612, 0.246925, 0.181925, 5
-0.671157, 0.241367, 0.164664, 5
-0.662714, 0.23833, 0.149696, 5
-0.653987, 0.235192, 0.135093, 5
-0.644985, 0.231955, 0.120859, 6
-0.643154, 0.231296, 0.108253, 6
-0.637379, 0.229219, 0.0951944, 7
-0.63511, 0.228403, 0.0828712, 6
-0.632631, 0.227512, 0.0706612, 6
-0.626195, 0.225197, 0.05822, 6
-0.623301, 0.224157, 0.0463183, 6
-0.627726, 0.225748, 0.0349604, 5
-0.620681, 0.223214, 0.0230337, 6
-0.624728, 0.22467, 0.0115884, 5
-0.617295, 0.221997, 0, 5
-0.686375, 0.249278, 0.195667, 5
-0.67124, 0.243781, 0.178055, 5
-0.670395, 0.243474, 0.164664, 5
-0.654607, 0.23774, 0.148033, 4
-0.645863, 0.234565, 0.133566, 5
-0.651659, 0.236669, 0.122248, 5
-0.634998, 0.230618, 0.107001, 6
-0.636656, 0.231221, 0.0951944, 8
-0.630657, 0.229042, 0.0823837, 7
-0.620695, 0.225424, 0.0694069, 7
-0.625485, 0.227163, 0.05822, 6
-0.615093, 0.223389, 0.0457602, 6
-0.61575, 0.223628, 0.0343324, 5
-0.616219, 0.223798, 0.0228941, 6
-0.608983, 0.22117, 0.0113092, 6
-0.620355, 0.2253, 0, 5
-0.674706, 0.247442, 0.192561, 5
-0.674115, 0.247225, 0.179022, 5
-0.65865, 0.241553, 0.161965, 5
-0.650183, 0.238448, 0.147201, 5
-0.64881, 0.237944, 0.13433, 5
-0.643515, 0.236003, 0.120859, 5
-0.63427, 0.232612, 0.107001, 7
-0.628489, 0.230492, 0.094081, 7
-0.633662, 0.232389, 0.0828712, 7
-0.623719, 0.228743, 0.069825, 7
-0.621027, 0.227755, 0.0578714, 7
-0.614388, 0.225321, 0.0457602, 6
-0.615044, 0.225561, 0.0343324, 5
-0.61176, 0.224357, 0.0227545, 6
-0.619549, 0.227213, 0.0115186, 5
-0.615888, 0.225871, 0, 5
-0.673926, 0.24956, 0.192561, 6
-0.658776, 0.24395, 0.175151, 5
-0.661543, 0.244975, 0.162865, 5
-0.649431, 0.24049, 0.147201, 4
-0.637012, 0.235891, 0.13204, 5
-0.635382, 0.235287, 0.11947, 5
-0.626126, 0.23186, 0.10575, 6
-0.627762, 0.232465, 0.094081, 7
-0.62176, 0.230243, 0.0814087, 7
-0.615536, 0.227938, 0.0689888, 7
-0.616572, 0.228321, 0.0575228, 6
-0.606193, 0.224478, 0.0452022, 6
-0.610587, 0.226105, 0.034123, 5
-0.603555, 0.223501, 0.0224753, 6
-0.607581, 0.224992, 0.0113092, 5
-0.607674, 0.225026, 0, 5
-0.673138, 0.251676, 0.192561, 5
-0.658007, 0.246019, 0.175151, 5
-0.653468, 0.244322, 0.161065, 5
-0.645007, 0.241158, 0.14637, 5
-0.63259, 0.236516, 0.131277, 5
-0.63833, 0.238662, 0.120165, 5
-0.625395, 0.233826, 0.10575, 6
-0.630738, 0.235823, 0.0946377, 7
-0.617314, 0.230804, 0.0809212, 7
-0.614817, 0.229871, 0.0689888, 7
-0.615851, 0.230257, 0.0575228, 6
-0.59801, 0.223587, 0.0446441, 6
-0.609873, 0.228022, 0.034123, 5
-0.595361, 0.222596, 0.0221961, 5
-0.599379, 0.224099, 0.0111695, 5
-0.606964, 0.226934, 0, 5
-0.66873, 0.252425, 0.191526, 5
-0.657231, 0.248085, 0.175151, 5
-0.645405, 0.243621, 0.159265, 5
-0.640586, 0.241802, 0.145538, 5
-0.628171, 0.237115, 0.130513, 5
-0.622835, 0.235101, 0.117386, 6
-0.620961, 0.234394, 0.105124, 6
-0.618877, 0.233607, 0.0929676, 7
-0.605443, 0.228536, 0.0794588, 7
-0.614092, 0.231801, 0.0689888, 7
-0.603941, 0.227969, 0.0564769, 6
-0.604771, 0.228283, 0.0452022, 6
-0.597942, 0.225705, 0.033495, 6
-0.598398, 0.225877, 0.0223357, 6
-0.59493, 0.224568, 0.0110997, 5
-0.595021, 0.224602, 0, 5
-0.657102, 0.250397, 0.18842, 5
-0.649195, 0.247384, 0.173216, 5
-0.644637, 0.245647, 0.159265, 5
-0.628855, 0.239633, 0.143043, 5
-0.631092, 0.240485, 0.131277, 5
-0.622094, 0.237057, 0.117386, 5
-0.612838, 0.23353, 0.103872, 7
-0.621842, 0.23696, 0.0935243, 7
-0.612142, 0.233264, 0.0804338, 7
-0.605926, 0.230896, 0.0681526, 7
-0.603222, 0.229865, 0.0564769, 6
-0.600322, 0.22876, 0.0449232, 5
-0.600963, 0.229005, 0.0337044, 5
-0.59395, 0.226332, 0.0221961, 6
-0.594222, 0.226436, 0.0110997, 5
-0.594312, 0.22647, 0, 5
-0.656312, 0.25246, 0.18842, 5
-0.652036, 0.250816, 0.174184, 5
-0.640224, 0.246272, 0.158366, 5
-0.628099, 0.241608, 0.143043, 5
-0.619339, 0.238238, 0.128987, 5
-0.617669, 0.237596, 0.116692, 5
-0.619476, 0.238291, 0.105124, 7
-0.610003, 0.234647, 0.0918543, 7
-0.60029, 0.230911, 0.0789713, 7
-0.601485, 0.23137, 0.0677344, 7
-0.595058, 0.228898, 0.0557797, 6
-0.592152, 0.22778, 0.0443651, 5
-0.592784, 0.228024, 0.0332857, 5
-0.596967, 0.229633, 0.0223357, 6
-0.589775, 0.226866, 0.0110299, 5
-0.593598, 0.228336, 0, 5
-0.651914, 0.253123, 0.187385, 5
-0.636773, 0.247244, 0.170313, 5
-0.632181, 0.245461, 0.156566, 5
-0.62369, 0.242164, 0.142212, 5
-0.614927, 0.238762, 0.128224, 5
-0.61692, 0.239535, 0.116692, 5
-0.607676, 0.235946, 0.103247, 7
-0.601878, 0.233695, 0.0907409, 7
-0.606963, 0.235669, 0.0799463, 6
-0.600755, 0.233259, 0.0677344, 6
-0.594336, 0.230766, 0.0557797, 6
-0.595153, 0.231084, 0.0446441, 5
-0.588341, 0.228439, 0.0330763, 5
-0.58879, 0.228613, 0.0220565, 6
-0.592787, 0.230165, 0.0110997, 6
-0.592878, 0.2302, 0, 5
-0.643921, 0.25235, 0.185314, 6
-0.635993, 0.249243, 0.170313, 5
-0.624149, 0.244601, 0.154766, 5
-0.622926, 0.244122, 0.142212, 4
-0.606863, 0.237827, 0.126697, 5
-0.608829, 0.238597, 0.115302, 5
-0.603253, 0.236412, 0.102621, 7
-0.597453, 0.234139, 0.0901842, 7
-0.598827, 0.234678, 0.0789713, 6
-0.596315, 0.233693, 0.0673163, 6
-0.593608, 0.232633, 0.0557797, 6
-0.586994, 0.23004, 0.0440861, 5
-0.587621, 0.230286, 0.0330763, 5
-0.588069, 0.230462, 0.0220565, 6
-0.584614, 0.229108, 0.0109601, 6
-0.588427, 0.230602, 0, 5
-0.635939, 0.251529, 0.183244, 5
-0.631598, 0.249812, 0.169345, 5
-0.623377, 0.24656, 0.154766, 4
-0.611241, 0.24176, 0.139717, 4
-0.606113, 0.239732, 0.126697, 5
-0.604413, 0.23906, 0.114608, 5
-0.598834, 0.236853, 0.101995, 7
-0.604081, 0.238928, 0.0912976, 7
-0.587011, 0.232177, 0.0775089, 6
-0.58818, 0.232639, 0.0664801, 6
-0.585464, 0.231565, 0.0550824, 6
-0.582558, 0.230415, 0.0438071, 5
-0.58318, 0.230661, 0.032867, 5
-0.579907, 0.229367, 0.0217773, 6
-0.580172, 0.229472, 0.0108903, 6
-0.576541, 0.228036, 0, 5
-0.642323, 0.256391, 0.185314, 5
-0.623601, 0.248918, 0.16741, 5
-0.6226, 0.248518, 0.154766, 5
-0.610478, 0.24368, 0.139717, 4
-0.605356, 0.241635, 0.126697, 5
-0.600001, 0.239497, 0.113913, 5
-0.594417, 0.237269, 0.10137, 7
-0.59597, 0.237888, 0.0901842, 7
-0.586279, 0.23402, 0.0775089, 6
-0.587446, 0.234486, 0.0664801, 7
-0.588434, 0.23488, 0.0554311, 7
-0.574419, 0.229286, 0.043249, 5
-0.578743, 0.231012, 0.0326576, 5
-0.579184, 0.231188, 0.0217773, 5
-0.575734, 0.229811, 0.0108205, 6
-0.583252, 0.232812, 0, 5
-0.630762, 0.254076, 0.182209, 6
-0.626416, 0.252326, 0.168378, 5
-0.61097, 0.246104, 0.152067, 5
-0.60608, 0.244134, 0.138885, 4
-0.600952, 0.242069, 0.125934, 5
-0.595591, 0.239909, 0.113219, 6
-0.593669, 0.239135, 0.10137, 7
-0.591545, 0.23828, 0.0896275, 7
-0.585541, 0.235861, 0.0775089, 6
-0.586706, 0.23633, 0.0664801, 6
-0.580301, 0.23375, 0.0547338, 6
-0.569995, 0.229599, 0.04297, 5
-0.574309, 0.231336, 0.0324483, 5
-0.571038, 0.230019, 0.0214981, 5
-0.575009, 0.231619, 0.0108205, 6
-0.571387, 0.230159, 0, 5
-0.629961, 0.256057, 0.182209, 6
-0.622024, 0.252831, 0.16741, 5
-0.610194, 0.248022, 0.152067, 5
-0.608935, 0.247511, 0.139717, 4
-0.592914, 0.240998, 0.124407, 5
-0.594835, 0.241779, 0.113219, 6
-0.585595, 0.238024, 0.100118, 7
-0.587124, 0.238645, 0.0890708, 7
-0.584797, 0.237699, 0.0775089, 7
-0.574905, 0.233679, 0.0652258, 6
-0.579564, 0.235572, 0.0547338, 6
-0.569271, 0.231388, 0.04297, 6
-0.562478, 0.228627, 0.0318203, 5
-0.57772, 0.234823, 0.0217773, 5
-0.566869, 0.230412, 0.0106809, 6
-0.56325, 0.228941, 0, 5
-0.622004, 0.255102, 0.180138, 6
-0.614046, 0.251838, 0.165475, 5
-0.609412, 0.249938, 0.152067, 5
-0.600915, 0.246453, 0.138053, 4
-0.588521, 0.24137, 0.123644, 5
-0.590428, 0.242152, 0.112524, 6
-0.584844, 0.239862, 0.100118, 7
-0.582707, 0.238985, 0.0885141, 7
-0.573028, 0.235015, 0.0760465, 7
-0.574168, 0.235483, 0.0652258, 7
-0.567761, 0.232855, 0.0536879, 6
-0.568541, 0.233175, 0.04297, 7
-0.569148, 0.233424, 0.0322389, 5
-0.565884, 0.232085, 0.0213585, 6
-0.573543, 0.235227, 0.0108205, 6
-0.569929, 0.233745, 0, 5
-0.62477, 0.258533, 0.181173, 6
-0.606079, 0.250798, 0.163539, 5
-0.601421, 0.248871, 0.150267, 5
-0.589291, 0.243852, 0.135558, 5
-0.584131, 0.241716, 0.122881, 5
-0.589664, 0.244006, 0.112524, 5
-0.576787, 0.238677, 0.0988666, 6
-0.578293, 0.2393, 0.0879574, 7
-0.572286, 0.236815, 0.0760465, 7
-0.573426, 0.237286, 0.0652258, 7
-0.578072, 0.239209, 0.0547338, 6
-0.560431, 0.231909, 0.0424119, 6
-0.56103, 0.232157, 0.0318203, 5
-0.565152, 0.233862, 0.0213585, 6
-0.558019, 0.230911, 0.0105413, 5
-0.569192, 0.235534, 0, 5
-0.606127, 0.253051, 0.175997, 6
-0.598125, 0.24971, 0.161604, 6
-0.600636, 0.250759, 0.150267, 5
-0.588522, 0.245702, 0.135558, 4
-0.586993, 0.245063, 0.123644, 5
-0.577989, 0.241304, 0.11044, 6
-0.576034, 0.240488, 0.0988666, 7
-0.573883, 0.23959, 0.0874007, 7
-0.575203, 0.240141, 0.076534, 8
-0.572677, 0.239086, 0.0652258, 7
-0.562609, 0.234883, 0.0533393, 6
-0.563382, 0.235206, 0.042691, 6
-0.563984, 0.235457, 0.0320296, 5
-0.557036, 0.232556, 0.0210793, 6
-0.560981, 0.234204, 0.0106111, 5
-0.557376, 0.232698, 0, 5
-0.60889, 0.256454, 0.177032, 6
-0.597337, 0.251588, 0.161604, 6
-0.592662, 0.249619, 0.148468, 5
-0.587748, 0.247549, 0.135558, 4
-0.582601, 0.245382, 0.122881, 5
-0.577228, 0.243119, 0.11044, 6
-0.567994, 0.239229, 0.0976151, 6
-0.573128, 0.241392, 0.0874007, 7
-0.574446, 0.241947, 0.076534, 8
-0.564591, 0.237796, 0.0643895, 6
-0.558196, 0.235103, 0.0529907, 6
-0.562641, 0.236975, 0.042691, 5
-0.555879, 0.234127, 0.0316109, 5
-0.556303, 0.234305, 0.0210793, 7
-0.552871, 0.23286, 0.0104714, 5
-0.556642, 0.234448, 0, 5
-0.600969, 0.255343, 0.174962, 6
-0.596544, 0.253463, 0.161604, 6
-0.5847, 0.248431, 0.146668, 5
-0.583366, 0.247864, 0.134727, 4
-0.581828, 0.24721, 0.122881, 5
-0.569211, 0.24185, 0.109051, 5
-0.570876, 0.242557, 0.0982408, 6
-0.568721, 0.241642, 0.086844, 7
-0.570029, 0.242197, 0.0760465, 8
-0.556519, 0.236457, 0.0635533, 6
-0.55012, 0.233738, 0.0522934, 6
-0.561894, 0.238741, 0.042691, 5
-0.555141, 0.235872, 0.0316109, 5
-0.551885, 0.234488, 0.0209397, 6
-0.548456, 0.233031, 0.0104016, 5
-0.552221, 0.234631, 0, 5
-0.600164, 0.257231, 0.174962, 6
-0.58861, 0.252279, 0.159668, 6
-0.583917, 0.250267, 0.146668, 5
-0.578988, 0.248155, 0.133895, 4
-0.57383, 0.245944, 0.121355, 5
-0.572068, 0.245189, 0.109746, 6
-0.559217, 0.239681, 0.0963636, 6
-0.567959, 0.243427, 0.086844, 7
-0.558318, 0.239295, 0.074584, 8
-0.559429, 0.239772, 0.0639714, 6
-0.549383, 0.235466, 0.0522934, 6
-0.553805, 0.237361, 0.0421329, 6
-0.554397, 0.237615, 0.0316109, 5
-0.551145, 0.236221, 0.0209397, 7
-0.551397, 0.236329, 0.0104714, 5
-0.551481, 0.236365, 0, 5
-0.59226, 0.256048, 0.172891, 6
-0.584252, 0.252586, 0.158701, 5
-0.586705, 0.253647, 0.147568, 5
-0.567432, 0.245315, 0.1314, 4
-0.576658, 0.249303, 0.122118, 5
-0.564064, 0.243858, 0.108356, 5
-0.562087, 0.243004, 0.0969894, 6
-0.55992, 0.242067, 0.0857306, 8
-0.550275, 0.237897, 0.0736091, 8
-0.555022, 0.239949, 0.0635533, 6
-0.552298, 0.238772, 0.0526421, 6
-0.549394, 0.237517, 0.0418539, 6
-0.542648, 0.2346, 0.0309829, 5
-0.539392, 0.233192, 0.0205209, 7
-0.546981, 0.236473, 0.0104016, 6
-0.539721, 0.233335, 0, 5
-0.591453, 0.257908, 0.172891, 6
-0.583456, 0.25442, 0.158701, 6
-0.582333, 0.253931, 0.146668, 5
-0.577418, 0.251788, 0.133895, 5
-0.561476, 0.244836, 0.119065, 5
-0.563295, 0.245629, 0.108356, 6
-0.554078, 0.24161, 0.0957379, 6
-0.555525, 0.242241, 0.0851739, 7
-0.556803, 0.242799, 0.074584, 8
-0.550619, 0.240102, 0.0631352, 6
-0.551545, 0.240506, 0.0526421, 6
-0.537673, 0.234457, 0.0410168, 5
-0.541908, 0.236304, 0.0309829, 5
-0.542322, 0.236484, 0.0206605, 7
-0.535237, 0.233395, 0.0101922, 6
-0.546319, 0.238227, 0, 5
-0.583566, 0.256654, 0.170821, 6
-0.582653, 0.256252, 0.158701, 5
-0.577965, 0.25419, 0.145768, 5
-0.562298, 0.2473, 0.130569, 5
-0.564298, 0.248179, 0.119828, 5
-0.555309, 0.244226, 0.106967, 5
-0.560549, 0.246531, 0.0969894, 6
-0.551136, 0.242391, 0.0846172, 7
-0.552404, 0.242948, 0.0740966, 8
-0.542579, 0.238627, 0.062299, 6
-0.536196, 0.23582, 0.0512476, 6
-0.540586, 0.237751, 0.0412958, 5
-0.541163, 0.238005, 0.0309829, 5
-0.537917, 0.236577, 0.0205209, 7
-0.538163, 0.236685, 0.010262, 6
-0.538244, 0.236721, 0, 5
-0.575693, 0.255352, 0.16875, 6
-0.57475, 0.254934, 0.156765, 5
-0.5736, 0.254424, 0.144868, 5
-0.561518, 0.249065, 0.130569, 5
-0.559926, 0.248359, 0.119065, 5
-0.554539, 0.245969, 0.106967, 5
-0.548938, 0.243485, 0.0951122, 6
-0.550372, 0.244121, 0.0846172, 8
-0.544379, 0.241463, 0.0731216, 8
-0.545463, 0.241944, 0.0627171, 7
-0.535453, 0.237504, 0.0512476, 6
-0.539836, 0.239448, 0.0412958, 6
-0.536761, 0.238084, 0.0307735, 5
-0.537171, 0.238266, 0.0205209, 7
-0.53376, 0.236753, 0.0101922, 6
-0.533842, 0.236789, 0, 5
-0.571361, 0.255582, 0.167715, 6
-0.577489, 0.258323, 0.157733, 5
-0.569241, 0.254634, 0.143969, 5
-0.560733, 0.250828, 0.130569, 5
-0.551975, 0.24691, 0.117538, 5
-0.546571, 0.244493, 0.105578, 5
-0.544564, 0.243595, 0.0944864, 6
-0.545986, 0.244231, 0.0840605, 8
-0.53637, 0.23993, 0.0721467, 8
-0.5447, 0.243656, 0.0627171, 7
-0.538342, 0.240812, 0.0515962, 6
-0.535439, 0.239513, 0.0410168, 6
-0.536011, 0.239769, 0.0307735, 6
-0.529121, 0.236687, 0.0202417, 7
-0.540316, 0.241695, 0.0103318, 6
-0.529444, 0.236832, 0, 5
-0.577599, 0.260553, 0.169785, 6
-0.566061, 0.255348, 0.15483, 6
-0.564885, 0.254818, 0.143069, 5
-0.552809, 0.249371, 0.128905, 4
-0.547617, 0.247029, 0.116775, 5
-0.545801, 0.246209, 0.105578, 5
-0.543796, 0.245305, 0.0944864, 6
-0.545216, 0.245945, 0.0840605, 7
-0.535613, 0.241614, 0.0721467, 8
-0.53668, 0.242095, 0.0618809, 7
-0.537582, 0.242502, 0.0515962, 6
-0.527409, 0.237913, 0.0404587, 6
-0.531614, 0.239809, 0.0305642, 5
-0.528375, 0.238348, 0.0202417, 7
-0.524971, 0.236813, 0.0100526, 5
-0.525051, 0.236849, 0, 5
-0.566227, 0.257567, 0.166679, 6
-0.568789, 0.258733, 0.155798, 6
-0.553439, 0.25175, 0.140369, 5
-0.552023, 0.251106, 0.128905, 4
-0.546838, 0.248748, 0.116775, 5
-0.545024, 0.247923, 0.105578, 5
-0.539426, 0.245376, 0.0938607, 6
-0.533624, 0.242737, 0.0823905, 7
-0.538466, 0.244939, 0.0726341, 7
-0.535916, 0.243779, 0.0618809, 7
-0.529563, 0.24089, 0.050899, 6
-0.526659, 0.239569, 0.0404587, 6
-0.530858, 0.241478, 0.0305642, 6
-0.527624, 0.240007, 0.0202417, 7
-0.524224, 0.238461, 0.0100526, 5
-0.524304, 0.238497, 0, 5
-0.561903, 0.257734, 0.165644, 6
-0.564445, 0.2589, 0.15483, 6
-0.556188, 0.255112, 0.141269, 5
-0.551231, 0.252839, 0.128905, 4
-0.538916, 0.24719, 0.115249, 5
-0.537082, 0.246349, 0.104189, 5
-0.535062, 0.245422, 0.0932349, 6
-0.532859, 0.244412, 0.0823905, 6
-0.530476, 0.243319, 0.0716592, 8
-0.531532, 0.243803, 0.0614627, 7
-0.525182, 0.240891, 0.0505503, 6
-0.529531, 0.242886, 0.0407378, 6
-0.522835, 0.239814, 0.0301455, 6
-0.523234, 0.239997, 0.0201021, 6
-0.523473, 0.240107, 0.0100526, 5
-0.519917, 0.238476, 0, 5
-0.561091, 0.259498, 0.165644, 6
-0.560106, 0.259043, 0.153862, 6
-0.548308, 0.253586, 0.13947, 5
-0.546883, 0.252927, 0.128074, 4
-0.531009, 0.245586, 0.113722, 5
-0.539881, 0.249689, 0.104883, 6
-0.530702, 0.245444, 0.0926092, 6
-0.528493, 0.244422, 0.0818338, 6
-0.533312, 0.246651, 0.0721467, 8
-0.527153, 0.243802, 0.0610446, 7
-0.524423, 0.24254, 0.0505503, 6
-0.5179, 0.239523, 0.0399007, 6
-0.518453, 0.239779, 0.0299362, 6
-0.522477, 0.24164, 0.0201021, 7
-0.515456, 0.238392, 0.00991297, 5
-0.526426, 0.243466, 0, 5
-0.560273, 0.261259, 0.165644, 6
-0.555772, 0.259161, 0.152895, 5
-0.551041, 0.256955, 0.140369, 5
-0.538994, 0.251337, 0.12641, 4
-0.530235, 0.247253, 0.113722, 5
-0.531953, 0.248054, 0.103494, 6
-0.526348, 0.24544, 0.0919835, 6
-0.531313, 0.247755, 0.0823905, 7
-0.525339, 0.244969, 0.0711717, 7
-0.522779, 0.243776, 0.0606265, 7
-0.516435, 0.240818, 0.0498531, 6
-0.517145, 0.241149, 0.0399007, 6
-0.510457, 0.23803, 0.0295175, 5
-0.510846, 0.238212, 0.0196833, 7
-0.518329, 0.241701, 0.00998278, 6
-0.518408, 0.241738, 0, 5
-0.555953, 0.261374, 0.164609, 6
-0.551443, 0.259254, 0.151927, 5
-0.543177, 0.255368, 0.13857, 5
-0.534661, 0.251364, 0.125579, 4
-0.533009, 0.250588, 0.114485, 5
-0.534736, 0.2514, 0.104189, 6
-0.525574, 0.247092, 0.0919835, 6
-0.523362, 0.246053, 0.0812771, 7
-0.528159, 0.248308, 0.0716592, 7
-0.51481, 0.242032, 0.0597903, 7
-0.519282, 0.244134, 0.0502017, 7
-0.512774, 0.241075, 0.0396217, 6
-0.516937, 0.243032, 0.0299362, 6
-0.513713, 0.241516, 0.0198229, 7
-0.513948, 0.241626, 0.00991297, 6
-0.514026, 0.241663, 0, 5
-0.555129, 0.263119, 0.164609, 6
-0.543612, 0.25766, 0.149992, 5
-0.538851, 0.255404, 0.13767, 5
-0.530333, 0.251367, 0.124747, 4
-0.528671, 0.250579, 0.113722, 5
-0.526825, 0.249704, 0.1028, 6
-0.521226, 0.24705, 0.0913577, 6
-0.522587, 0.247695, 0.0812771, 7
-0.523789, 0.248265, 0.0711717, 7
-0.517642, 0.245352, 0.0602084, 7
-0.511312, 0.242351, 0.0495045, 7
-0.512014, 0.242684, 0.0396217, 6
-0.508952, 0.241232, 0.0295175, 6
-0.505727, 0.239704, 0.0195437, 7
-0.513186, 0.24324, 0.00991297, 6
-0.506036, 0.23985, 0, 5
-0.550813, 0.263197, 0.163574, 6
-0.542799, 0.259367, 0.149992, 5
-0.534529, 0.255415, 0.13677, 5
-0.536601, 0.256406, 0.12641, 4
-0.527881, 0.252239, 0.113722, 5
-0.518929, 0.247961, 0.101411, 5
-0.520447, 0.248687, 0.0913577, 6
-0.518232, 0.247628, 0.0807204, 8
-0.519424, 0.248198, 0.0706842, 7
-0.50969, 0.243547, 0.0593722, 7
-0.517738, 0.247392, 0.0502017, 6
-0.507649, 0.242571, 0.0393426, 6
-0.500983, 0.239386, 0.0290988, 7
-0.504972, 0.241292, 0.0195437, 7
-0.51242, 0.244851, 0.00991297, 6
-0.505279, 0.241439, 0, 4
-0.543022, 0.261572, 0.161503, 6
-0.534989, 0.257703, 0.148056, 5
-0.533724, 0.257093, 0.13677, 5
-0.528743, 0.254694, 0.124747, 4
-0.523549, 0.252192, 0.112959, 5
-0.518147, 0.24959, 0.101411, 5
-0.512544, 0.246891, 0.0901062, 6
-0.513883, 0.247536, 0.0801637, 8
-0.518642, 0.249829, 0.0706842, 7
-0.51609, 0.248599, 0.0602084, 7
-0.502598, 0.2421, 0.0488072, 6
-0.503289, 0.242433, 0.0390636, 6
-0.503827, 0.242692, 0.0293081, 7
-0.50061, 0.241142, 0.0194041, 5
-0.504441, 0.242988, 0.00977335, 6
-0.497311, 0.239553, 0, 4
-0.549149, 0.266652, 0.163574, 6
-0.530685, 0.257687, 0.147089, 5
-0.532913, 0.258769, 0.13677, 5
-0.520901, 0.252936, 0.123084, 4
-0.51569, 0.250405, 0.111432, 5
-0.517361, 0.251217, 0.101411, 5
-0.508212, 0.246775, 0.0894805, 6
-0.513103, 0.249149, 0.0801637, 8
-0.510712, 0.247988, 0.0697093, 7
-0.500993, 0.243269, 0.0585359, 7
-0.509005, 0.247159, 0.0495045, 7
-0.498936, 0.24227, 0.0387846, 6
-0.499469, 0.242529, 0.0290988, 5
-0.499849, 0.242714, 0.0194041, 5
-0.492883, 0.239331, 0.00956392, 6
-0.500154, 0.242862, 0, 5
-0.537898, 0.26328, 0.160468, 6
-0.529873, 0.259352, 0.147089, 6
-0.521596, 0.255301, 0.134071, 5
-0.520104, 0.254571, 0.123084, 4
-0.514901, 0.252024, 0.111432, 5
-0.520107, 0.254572, 0.102105, 6
-0.503886, 0.246633, 0.0888548, 7
-0.50876, 0.249018, 0.079607, 8
-0.506364, 0.247846, 0.0692218, 7
-0.503799, 0.24659, 0.0589541, 7
-0.497489, 0.243501, 0.0484586, 7
-0.498172, 0.243836, 0.0387846, 6
-0.498704, 0.244097, 0.0290988, 6
-0.499085, 0.244283, 0.0194041, 5
-0.502905, 0.246153, 0.00977335, 6
-0.499389, 0.244432, 0, 5
-0.533603, 0.263259, 0.159433, 6
-0.536017, 0.26445, 0.149024, 6
-0.524286, 0.258663, 0.134971, 5
-0.512284, 0.252742, 0.12142, 4
-0.510585, 0.251903, 0.110669, 5
-0.508707, 0.250977, 0.100021, 5
-0.503109, 0.248215, 0.0888548, 7
-0.504423, 0.248863, 0.0790503, 8
-0.498462, 0.245922, 0.0682468, 7
-0.499454, 0.246412, 0.0585359, 7
-0.496721, 0.245063, 0.0484586, 7
-0.497404, 0.2454, 0.0387846, 6
-0.494353, 0.243895, 0.0288894, 5
-0.491145, 0.242312, 0.0191249, 6
-0.494956, 0.244193, 0.00963373, 6
-0.491444, 0.24246, 0, 5
-0.536232, 0.266655, 0.160468, 6
-0.524758, 0.260949, 0.146121, 6
-0.523471, 0.260309, 0.134971, 5
-0.511487, 0.25435, 0.12142, 4
-0.509791, 0.253506, 0.110669, 5
-0.504388, 0.25082, 0.0993268, 5
-0.498789, 0.248035, 0.088229, 6
-0.500092, 0.248683, 0.0784936, 7
-0.501242, 0.249255, 0.0687343, 7
-0.50224, 0.249751, 0.0589541, 7
-0.499517, 0.248397, 0.0488072, 7
-0.493057, 0.245185, 0.0385056, 6
-0.497161, 0.247226, 0.0290988, 5
-0.490381, 0.243854, 0.0191249, 5
-0.494186, 0.245746, 0.00963373, 5
-0.494261, 0.245784, 0, 5
-0.528484, 0.264876, 0.158397, 6
-0.523935, 0.262596, 0.146121, 6
-0.515682, 0.25846, 0.133171, 5
-0.510686, 0.255955, 0.12142, 4
-0.505482, 0.253347, 0.109906, 5
-0.503598, 0.252403, 0.0993268, 5
-0.494475, 0.247831, 0.0876033, 6
-0.499308, 0.250253, 0.0784936, 7
-0.496907, 0.24905, 0.0682468, 7
-0.49434, 0.247763, 0.0581178, 7
-0.488047, 0.244609, 0.0477613, 7
-0.48515, 0.243157, 0.0379475, 6
-0.485668, 0.243417, 0.0284708, 5
-0.489612, 0.245393, 0.0191249, 6
-0.486261, 0.243714, 0.00949411, 5
-0.489911, 0.245543, 0, 5
-0.527649, 0.266534, 0.158397, 6
-0.516179, 0.26074, 0.144185, 6
-0.514868, 0.260078, 0.133171, 5
-0.502895, 0.25403, 0.119757, 4
-0.504684, 0.254934, 0.109906, 5
-0.49577, 0.250431, 0.0979376, 6
-0.500747, 0.252945, 0.0888548, 7
-0.491448, 0.248248, 0.0773802, 8
-0.489035, 0.247029, 0.0672719, 7
-0.490008, 0.247521, 0.0576997, 7
-0.483719, 0.244344, 0.0474127, 8
-0.480822, 0.24288, 0.0376685, 7
-0.484901, 0.244941, 0.0284708, 5
-0.481703, 0.243325, 0.0188457, 6
-0.485493, 0.24524, 0.00949411, 5
-0.478426, 0.24167, 0, 5
-0.519923, 0.264685, 0.156327, 6
-0.511899, 0.2606, 0.143218, 6
-0.503628, 0.25639, 0.130472, 5
-0.505581, 0.257384, 0.120589, 4
-0.493383, 0.251174, 0.107616, 5
-0.491471, 0.250201, 0.097243, 5
-0.492908, 0.250933, 0.0876033, 7
-0.490666, 0.249791, 0.0773802, 8
-0.491794, 0.250366, 0.0677593, 7
-0.482138, 0.24545, 0.0568635, 7
-0.4865, 0.24767, 0.0477613, 7
-0.483613, 0.2462, 0.0379475, 7
-0.47701, 0.242839, 0.0280521, 5
-0.484498, 0.246651, 0.0189853, 6
-0.477592, 0.243135, 0.00935449, 5
-0.481229, 0.244987, 0, 5
-0.522526, 0.268081, 0.157362, 6
-0.507624, 0.260436, 0.14225, 6
-0.506288, 0.25975, 0.131371, 5
-0.494326, 0.253613, 0.118094, 4
-0.492591, 0.252723, 0.107616, 5
-0.494187, 0.253542, 0.0979376, 6
-0.492117, 0.25248, 0.0876033, 6
-0.489878, 0.251331, 0.0773802, 8
-0.483941, 0.248285, 0.0667844, 7
-0.488443, 0.250595, 0.0576997, 8
-0.482174, 0.247379, 0.0474127, 7
-0.482837, 0.247719, 0.0379475, 7
-0.479799, 0.24616, 0.0282614, 5
-0.476608, 0.244523, 0.0187061, 7
-0.480384, 0.24646, 0.0094243, 6
-0.487575, 0.250149, 0, 5
-0.518249, 0.267947, 0.156327, 6
-0.510251, 0.263812, 0.143218, 6
-0.502007, 0.259549, 0.130472, 5
-0.497002, 0.256962, 0.118925, 5
-0.488307, 0.252466, 0.106853, 5
-0.489889, 0.253284, 0.097243, 7
-0.484303, 0.250396, 0.0863518, 7
-0.489086, 0.252869, 0.0773802, 8
-0.486685, 0.251627, 0.0672719, 8
-0.477053, 0.246647, 0.0564454, 8
-0.484934, 0.250722, 0.0477613, 8
-0.474967, 0.245569, 0.0373895, 6
-0.482571, 0.2495, 0.0284708, 5
-0.472286, 0.244183, 0.0185665, 6
-0.468949, 0.242458, 0.00921487, 6
-0.472574, 0.244332, 0, 5
-0.507126, 0.264218, 0.153221, 6
-0.505978, 0.26362, 0.14225, 6
-0.497733, 0.259324, 0.129572, 5
-0.492723, 0.256714, 0.118094, 5
-0.487511, 0.253998, 0.106853, 5
-0.47861, 0.249361, 0.0951592, 5
-0.483514, 0.251916, 0.0863518, 6
-0.48829, 0.254404, 0.0773802, 8
-0.47885, 0.249486, 0.0662969, 8
-0.476276, 0.248144, 0.0564454, 8
-0.473543, 0.24672, 0.0467155, 8
-0.474194, 0.24706, 0.0373895, 7
-0.471158, 0.245478, 0.0278427, 5
-0.471517, 0.245665, 0.0185665, 6
-0.478826, 0.249473, 0.0094243, 5
-0.475352, 0.247663, 0, 5
-0.502872, 0.264014, 0.152186, 6
-0.501711, 0.263404, 0.141282, 6
-0.493465, 0.259075, 0.128672, 5
-0.484986, 0.254623, 0.116431, 4
-0.486711, 0.255529, 0.106853, 5
-0.488288, 0.256357, 0.097243, 6
-0.475724, 0.249761, 0.0851004, 7
-0.480474, 0.252254, 0.0762669, 8
-0.474549, 0.249144, 0.0658094, 9
-0.475493, 0.24964, 0.0564454, 8
-0.469237, 0.246355, 0.0463669, 8
-0.466349, 0.244839, 0.0368314, 6
-0.473921, 0.248814, 0.0280521, 7
-0.460124, 0.241571, 0.0181477, 6
-0.47804, 0.250976, 0.0094243, 5
-0.463946, 0.243577, 0, 4
-0.50204, 0.265592, 0.152186, 6
-0.49745, 0.263164, 0.140315, 6
-0.496094, 0.262446, 0.129572, 5
-0.487642, 0.257975, 0.117262, 4
-0.478964, 0.253384, 0.105327, 5
-0.477034, 0.252363, 0.0951592, 6
-0.481922, 0.254949, 0.0863518, 7
-0.472676, 0.250058, 0.0751535, 8
-0.477273, 0.25249, 0.0662969, 9
-0.47119, 0.249272, 0.0560273, 7
-0.471983, 0.249691, 0.0467155, 7
-0.469105, 0.248169, 0.0371104, 6
-0.466075, 0.246566, 0.0276334, 5
-0.46643, 0.246754, 0.0184269, 7
-0.466643, 0.246866, 0.00921487, 5
-0.47025, 0.248775, 0, 4
-0.494384, 0.263533, 0.150115, 6
-0.496621, 0.264725, 0.140315, 6
-0.488388, 0.260337, 0.127772, 5
-0.483376, 0.257665, 0.116431, 4
-0.478166, 0.254888, 0.105327, 5
-0.469286, 0.250155, 0.09377, 6
-0.477632, 0.254603, 0.0857261, 7
-0.475384, 0.253405, 0.0757102, 8
-0.465967, 0.248385, 0.0648345, 9
-0.473916, 0.252622, 0.0564454, 8
-0.46768, 0.249298, 0.0463669, 6
-0.464802, 0.247764, 0.0368314, 5
-0.468823, 0.249908, 0.0278427, 5
-0.465653, 0.248218, 0.0184269, 6
-0.469395, 0.250213, 0.00928468, 5
-0.451817, 0.240843, 0, 5
-0.500361, 0.268741, 0.152186, 6
-0.485529, 0.260775, 0.137412, 5
-0.487568, 0.26187, 0.127772, 5
-0.479117, 0.257331, 0.115599, 4
-0.477363, 0.256389, 0.105327, 5
-0.471969, 0.253492, 0.0944646, 6
-0.469869, 0.252364, 0.0844746, 7
-0.471096, 0.253023, 0.0751535, 8
-0.47218, 0.253605, 0.0658094, 10
-0.469615, 0.252228, 0.0560273, 8
-0.463384, 0.248881, 0.0460182, 7
-0.464021, 0.249223, 0.0368314, 5
-0.464516, 0.249489, 0.0276334, 5
-0.461349, 0.247788, 0.0182873, 6
-0.458036, 0.246009, 0.00907525, 5
-0.465154, 0.249832, 0, 5
-0.499515, 0.270312, 0.152186, 6
-0.484707, 0.262299, 0.137412, 6
-0.483315, 0.261546, 0.126872, 5
-0.478307, 0.258835, 0.115599, 4
-0.476555, 0.257887, 0.105327, 5
-0.47117, 0.254973, 0.0944646, 5
-0.469074, 0.253839, 0.0844746, 7
-0.466815, 0.252617, 0.0745968, 7
-0.467889, 0.253198, 0.065322, 9
-0.46882, 0.253702, 0.0560273, 9
-0.4626, 0.250335, 0.0460182, 8
-0.459726, 0.24878, 0.0365524, 6
-0.456704, 0.247145, 0.0272147, 5
-0.4676, 0.253041, 0.0185665, 6
-0.464296, 0.251253, 0.00921487, 6
-0.457331, 0.247484, 0, 5
-0.488486, 0.266331, 0.14908, 6
-0.487289, 0.265678, 0.138379, 5
-0.479069, 0.261197, 0.125973, 5
-0.470621, 0.256591, 0.113936, 4
-0.468847, 0.255624, 0.1038, 5
-0.459991, 0.250795, 0.0923808, 6
-0.468274, 0.255311, 0.0844746, 7
-0.466019, 0.254082, 0.0745968, 8
-0.463605, 0.252766, 0.0648345, 9
-0.464528, 0.253269, 0.0556091, 8
-0.458312, 0.24988, 0.0456696, 8
-0.458942, 0.250224, 0.0365524, 7
-0.455925, 0.248579, 0.0272147, 5
-0.456273, 0.248768, 0.0181477, 6
-0.45297, 0.246967, 0.00900544, 5
-0.460063, 0.250835, 0, 5
-0.487647, 0.267865, 0.14908, 6
-0.479648, 0.263471, 0.136444, 6
-0.47483, 0.260824, 0.125073, 5
-0.469812, 0.258068, 0.113936, 4
-0.464601, 0.255205, 0.103037, 5
-0.462653, 0.254136, 0.0930754, 6
-0.460544, 0.252977, 0.0832231, 7
-0.465219, 0.255545, 0.0745968, 8
-0.466289, 0.256133, 0.065322, 9
-0.460244, 0.252812, 0.055191, 8
-0.454033, 0.2494, 0.045321, 8
-0.451159, 0.247822, 0.0359943, 6
-0.455142, 0.25001, 0.0272147, 5
-0.451985, 0.248276, 0.0180081, 6
-0.452192, 0.248389, 0.00900544, 5
-0.455767, 0.250353, 0, 5
-0.483423, 0.267525, 0.148044, 6
-0.475422, 0.263097, 0.135476, 5
-0.477418, 0.264202, 0.125973, 5
-0.465576, 0.257648, 0.113104, 4
-0.467232, 0.258565, 0.1038, 5
-0.461853, 0.255588, 0.0930754, 6
-0.45629, 0.252509, 0.0825974, 7
-0.471345, 0.260841, 0.0757102, 9
-0.458534, 0.253751, 0.064347, 9
-0.455966, 0.25233, 0.0547729, 8
-0.46022, 0.254684, 0.0460182, 8
-0.446887, 0.247306, 0.0357153, 7
-0.45785, 0.253373, 0.027424, 5
-0.451203, 0.249694, 0.0180081, 5
-0.44791, 0.247872, 0.00893563, 5
-0.454978, 0.251783, 0, 5
-0.479205, 0.267161, 0.147009, 6
-0.477983, 0.266479, 0.136444, 5
-0.466373, 0.260007, 0.123273, 5
-0.461347, 0.257204, 0.112272, 4
-0.459558, 0.256207, 0.102274, 5
-0.457607, 0.255119, 0.0923808, 6
-0.458945, 0.255866, 0.0832231, 7
-0.456684, 0.254605, 0.0734834, 9
-0.454267, 0.253257, 0.0638595, 9
-0.448222, 0.249887, 0.0539367, 8
-0.452457, 0.252248, 0.045321, 8
-0.449593, 0.250652, 0.0359943, 7
-0.446585, 0.248974, 0.026796, 5
-0.443433, 0.247218, 0.0177289, 5
-0.454116, 0.253173, 0.00907525, 6
-0.450691, 0.251264, 0, 5
-0.478363, 0.268665, 0.147009, 6
-0.477144, 0.26798, 0.136444, 5
-0.465554, 0.261471, 0.123273, 5
-0.463948, 0.260568, 0.113104, 5
-0.462175, 0.259573, 0.103037, 5
-0.456803, 0.256556, 0.0923808, 7
-0.458139, 0.257306, 0.0832231, 7
-0.455882, 0.256038, 0.0734834, 8
-0.450008, 0.252739, 0.0633721, 9
-0.454372, 0.25519, 0.0547729, 8
-0.448188, 0.251717, 0.0449724, 8
-0.448804, 0.252063, 0.0359943, 7
-0.452766, 0.254288, 0.0272147, 5
-0.442655, 0.248609, 0.0177289, 5
-0.453318, 0.254598, 0.00907525, 6
-0.442924, 0.248761, 0, 5
-0.477517, 0.270166, 0.147009, 6
-0.466165, 0.263744, 0.133541, 5
-0.468123, 0.264851, 0.124173, 5
-0.459722, 0.260098, 0.112272, 5
-0.45794, 0.25909, 0.102274, 5
-0.455995, 0.257989, 0.0923808, 6
-0.45389, 0.256799, 0.0825974, 8
-0.455076, 0.257469, 0.0734834, 8
-0.449211, 0.254152, 0.0633721, 9
-0.446643, 0.252699, 0.0539367, 7
-0.450863, 0.255086, 0.045321, 7
-0.44801, 0.253472, 0.0359943, 7
-0.445011, 0.251775, 0.026796, 5
-0.441871, 0.249999, 0.0177289, 5
-0.445554, 0.252082, 0.00893563, 6
-0.445622, 0.252121, 0, 5
-0.469952, 0.267839, 0.144939, 6
-0.465334, 0.265207, 0.133541, 5
-0.467288, 0.26632, 0.124173, 5
-0.455503, 0.259604, 0.111441, 4
-0.453712, 0.258583, 0.10151, 5
-0.45176, 0.25747, 0.0916862, 6
-0.449649, 0.256267, 0.0819717, 8
-0.450823, 0.256936, 0.0729267, 9
-0.444961, 0.253596, 0.0628846, 9
-0.442391, 0.252131, 0.0535186, 8
-0.443135, 0.252555, 0.0446237, 7
-0.436811, 0.24895, 0.0351573, 6
-0.444218, 0.253172, 0.026796, 5
-0.441084, 0.251386, 0.0177289, 6
-0.44476, 0.253481, 0.00893563, 5
-0.444828, 0.25352, 0, 5
-0.47246, 0.271237, 0.145974, 6
-0.467865, 0.2686, 0.134509, 5
-0.45969, 0.263906, 0.122373, 5
-0.454685, 0.261033, 0.111441, 4
-0.452898, 0.260007, 0.10151, 5
-0.454365, 0.260849, 0.0923808, 6
-0.448841, 0.257678, 0.0819717, 8
-0.446579, 0.256379, 0.07237, 8
-0.44072, 0.253015, 0.0623971, 9
-0.445047, 0.2555, 0.0539367, 7
-0.445796, 0.255929, 0.0449724, 8
-0.436027, 0.250321, 0.0351573, 7
-0.436492, 0.250589, 0.0263773, 6
-0.433358, 0.248789, 0.0174497, 7
-0.440493, 0.252885, 0.00886582, 5
-0.444029, 0.254916, 0, 5
-0.464915, 0.268852, 0.143903, 6
-0.460299, 0.266182, 0.132573, 6
-0.462232, 0.2673, 0.123273, 5
-0.450476, 0.260502, 0.110609, 4
-0.448679, 0.259463, 0.100747, 6
-0.446723, 0.258332, 0.0909916, 6
-0.44803, 0.259087, 0.0819717, 8
-0.445771, 0.257781, 0.07237, 8
-0.439922, 0.254399, 0.0623971, 8
-0.444242, 0.256897, 0.0539367, 7
-0.434641, 0.251345, 0.0439265, 7
-0.435238, 0.25169, 0.0351573, 7
-0.439161, 0.253959, 0.0265867, 7
-0.439496, 0.254152, 0.0177289, 7
-0.439696, 0.254268, 0.00886582, 6
-0.436301, 0.252305, 0, 5
-0.464069, 0.270311, 0.143903, 6
-0.459461, 0.267627, 0.132573, 6
-0.458022, 0.266789, 0.122373, 5
-0.449655, 0.261916, 0.110609, 4
-0.444469, 0.258895, 0.0999839, 6
-0.449313, 0.261716, 0.0916862, 7
-0.440386, 0.256516, 0.0807202, 8
-0.441536, 0.257186, 0.0718133, 9
-0.442552, 0.257778, 0.0628846, 8
-0.439995, 0.256289, 0.0535186, 7
-0.440735, 0.25672, 0.0446237, 7
-0.434445, 0.253056, 0.0351573, 7
-0.434909, 0.253326, 0.0263773, 6
-0.435241, 0.25352, 0.0175893, 7
-0.431984, 0.251622, 0.0087262, 5
-0.435506, 0.253674, 0, 5
-0.459885, 0.269813, 0.142868, 6
-0.451922, 0.265141, 0.130638, 5
-0.450458, 0.264282, 0.120574, 5
-0.445455, 0.261347, 0.109777, 5
-0.443653, 0.26029, 0.0999839, 6
-0.445091, 0.261133, 0.0909916, 7
-0.439578, 0.257899, 0.0807202, 8
-0.444142, 0.260577, 0.07237, 9
-0.438315, 0.257158, 0.0623971, 9
-0.439188, 0.25767, 0.0535186, 7
-0.429616, 0.252054, 0.0435779, 7
-0.433648, 0.25442, 0.0351573, 7
-0.434111, 0.254692, 0.0263773, 6
-0.430994, 0.252863, 0.0174497, 7
-0.434641, 0.255002, 0.00879601, 5
-0.434707, 0.255041, 0, 5
-0.455709, 0.26929, 0.141833, 6
-0.447746, 0.264585, 0.12967, 5
-0.449626, 0.265696, 0.120574, 5
-0.444632, 0.262745, 0.109777, 5
-0.436073, 0.257687, 0.0984574, 6
-0.444269, 0.26253, 0.0909916, 7
-0.435364, 0.257268, 0.0800944, 8
-0.443322, 0.26197, 0.07237, 8
-0.440923, 0.260553, 0.0628846, 9
-0.431527, 0.255001, 0.0526823, 8
-0.428822, 0.253402, 0.0435779, 7
-0.422541, 0.249691, 0.0343202, 7
-0.42987, 0.254022, 0.026168, 5
-0.433639, 0.256249, 0.0175893, 7
-0.430394, 0.254331, 0.0087262, 6
-0.437347, 0.25844, 0, 5
-0.45486, 0.270721, 0.141833, 6
-0.450248, 0.267976, 0.130638, 6
-0.44544, 0.265114, 0.119674, 5
-0.440442, 0.26214, 0.108946, 5
-0.438635, 0.261064, 0.0992207, 6
-0.440056, 0.26191, 0.0902971, 7
-0.434554, 0.258635, 0.0800944, 9
-0.432285, 0.257285, 0.0706999, 9
-0.429868, 0.255846, 0.0614221, 9
-0.434142, 0.25839, 0.0531005, 8
-0.431448, 0.256786, 0.0439265, 7
-0.425183, 0.253058, 0.0345992, 7
-0.42907, 0.255371, 0.026168, 5
-0.425962, 0.253521, 0.0173101, 7
-0.429593, 0.255683, 0.0087262, 5
-0.426221, 0.253676, 0, 5
-0.450693, 0.270162, 0.140798, 6
-0.442746, 0.265398, 0.128702, 6
-0.441262, 0.264508, 0.118774, 5
-0.436261, 0.261511, 0.108114, 5
-0.434445, 0.260422, 0.0984574, 6
-0.432474, 0.259241, 0.0889079, 6
-0.43035, 0.257968, 0.0794687, 9
-0.434872, 0.260678, 0.0712566, 10
-0.429062, 0.257195, 0.0614221, 9
-0.429916, 0.257707, 0.0526823, 8
-0.427221, 0.256092, 0.0435779, 7
-0.420964, 0.252341, 0.0343202, 7
-0.424839, 0.254664, 0.0259586, 6
-0.425163, 0.254858, 0.0173101, 7
-0.425357, 0.254975, 0.00865639, 6
-0.425422, 0.255014, 0, 5
-0.449843, 0.271577, 0.140798, 6
-0.448555, 0.270799, 0.130638, 6
-0.440429, 0.265893, 0.118774, 5
-0.438787, 0.264902, 0.108946, 5
-0.433625, 0.261786, 0.0984574, 6
-0.431657, 0.260598, 0.0889079, 6
-0.429538, 0.259318, 0.0794687, 9
-0.434051, 0.262043, 0.0712566, 9
-0.424853, 0.25649, 0.0609347, 9
-0.425699, 0.257, 0.0522642, 8
-0.426415, 0.257433, 0.0435779, 7
-0.423585, 0.255724, 0.0345992, 7
-0.424037, 0.255997, 0.0259586, 7
-0.427783, 0.258259, 0.0174497, 7
-0.421131, 0.254243, 0.00858658, 6
-0.421195, 0.254281, 0, 5
-0.445686, 0.270981, 0.139762, 6
-0.437753, 0.266158, 0.127735, 6
-0.439591, 0.267275, 0.118774, 5
-0.434609, 0.264246, 0.108114, 5
-0.429445, 0.261106, 0.0976942, 5
-0.434203, 0.263999, 0.0896025, 7
-0.428721, 0.260666, 0.0794687, 8
-0.423072, 0.257231, 0.0695866, 9
-0.424045, 0.257823, 0.0609347, 9
-0.42149, 0.25627, 0.0518461, 8
-0.425604, 0.258771, 0.0435779, 8
-0.41596, 0.252907, 0.0340412, 7
-0.419818, 0.255253, 0.0257493, 7
-0.416722, 0.253371, 0.017031, 7
-0.42033, 0.255564, 0.00858658, 6
-0.42723, 0.259759, 0, 5
-0.438242, 0.268345, 0.137692, 6
-0.436915, 0.267532, 0.127735, 6
-0.435426, 0.26662, 0.117874, 5
-0.43044, 0.263567, 0.107282, 5
-0.428623, 0.262455, 0.0976942, 5
-0.426652, 0.261248, 0.0882133, 7
-0.4279, 0.262012, 0.0794687, 8
-0.42564, 0.260628, 0.0701432, 9
-0.423233, 0.259154, 0.0609347, 9
-0.420683, 0.257593, 0.0518461, 8
-0.424789, 0.260107, 0.0435779, 7
-0.42197, 0.258381, 0.0345992, 7
-0.415607, 0.254485, 0.0255399, 6
-0.412515, 0.252591, 0.0168914, 7
-0.419525, 0.256884, 0.00858658, 6
-0.416177, 0.254834, 0, 5
-0.440686, 0.271748, 0.138727, 6
-0.436072, 0.268903, 0.127735, 6
-0.437903, 0.270032, 0.118774, 5
-0.42961, 0.264918, 0.107282, 5
-0.431138, 0.265861, 0.0984574, 5
-0.425829, 0.262587, 0.0882133, 7
-0.427075, 0.263355, 0.0794687, 8
-0.431562, 0.266122, 0.0712566, 9
-0.419037, 0.258399, 0.0604472, 9
-0.419871, 0.258913, 0.0518461, 8
-0.413794, 0.255166, 0.042532, 7
-0.417759, 0.257611, 0.0343202, 7
-0.418206, 0.257886, 0.0257493, 7
-0.411719, 0.253886, 0.0168914, 7
-0.418716, 0.2582, 0.00858658, 6
-0.415375, 0.25614, 0, 5
-0.433265, 0.269055, 0.136656, 6
-0.438522, 0.272319, 0.128702, 6
-0.42712, 0.265238, 0.116075, 5
-0.425452, 0.264203, 0.106451, 5
-0.42363, 0.263071, 0.096931, 6
-0.418309, 0.259767, 0.0868241, 7
-0.426245, 0.264695, 0.0794687, 8
-0.420629, 0.261207, 0.0695866, 9
-0.421596, 0.261808, 0.0609347, 9
-0.419056, 0.260231, 0.0518461, 8
-0.416376, 0.258566, 0.0428806, 7
-0.416948, 0.258922, 0.0343202, 7
-0.414, 0.257091, 0.0255399, 7
-0.414315, 0.257287, 0.017031, 6
-0.411107, 0.255295, 0.00844696, 6
-0.41117, 0.255334, 0, 5
-0.435694, 0.272463, 0.137692, 6
-0.427793, 0.267522, 0.125799, 6
-0.429589, 0.268645, 0.116975, 6
-0.42462, 0.265538, 0.106451, 5
-0.419472, 0.262318, 0.0961677, 5
-0.420831, 0.263168, 0.0875187, 7
-0.415363, 0.259749, 0.0775915, 8
-0.423164, 0.264628, 0.0701432, 9
-0.417406, 0.261026, 0.0604472, 9
-0.411491, 0.257327, 0.0510099, 8
-0.415561, 0.259873, 0.0428806, 8
-0.409366, 0.255999, 0.0337621, 7
-0.41319, 0.25839, 0.0255399, 7
-0.410116, 0.256468, 0.0168914, 7
-0.410303, 0.256585, 0.00844696, 6
-0.413757, 0.258745, 0, 5
-0.434835, 0.27383, 0.137692, 6
-0.430234, 0.270933, 0.126767, 6
-0.425445, 0.267917, 0.116075, 6
-0.427094, 0.268955, 0.107282, 5
-0.415323, 0.261543, 0.0954045, 5
-0.420002, 0.264489, 0.0875187, 7
-0.414544, 0.261053, 0.0775915, 8
-0.418979, 0.263845, 0.0695866, 8
-0.413224, 0.260221, 0.0599597, 10
-0.41068, 0.258619, 0.0510099, 8
-0.414743, 0.261177, 0.0428806, 8
-0.405183, 0.255158, 0.0334831, 7
-0.408996, 0.257559, 0.0253306, 6
-0.409308, 0.257755, 0.0168914, 7
-0.409495, 0.257873, 0.00844696, 6
-0.406173, 0.255781, 0, 5
-0.420921, 0.266919, 0.133551, 6
-0.426103, 0.270205, 0.125799, 6
-0.421309, 0.267165, 0.115175, 5
-0.422943, 0.268201, 0.106451, 5
-0.417815, 0.264949, 0.0961677, 6
-0.412516, 0.261588, 0.0861295, 7
-0.413722, 0.262354, 0.0775915, 8
-0.421493, 0.267281, 0.0701432, 9
-0.412404, 0.261518, 0.0599597, 10
-0.413225, 0.262038, 0.051428, 8
-0.410555, 0.260345, 0.042532, 8
-0.40438, 0.256429, 0.0334831, 7
-0.408185, 0.258842, 0.0253306, 7
-0.408496, 0.25904, 0.0168914, 7
-0.401928, 0.254874, 0.00830735, 6
-0.405367, 0.257055, 0, 5
-0.426593, 0.272398, 0.135621, 6
-0.428523, 0.273631, 0.126767, 6
-0.423753, 0.270585, 0.116075, 5
-0.415503, 0.265317, 0.104787, 5
-0.413672, 0.264147, 0.0954045, 5
-0.415012, 0.265003, 0.0868241, 7
-0.412896, 0.263652, 0.0775915, 8
-0.413974, 0.264341, 0.0690299, 8
-0.408234, 0.260675, 0.0594722, 9
-0.405694, 0.259053, 0.0505918, 8
-0.406377, 0.259489, 0.0421834, 8
-0.400209, 0.255551, 0.0332041, 7
-0.40737, 0.260123, 0.0253306, 6
-0.404311, 0.25817, 0.0167518, 7
-0.401125, 0.256136, 0.00830735, 5
-0.407929, 0.26048, 0, 5
-0.425736, 0.273737, 0.135621, 6
-0.424397, 0.272877, 0.125799, 7
-0.416344, 0.267699, 0.114275, 5
-0.414667, 0.266621, 0.104787, 5
-0.416142, 0.267569, 0.0961677, 6
-0.410864, 0.264175, 0.0861295, 7
-0.412066, 0.264948, 0.0775915, 9
-0.40981, 0.263498, 0.0684732, 8
-0.404074, 0.259809, 0.0589848, 9
-0.408225, 0.262478, 0.0510099, 8
-0.405559, 0.260765, 0.0421834, 8
-0.406117, 0.261123, 0.0337621, 7
-0.403191, 0.259242, 0.0251213, 7
-0.400136, 0.257277, 0.0166122, 7
-0.410411, 0.263884, 0.00851677, 5
-0.397015, 0.255271, 0, 5
-0.42163, 0.272974, 0.134586, 6
-0.42028, 0.272099, 0.124832, 7
-0.418773, 0.271124, 0.115175, 5
-0.413828, 0.267922, 0.104787, 5
-0.405412, 0.262473, 0.093878, 6
-0.410032, 0.265465, 0.0861295, 7
-0.407915, 0.264094, 0.0769658, 9
-0.412305, 0.266937, 0.0690299, 8
-0.406589, 0.263235, 0.0594722, 9
-0.400719, 0.259435, 0.0501737, 8
-0.404738, 0.262037, 0.0421834, 7
-0.398595, 0.25806, 0.0332041, 7
-0.399021, 0.258336, 0.0249119, 6
-0.39597, 0.25636, 0.0164726, 7
-0.396151, 0.256478, 0.00823754, 6
-0.396211, 0.256517, 0, 5
-0.417534, 0.272187, 0.133551, 6
-0.419423, 0.273418, 0.124832, 7
-0.411389, 0.268181, 0.113375, 5
-0.409706, 0.267084, 0.103956, 5
-0.407874, 0.26589, 0.0946413, 6
-0.402596, 0.262449, 0.0847403, 7
-0.410393, 0.267532, 0.0775915, 9
-0.40151, 0.261741, 0.0673598, 8
-0.402434, 0.262343, 0.0589848, 9
-0.403235, 0.262865, 0.0505918, 8
-0.397237, 0.258955, 0.0414861, 7
-0.397783, 0.259311, 0.0332041, 7
-0.394861, 0.257407, 0.0247026, 7
-0.395162, 0.257603, 0.0164726, 6
-0.395343, 0.257721, 0.00823754, 6
-0.395403, 0.25776, 0, 5
-0.413447, 0.271377, 0.132515, 6
-0.421806, 0.276864, 0.125799, 7
-0.407286, 0.267334, 0.112476, 5
-0.405594, 0.266223, 0.103124, 5
-0.41032, 0.269325, 0.0954045, 6
-0.40177, 0.263713, 0.0847403, 7
-0.406248, 0.266652, 0.0769658, 8
-0.407309, 0.267348, 0.0684732, 8
-0.408246, 0.267963, 0.0599597, 9
-0.399081, 0.261948, 0.0501737, 8
-0.396421, 0.260202, 0.0414861, 7
-0.400302, 0.262749, 0.0334831, 7
-0.39739, 0.260838, 0.0249119, 6
-0.394351, 0.258843, 0.0164726, 6
-0.394531, 0.258962, 0.00823754, 6
-0.394592, 0.259001, 0, 4
-0.415815, 0.274805, 0.133551, 6
-0.414459, 0.273908, 0.123864, 6
-0.412947, 0.27291, 0.114275, 5
-0.401492, 0.265339, 0.102293, 6
-0.406196, 0.268447, 0.0946413, 6
-0.400939, 0.264973, 0.0847403, 7
-0.39552, 0.261392, 0.0750885, 8
-0.403162, 0.266443, 0.0679165, 8
-0.397465, 0.262678, 0.0584973, 9
-0.401575, 0.265394, 0.0505918, 8
-0.395602, 0.261446, 0.0414861, 7
-0.389488, 0.257405, 0.032646, 7
-0.399901, 0.264288, 0.0251213, 6
-0.390201, 0.257877, 0.016333, 6
-0.400389, 0.26461, 0.00837715, 6
-0.393776, 0.260239, 0, 5
-0.418167, 0.27825, 0.134586, 6
-0.407134, 0.270909, 0.121929, 6
-0.402354, 0.267728, 0.111576, 6
-0.403914, 0.268766, 0.103124, 5
-0.398812, 0.265372, 0.0931148, 6
-0.400105, 0.266232, 0.0847403, 7
-0.401275, 0.26701, 0.07634, 9
-0.395728, 0.263319, 0.0668031, 9
-0.399943, 0.266124, 0.0589848, 8
-0.394116, 0.262247, 0.0497556, 8
-0.394779, 0.262688, 0.0414861, 7
-0.391999, 0.260838, 0.0329251, 7
-0.395743, 0.26333, 0.0249119, 6
-0.399373, 0.265745, 0.0167518, 6
-0.392897, 0.261435, 0.00823754, 5
-0.396287, 0.263691, 0, 5
-0.407661, 0.273111, 0.13148, 6
-0.406281, 0.272187, 0.121929, 6
-0.404749, 0.27116, 0.112476, 6
-0.399817, 0.267856, 0.102293, 6
-0.401239, 0.268809, 0.093878, 6
-0.392721, 0.263102, 0.0833511, 7
-0.39387, 0.263872, 0.0750885, 9
-0.394898, 0.264561, 0.0668031, 9
-0.395807, 0.26517, 0.0584973, 8
-0.39329, 0.263483, 0.0497556, 8
-0.393951, 0.263927, 0.0414861, 6
-0.391178, 0.262069, 0.0329251, 7
-0.388277, 0.260125, 0.0244932, 5
-0.388573, 0.260323, 0.016333, 5
-0.388751, 0.260442, 0.00816773, 5
-0.392133, 0.262708, 0, 5
-0.406801, 0.274391, 0.13148, 6
-0.405423, 0.273462, 0.121929, 6
-0.397432, 0.268072, 0.110676, 6
-0.402217, 0.271299, 0.103124, 6
-0.393882, 0.265677, 0.0923516, 6
-0.398424, 0.26874, 0.0847403, 8
-0.389763, 0.262899, 0.0744628, 8
-0.397349, 0.268015, 0.0673598, 9
-0.388389, 0.261972, 0.0575223, 8
-0.395758, 0.266942, 0.0501737, 7
-0.39312, 0.265163, 0.0414861, 7
-0.390353, 0.263296, 0.0329251, 7
-0.387458, 0.261344, 0.0244932, 6
-0.387753, 0.261543, 0.016333, 6
-0.391246, 0.263899, 0.00823754, 5
-0.384673, 0.259465, 0, 5
-0.405937, 0.275667, 0.13148, 6
-0.401352, 0.272553, 0.120961, 6
-0.396588, 0.269319, 0.110676, 5
-0.398126, 0.270363, 0.102293, 6
-0.393045, 0.266913, 0.0923516, 5
-0.394319, 0.267778, 0.0840457, 8
-0.392204, 0.266341, 0.0750885, 9
-0.393228, 0.267037, 0.0668031, 9
-0.390849, 0.265421, 0.0580098, 7
-0.388336, 0.263714, 0.0493374, 7
-0.385692, 0.261919, 0.0407889, 6
-0.382921, 0.260038, 0.032367, 7
-0.386635, 0.26256, 0.0244932, 6
-0.383623, 0.260514, 0.0161934, 6
-0.380489, 0.258386, 0.00802811, 5
-0.390475, 0.265167, 0, 5
-0.39869, 0.27258, 0.12941, 7
-0.394086, 0.269432, 0.119026, 6
-0.402175, 0.274962, 0.112476, 6
-0.394045, 0.269404, 0.101461, 6
-0.388964, 0.26593, 0.0915883, 6
-0.386972, 0.264568, 0.0826565, 8
-0.384843, 0.263112, 0.0738371, 8
-0.395658, 0.270506, 0.0673598, 9
-0.383458, 0.262166, 0.0570349, 7
-0.387505, 0.264933, 0.0493374, 8
-0.381578, 0.260881, 0.0404403, 7
-0.378809, 0.258987, 0.032088, 6
-0.385808, 0.263773, 0.0244932, 5
-0.379502, 0.259461, 0.0160538, 6
-0.379676, 0.25958, 0.00802811, 6
-0.386338, 0.264135, 0, 5
-0.401014, 0.276022, 0.130445, 6
-0.396434, 0.272869, 0.119993, 6
-0.391678, 0.269595, 0.109776, 5
-0.389973, 0.268422, 0.100629, 6
-0.384892, 0.264925, 0.0908251, 6
-0.386139, 0.265783, 0.0826565, 8
-0.384014, 0.26432, 0.0738371, 9
-0.38828, 0.267257, 0.0662464, 9
-0.389173, 0.267871, 0.0580098, 8
-0.386671, 0.266149, 0.0493374, 8
-0.380757, 0.262078, 0.0404403, 7
-0.38128, 0.262439, 0.032367, 6
-0.381687, 0.262719, 0.0242839, 5
-0.381978, 0.262919, 0.0161934, 6
-0.378858, 0.260772, 0.00802811, 6
-0.378916, 0.260811, 0, 6
-0.396969, 0.275079, 0.12941, 6
-0.392385, 0.271903, 0.119026, 6
-0.394032, 0.273045, 0.110676, 6
-0.389128, 0.269646, 0.100629, 6
-0.38083, 0.263896, 0.0900618, 7
-0.391778, 0.271482, 0.0840457, 8
-0.379934, 0.263275, 0.0732113, 8
-0.387438, 0.268475, 0.0662464, 8
-0.385066, 0.266832, 0.0575223, 8
-0.376024, 0.260565, 0.0480831, 7
-0.383207, 0.265543, 0.0407889, 7
-0.377174, 0.261362, 0.032088, 6
-0.384143, 0.266192, 0.0244932, 5
-0.377865, 0.261841, 0.0160538, 7
-0.371463, 0.257405, 0.00788849, 6
-0.381383, 0.264279, 0, 6
-0.396103, 0.276325, 0.12941, 6
-0.397895, 0.277575, 0.120961, 6
-0.389976, 0.272051, 0.109776, 6
-0.38507, 0.268629, 0.0997976, 6
-0.38644, 0.269584, 0.0915883, 6
-0.378, 0.263696, 0.0812673, 7
-0.382346, 0.266728, 0.0738371, 8
-0.383344, 0.267425, 0.0656897, 9
-0.38097, 0.265768, 0.0570349, 7
-0.381728, 0.266297, 0.0489193, 7
-0.379102, 0.264465, 0.0404403, 7
-0.376351, 0.262546, 0.032088, 6
-0.380029, 0.265112, 0.0242839, 5
-0.380319, 0.265314, 0.0161934, 6
-0.373932, 0.260859, 0.0079583, 6
-0.38055, 0.265476, 0, 6
-0.395233, 0.277568, 0.12941, 6
-0.387493, 0.272132, 0.118058, 6
-0.392309, 0.275515, 0.110676, 6
-0.384225, 0.269837, 0.0997976, 6
-0.382378, 0.26854, 0.0908251, 6
-0.383617, 0.26941, 0.0826565, 7
-0.37504, 0.263386, 0.0725856, 8
-0.379261, 0.266351, 0.065133, 9
-0.373635, 0.2624, 0.0560599, 7
-0.38089, 0.267495, 0.0489193, 6
-0.37827, 0.265655, 0.0404403, 7
-0.372259, 0.261434, 0.031809, 6
-0.379194, 0.266304, 0.0242839, 5
-0.372941, 0.261912, 0.0159142, 6
-0.373111, 0.262032, 0.0079583, 6
-0.379715, 0.26667, 0, 5
-0.384894, 0.272117, 0.126304, 6
-0.386636, 0.273348, 0.118058, 6
-0.391442, 0.276746, 0.110676, 6
-0.38018, 0.268784, 0.098966, 6
-0.37512, 0.265207, 0.0892986, 6
-0.376336, 0.266066, 0.0812673, 7
-0.380662, 0.269125, 0.0738371, 8
-0.375188, 0.265255, 0.0645763, 9
-0.376051, 0.265865, 0.0565474, 8
-0.376799, 0.266394, 0.0485012, 7
-0.367672, 0.259941, 0.0393944, 6
-0.374694, 0.264905, 0.032088, 6
-0.375094, 0.265188, 0.0240745, 5
-0.37538, 0.265391, 0.0160538, 6
-0.36902, 0.260894, 0.00788849, 6
-0.375609, 0.265552, 0, 5
-0.384038, 0.273325, 0.126304, 6
-0.392099, 0.279063, 0.119993, 6
-0.387395, 0.275714, 0.109776, 6
-0.382521, 0.272246, 0.0997976, 6
-0.380683, 0.270938, 0.0908251, 7
-0.369079, 0.262679, 0.0798782, 7
-0.376596, 0.268029, 0.0732113, 9
-0.374353, 0.266432, 0.0645763, 8
-0.378448, 0.269347, 0.0570349, 9
-0.375961, 0.267577, 0.0485012, 7
-0.366854, 0.261095, 0.0393944, 7
-0.370609, 0.263768, 0.031809, 6
-0.371005, 0.264049, 0.0238652, 5
-0.368031, 0.261933, 0.0157746, 7
-0.377974, 0.269009, 0.00809792, 6
-0.371514, 0.264412, 0, 5
-0.383177, 0.27453, 0.126304, 6
-0.38491, 0.275772, 0.118058, 7
-0.38019, 0.27239, 0.107977, 6
-0.378484, 0.271168, 0.098966, 6
-0.37983, 0.272132, 0.0908251, 7
-0.374656, 0.268425, 0.0812673, 7
-0.375752, 0.269211, 0.0732113, 9
-0.376734, 0.269914, 0.065133, 8
-0.371146, 0.26591, 0.0560599, 9
-0.371884, 0.266439, 0.0480831, 7
-0.37251, 0.266888, 0.0400916, 6
-0.369778, 0.264931, 0.031809, 6
-0.363679, 0.260561, 0.0234465, 5
-0.370455, 0.265416, 0.0159142, 7
-0.370625, 0.265537, 0.0079583, 6
-0.36743, 0.263248, 0, 5
-0.379179, 0.273472, 0.125268, 6
-0.384042, 0.27698, 0.118058, 7
-0.382494, 0.275863, 0.108876, 6
-0.37763, 0.272355, 0.098966, 6
-0.378973, 0.273324, 0.0908251, 6
-0.370616, 0.267297, 0.0805728, 7
-0.374905, 0.270389, 0.0732113, 9
-0.369459, 0.266462, 0.0640196, 8
-0.370309, 0.267075, 0.0560599, 9
-0.371046, 0.267606, 0.0480831, 7
-0.361974, 0.261064, 0.0390458, 6
-0.368944, 0.266091, 0.031809, 6
-0.366099, 0.264038, 0.0236559, 5
-0.366378, 0.26424, 0.0157746, 6
-0.363301, 0.262021, 0.00781868, 6
-0.366601, 0.264401, 0, 5
-0.381444, 0.276932, 0.126304, 6
-0.373748, 0.271345, 0.115155, 7
-0.378471, 0.274774, 0.107977, 6
-0.376772, 0.27354, 0.098966, 5
-0.371758, 0.2699, 0.0892986, 6
-0.372962, 0.270774, 0.0812673, 7
-0.367659, 0.266924, 0.0719599, 9
-0.365414, 0.265294, 0.0634629, 8
-0.369468, 0.268237, 0.0560599, 8
-0.366984, 0.266434, 0.047665, 7
-0.367601, 0.266882, 0.039743, 6
-0.361648, 0.26256, 0.0312509, 6
-0.365267, 0.265187, 0.0236559, 5
-0.365546, 0.26539, 0.0157746, 5
-0.365713, 0.265511, 0.00788849, 6
-0.369005, 0.267901, 0, 5
-0.374334, 0.27357, 0.124233, 6
-0.376027, 0.274807, 0.116123, 6
-0.377606, 0.275961, 0.107977, 6
-0.366434, 0.267797, 0.096471, 6
-0.367738, 0.268749, 0.0885354, 6
-0.37529, 0.274269, 0.0819619, 7
-0.370009, 0.270409, 0.0725856, 9
-0.370975, 0.271115, 0.0645763, 8
-0.365418, 0.267054, 0.0555724, 9
-0.366145, 0.267585, 0.047665, 8
-0.363544, 0.265684, 0.0393944, 6
-0.367265, 0.268404, 0.031809, 6
-0.357982, 0.26162, 0.0232372, 5
-0.358255, 0.261819, 0.0154954, 6
-0.35519, 0.259579, 0.00767906, 5
-0.368162, 0.269059, 0, 5
-0.379697, 0.279323, 0.126304, 7
-0.375162, 0.275987, 0.116123, 6
-0.370458, 0.272527, 0.106177, 6
-0.371895, 0.273584, 0.0981343, 6
-0.366892, 0.269903, 0.0885354, 5
-0.368081, 0.270778, 0.0805728, 7
-0.365975, 0.269229, 0.0719599, 9
-0.36374, 0.267585, 0.0634629, 8
-0.367775, 0.270553, 0.0560599, 8
-0.362098, 0.266377, 0.0472469, 7
-0.365917, 0.269186, 0.039743, 7
-0.359992, 0.264827, 0.0312509, 6
-0.357158, 0.262743, 0.0232372, 5
-0.360651, 0.265312, 0.015635, 6
-0.357594, 0.263064, 0.00774887, 5
-0.364093, 0.267844, 0, 5
-0.375713, 0.278215, 0.125268, 7
-0.374293, 0.277164, 0.116123, 6
-0.375865, 0.278328, 0.107977, 6
-0.364745, 0.270094, 0.096471, 6
-0.362887, 0.268718, 0.0877721, 6
-0.364063, 0.269588, 0.0798782, 7
-0.365127, 0.270377, 0.0719599, 8
-0.366081, 0.271083, 0.0640196, 8
-0.360542, 0.266981, 0.0550849, 8
-0.364457, 0.26988, 0.047665, 7
-0.36507, 0.270334, 0.039743, 6
-0.359158, 0.265957, 0.0312509, 6
-0.356331, 0.263864, 0.0232372, 5
-0.35339, 0.261686, 0.0153558, 6
-0.35998, 0.266565, 0.00781868, 5
-0.35682, 0.264226, 0, 5
-0.374837, 0.279395, 0.125268, 7
-0.367197, 0.2737, 0.114187, 6
-0.368739, 0.274849, 0.106177, 6
-0.363894, 0.271238, 0.096471, 6
-0.362041, 0.269857, 0.0877721, 6
-0.360055, 0.268377, 0.0791836, 8
-0.361108, 0.269162, 0.0713341, 9
-0.365227, 0.272232, 0.0640196, 8
-0.356518, 0.26574, 0.0545975, 8
-0.360417, 0.268647, 0.0472469, 7
-0.357829, 0.266717, 0.0390458, 6
-0.355121, 0.264699, 0.0309719, 6
-0.361906, 0.269756, 0.0236559, 5
-0.352566, 0.262795, 0.0153558, 5
-0.352728, 0.262915, 0.00767906, 5
-0.359196, 0.267736, 0, 5
-0.373957, 0.280571, 0.125268, 7
-0.36944, 0.277182, 0.115155, 6
-0.367873, 0.276006, 0.106177, 6
-0.36617, 0.274728, 0.0973027, 6
-0.364332, 0.273349, 0.0885354, 6
-0.362361, 0.271871, 0.0798782, 7
-0.357101, 0.267924, 0.0707084, 8
-0.358034, 0.268624, 0.0629062, 8
-0.358857, 0.269242, 0.0550849, 8
-0.362754, 0.272165, 0.047665, 7
-0.356989, 0.26784, 0.0390458, 6
-0.351096, 0.263419, 0.0306928, 6
-0.351471, 0.2637, 0.0230278, 5
-0.358134, 0.268699, 0.015635, 6
-0.355099, 0.266422, 0.00774887, 5
-0.351953, 0.264062, 0, 5
-0.373074, 0.281744, 0.125268, 6
-0.368567, 0.278341, 0.115155, 6
-0.360784, 0.272463, 0.104377, 6
-0.362183, 0.273519, 0.096471, 6
-0.357205, 0.26976, 0.0870089, 6
-0.361505, 0.273008, 0.0798782, 7
-0.35941, 0.271426, 0.0713341, 8
-0.357188, 0.269747, 0.0629062, 8
-0.35801, 0.270368, 0.0550849, 8
-0.358722, 0.270906, 0.0472469, 7
-0.352966, 0.266559, 0.0386971, 6
-0.353451, 0.266925, 0.0309719, 6
-0.350641, 0.264803, 0.0230278, 5
-0.350908, 0.265005, 0.0153558, 6
-0.347877, 0.262716, 0.00760925, 5
-0.354314, 0.267577, 0, 5
-0.366035, 0.278239, 0.123198, 6
-0.361511, 0.2748, 0.113219, 6
-0.359926, 0.273595, 0.104377, 5
-0.358207, 0.272288, 0.0956394, 6
-0.359481, 0.273257, 0.0877721, 7
-0.35751, 0.271758, 0.0791836, 7
-0.358556, 0.272553, 0.0713341, 8
-0.356339, 0.270868, 0.0629062, 8
-0.353998, 0.269089, 0.0545975, 8
-0.354702, 0.269624, 0.0468288, 8
-0.352127, 0.267666, 0.0386971, 6
-0.352611, 0.268034, 0.0309719, 6
-0.352987, 0.268321, 0.0232372, 5
-0.353256, 0.268525, 0.0154954, 6
-0.350234, 0.266228, 0.00767906, 5
-0.353472, 0.268689, 0, 5
-0.36209, 0.277039, 0.122163, 6
-0.357564, 0.273576, 0.112252, 6
-0.359065, 0.274725, 0.104377, 6
-0.35735, 0.273412, 0.0956394, 5
-0.352384, 0.269613, 0.0862457, 7
-0.359783, 0.275274, 0.0798782, 7
-0.351422, 0.268877, 0.0700826, 8
-0.358632, 0.274393, 0.0634629, 8
-0.353151, 0.270199, 0.0545975, 8
-0.350694, 0.26832, 0.0464106, 8
-0.351284, 0.268771, 0.0386971, 6
-0.345429, 0.264291, 0.0304138, 6
-0.352143, 0.269428, 0.0232372, 5
-0.349236, 0.267204, 0.0153558, 6
-0.34622, 0.264896, 0.00760925, 5
-0.349449, 0.267367, 0, 5
-0.367341, 0.28289, 0.124233, 6
-0.362852, 0.279434, 0.114187, 6
-0.3582, 0.275851, 0.104377, 6
-0.356489, 0.274534, 0.0956394, 6
-0.351535, 0.270719, 0.0862457, 7
-0.352674, 0.271596, 0.078489, 8
-0.350576, 0.26998, 0.0700826, 8
-0.35463, 0.273102, 0.0629062, 8
-0.3523, 0.271308, 0.0545975, 8
-0.346698, 0.266993, 0.0459925, 7
-0.353595, 0.272305, 0.0390458, 6
-0.347758, 0.26781, 0.0306928, 6
-0.344965, 0.265659, 0.0228185, 5
-0.351562, 0.270739, 0.0154954, 5
-0.345386, 0.265983, 0.00760925, 5
-0.345438, 0.266023, 0, 5
-0.357289, 0.276942, 0.121127, 7
-0.35277, 0.273439, 0.111284, 6
-0.360412, 0.279363, 0.105277, 6
-0.352532, 0.273255, 0.0948077, 6
-0.350683, 0.271822, 0.0862457, 7
-0.354933, 0.275116, 0.0791836, 8
-0.346603, 0.268659, 0.0694569, 8
-0.356901, 0.276641, 0.0634629, 7
-0.348308, 0.269981, 0.05411, 8
-0.349001, 0.270518, 0.0464106, 8
-0.34329, 0.266091, 0.0379999, 6
-0.343761, 0.266457, 0.0304138, 6
-0.347286, 0.269188, 0.0230278, 5
-0.341231, 0.264495, 0.0150766, 5
-0.344548, 0.267067, 0.00760925, 5
-0.344601, 0.267107, 0, 5
-0.356417, 0.278063, 0.121127, 6
-0.35803, 0.279321, 0.113219, 6
-0.353387, 0.275699, 0.103477, 5
-0.351672, 0.274361, 0.0948077, 7
-0.346732, 0.270507, 0.0854824, 7
-0.350961, 0.273806, 0.078489, 8
-0.351987, 0.274607, 0.0707084, 8
-0.346661, 0.270451, 0.0617929, 7
-0.350588, 0.273516, 0.0545975, 8
-0.345013, 0.269166, 0.0459925, 7
-0.345594, 0.269619, 0.0383485, 6
-0.339777, 0.265081, 0.0301348, 5
-0.340139, 0.265364, 0.0226091, 5
-0.337247, 0.263107, 0.014937, 5
-0.337401, 0.263227, 0.00746963, 5
-0.34376, 0.268188, 0, 4
-0.355542, 0.279181, 0.121127, 7
-0.354098, 0.278047, 0.112252, 6
-0.355585, 0.279215, 0.104377, 6
-0.350809, 0.275465, 0.0948077, 6
-0.339704, 0.266745, 0.083956, 7
-0.347001, 0.272475, 0.0777944, 7
-0.344908, 0.270832, 0.0694569, 8
-0.345809, 0.271539, 0.0617929, 8
-0.346605, 0.272164, 0.05411, 7
-0.347295, 0.272706, 0.0464106, 7
-0.344745, 0.270703, 0.0383485, 6
-0.345219, 0.271076, 0.0306928, 6
-0.336162, 0.263964, 0.0223998, 5
-0.342707, 0.269103, 0.0152162, 5
-0.339718, 0.266756, 0.00753944, 5
-0.33977, 0.266797, 0, 5
-0.354663, 0.280297, 0.121127, 7
-0.353222, 0.279159, 0.112252, 6
-0.351648, 0.277914, 0.103477, 6
-0.349941, 0.276566, 0.0948077, 6
-0.348106, 0.275115, 0.0862457, 7
-0.346143, 0.273564, 0.0777944, 7
-0.340956, 0.269464, 0.0688312, 8
-0.35117, 0.277536, 0.0629062, 8
-0.342633, 0.27079, 0.0536225, 8
-0.343315, 0.271329, 0.0459925, 7
-0.340766, 0.269314, 0.0379999, 6
-0.334974, 0.264736, 0.0298558, 6
-0.341599, 0.269973, 0.0228185, 5
-0.338723, 0.2677, 0.0150766, 5
-0.338878, 0.267822, 0.00753944, 5
-0.342068, 0.270343, 0, 5
-0.356804, 0.283815, 0.122163, 7
-0.352344, 0.280267, 0.112252, 6
-0.341622, 0.271739, 0.100778, 6
-0.346009, 0.275228, 0.0939761, 6
-0.34724, 0.276207, 0.0862457, 7
-0.342199, 0.272197, 0.0770998, 7
-0.3432, 0.272994, 0.0694569, 8
-0.340996, 0.271241, 0.0612362, 8
-0.344888, 0.274336, 0.05411, 8
-0.339348, 0.26993, 0.0455744, 7
-0.339919, 0.270384, 0.0379999, 6
-0.337263, 0.268271, 0.0301348, 5
-0.34075, 0.271044, 0.0228185, 5
-0.337881, 0.268763, 0.0150766, 5
-0.331775, 0.263906, 0.00739982, 5
-0.334956, 0.266436, 0, 4
-0.352895, 0.28252, 0.121127, 6
-0.348432, 0.278947, 0.111284, 6
-0.340767, 0.272811, 0.100778, 6
-0.335979, 0.268978, 0.0914811, 6
-0.34024, 0.272389, 0.0847192, 7
-0.341342, 0.273271, 0.0770998, 7
-0.342341, 0.27407, 0.0694569, 8
-0.346327, 0.277262, 0.0623496, 8
-0.340925, 0.272937, 0.0536225, 8
-0.338498, 0.270994, 0.0455744, 7
-0.339068, 0.27145, 0.0379999, 6
-0.336419, 0.269329, 0.0301348, 6
-0.330541, 0.264624, 0.0221904, 5
-0.333914, 0.267324, 0.014937, 5
-0.337189, 0.269946, 0.00753944, 5
-0.33724, 0.269987, 0, 4
-0.342931, 0.276414, 0.118021, 7
-0.347505, 0.280101, 0.111284, 6
-0.33986, 0.273939, 0.100778, 6
-0.341178, 0.275001, 0.0931444, 6
-0.342392, 0.275979, 0.0854824, 7
-0.340434, 0.274402, 0.0770998, 8
-0.332202, 0.267766, 0.0675797, 8
-0.336154, 0.270951, 0.0606795, 8
-0.340018, 0.274066, 0.0536225, 9
-0.340695, 0.274612, 0.0459925, 7
-0.331961, 0.267572, 0.0373027, 6
-0.335524, 0.270444, 0.0301348, 5
-0.335882, 0.270732, 0.0226091, 5
-0.329913, 0.265921, 0.0147974, 5
-0.336292, 0.271063, 0.00753944, 5
-0.336343, 0.271104, 0, 5
-0.348112, 0.282298, 0.120092, 7
-0.340643, 0.276241, 0.109349, 6
-0.348128, 0.282311, 0.103477, 6
-0.337322, 0.273548, 0.0923128, 6
-0.338522, 0.274521, 0.0847192, 6
-0.342678, 0.277892, 0.0777944, 7
-0.334475, 0.271239, 0.0682054, 8
-0.338425, 0.274443, 0.0612362, 8
-0.333036, 0.270073, 0.0526476, 8
-0.339879, 0.275621, 0.0459925, 7
-0.331165, 0.268555, 0.0373027, 6
-0.331621, 0.268925, 0.0298558, 6
-0.335077, 0.271728, 0.0226091, 5
-0.326018, 0.264381, 0.0146578, 5
-0.335486, 0.272059, 0.00753944, 5
-0.335537, 0.272101, 0, 5
-0.34423, 0.280947, 0.119057, 6
-0.34278, 0.279764, 0.110316, 6
-0.338181, 0.27601, 0.100778, 6
-0.336461, 0.274606, 0.0923128, 6
-0.331574, 0.270618, 0.0831927, 6
-0.3357, 0.273985, 0.0764052, 7
-0.333621, 0.272289, 0.0682054, 8
-0.334492, 0.273, 0.0606795, 9
-0.332186, 0.271117, 0.0526476, 8
-0.332847, 0.271657, 0.0451563, 7
-0.333407, 0.272114, 0.0376513, 6
-0.327683, 0.267442, 0.0295767, 5
-0.331127, 0.270253, 0.0223998, 5
-0.328283, 0.267932, 0.0147974, 5
-0.328433, 0.268054, 0.00739982, 6
-0.334681, 0.273154, 0, 5
-0.343346, 0.282027, 0.119057, 6
-0.344899, 0.283303, 0.111284, 6
-0.340324, 0.279545, 0.101678, 6
-0.335596, 0.275662, 0.0923128, 6
-0.339824, 0.279135, 0.0854824, 6
-0.331793, 0.272538, 0.0757106, 7
-0.332764, 0.273335, 0.0682054, 9
-0.330572, 0.271535, 0.0601228, 9
-0.328265, 0.26964, 0.0521601, 8
-0.335066, 0.275226, 0.0455744, 7
-0.332551, 0.27316, 0.0376513, 6
-0.326841, 0.26847, 0.0295767, 5
-0.330277, 0.271292, 0.0223998, 5
-0.330528, 0.271499, 0.014937, 5
-0.33377, 0.274162, 0.00753944, 5
-0.327639, 0.269126, 0, 4
-0.342458, 0.283104, 0.119057, 7
-0.341016, 0.281912, 0.110316, 6
-0.33644, 0.278129, 0.100778, 6
-0.337744, 0.279208, 0.0931444, 6
-0.332893, 0.275197, 0.083956, 6
-0.330936, 0.273579, 0.0757106, 7
-0.331904, 0.274379, 0.0682054, 9
-0.335824, 0.27762, 0.0612362, 8
-0.339656, 0.280788, 0.05411, 8
-0.325002, 0.268674, 0.0443201, 7
-0.32862, 0.271664, 0.0373027, 6
-0.325996, 0.269495, 0.0295767, 5
-0.326344, 0.269783, 0.0221904, 5
-0.326593, 0.269989, 0.0147974, 5
-0.32366, 0.267564, 0.00733001, 5
-0.326792, 0.270153, 0, 5
-0.338548, 0.281767, 0.118021, 7
-0.33113, 0.275593, 0.107413, 6
-0.335516, 0.279243, 0.100778, 6
-0.327795, 0.272817, 0.0906495, 5
-0.334997, 0.278811, 0.0847192, 6
-0.330027, 0.274675, 0.0757106, 7
-0.327955, 0.272951, 0.0675797, 8
-0.328812, 0.273664, 0.0601228, 8
-0.326517, 0.271754, 0.0521601, 8
-0.327167, 0.272295, 0.0447382, 7
-0.321592, 0.267654, 0.0366054, 6
-0.322034, 0.268022, 0.0292977, 5
-0.325448, 0.270864, 0.0221904, 5
-0.328769, 0.273628, 0.014937, 5
-0.322771, 0.268636, 0.00733001, 5
-0.325894, 0.271236, 0, 5
-0.33771, 0.28277, 0.118021, 7
-0.33031, 0.276574, 0.107413, 6
-0.328709, 0.275234, 0.0989785, 6
-0.332983, 0.278813, 0.0923128, 6
-0.325136, 0.272242, 0.0824295, 6
-0.33223, 0.278182, 0.0764052, 7
-0.324115, 0.271387, 0.0669539, 8
-0.331035, 0.277181, 0.0606795, 8
-0.322665, 0.270173, 0.0516726, 8
-0.326357, 0.273264, 0.0447382, 7
-0.326906, 0.273724, 0.0373027, 6
-0.321237, 0.268977, 0.0292977, 5
-0.327705, 0.274393, 0.0223998, 4
-0.32489, 0.272036, 0.0147974, 5
-0.318906, 0.267025, 0.0072602, 5
-0.328155, 0.27477, 0, 5
-0.339774, 0.286319, 0.119057, 7
-0.332408, 0.280112, 0.108381, 6
-0.327843, 0.276265, 0.0989785, 6
-0.326122, 0.274815, 0.0906495, 6
-0.321277, 0.270732, 0.0816663, 6
-0.331355, 0.279224, 0.0764052, 7
-0.323261, 0.272404, 0.0669539, 8
-0.327134, 0.275668, 0.0601228, 8
-0.327887, 0.276302, 0.0526476, 8
-0.325497, 0.274288, 0.0447382, 7
-0.322998, 0.272182, 0.036954, 6
-0.317339, 0.267413, 0.0290187, 5
-0.320732, 0.270273, 0.0219811, 5
-0.320977, 0.270479, 0.0146578, 5
-0.318065, 0.268026, 0.0072602, 5
-0.324231, 0.273222, 0, 5
-0.335927, 0.284886, 0.118021, 6
-0.331526, 0.281154, 0.108381, 6
-0.329946, 0.279814, 0.0998783, 6
-0.328241, 0.278368, 0.0914811, 6
-0.326414, 0.276819, 0.0831927, 6
-0.324467, 0.275168, 0.075016, 7
-0.325417, 0.275973, 0.0675797, 8
-0.320225, 0.27157, 0.0590094, 8
-0.327017, 0.27733, 0.0526476, 8
-0.3216, 0.272736, 0.0443201, 7
-0.322141, 0.273195, 0.036954, 6
-0.322584, 0.273571, 0.0295767, 5
-0.319882, 0.271279, 0.0219811, 5
-0.320126, 0.271486, 0.0146578, 5
-0.320272, 0.27161, 0.00733001, 5
-0.320321, 0.271651, 0, 5
-0.329103, 0.280981, 0.115951, 7
-0.32764, 0.279732, 0.107413, 6
-0.329016, 0.280907, 0.0998783, 6
-0.327316, 0.279456, 0.0914811, 6
-0.319522, 0.272801, 0.0816663, 6
-0.320557, 0.273685, 0.0743214, 7
-0.31849, 0.27192, 0.0663282, 8
-0.322334, 0.275202, 0.0595661, 8
-0.320057, 0.273258, 0.0516726, 8
-0.323719, 0.276385, 0.0447382, 7
-0.318203, 0.271675, 0.0366054, 6
-0.315605, 0.269457, 0.0290187, 5
-0.31898, 0.272339, 0.0219811, 4
-0.316183, 0.269951, 0.0145182, 5
-0.319369, 0.272671, 0.00733001, 5
-0.319418, 0.272712, 0, 5
-0.33701, 0.289568, 0.119057, 6
-0.320872, 0.275702, 0.105478, 6
-0.325176, 0.279399, 0.0989785, 6
-0.323469, 0.277933, 0.0906495, 6
-0.315685, 0.271245, 0.080903, 6
-0.319696, 0.274691, 0.0743214, 7
-0.317634, 0.272919, 0.0663282, 8
-0.321468, 0.276214, 0.0595661, 7
-0.319197, 0.274262, 0.0516726, 8
-0.316815, 0.272215, 0.043902, 7
-0.323392, 0.277867, 0.0373027, 7
-0.314757, 0.270447, 0.0290187, 5
-0.315093, 0.270736, 0.0217718, 4
-0.315334, 0.270943, 0.0145182, 5
-0.318511, 0.273673, 0.00733001, 5
-0.321594, 0.276321, 0, 5
-0.324458, 0.28046, 0.114916, 6
-0.322989, 0.27919, 0.106446, 6
-0.321397, 0.277814, 0.0980787, 5
-0.319683, 0.276333, 0.0898179, 6
-0.317849, 0.274748, 0.0816663, 5
-0.315899, 0.273062, 0.0736268, 7
-0.313834, 0.271277, 0.0657025, 7
-0.317651, 0.274576, 0.0590094, 8
-0.321385, 0.277804, 0.0521601, 7
-0.316006, 0.273154, 0.043902, 7
-0.313522, 0.271008, 0.0362568, 6
-0.310935, 0.268771, 0.0287397, 5
-0.314289, 0.27167, 0.0217718, 5
-0.314528, 0.271877, 0.0145182, 5
-0.308621, 0.266771, 0.00712058, 5
-0.31472, 0.272043, 0, 4
-0.33232, 0.289085, 0.118021, 6
-0.325039, 0.282751, 0.107413, 6
-0.326404, 0.283938, 0.0998783, 5
-0.318813, 0.277335, 0.0898179, 6
-0.314022, 0.273168, 0.080903, 5
-0.318012, 0.276638, 0.0743214, 7
-0.312981, 0.272261, 0.0657025, 7
-0.319775, 0.278172, 0.0595661, 8
-0.311525, 0.270995, 0.0506976, 7
-0.315146, 0.274145, 0.043902, 7
-0.309663, 0.269376, 0.0359082, 7
-0.307078, 0.267127, 0.0284606, 5
-0.313434, 0.272656, 0.0217718, 5
-0.313673, 0.272864, 0.0145182, 5
-0.316834, 0.275613, 0.00733001, 5
-0.316882, 0.275655, 0, 4
-0.319733, 0.280004, 0.11388, 7
-0.324099, 0.283827, 0.107413, 6
-0.319596, 0.279884, 0.0980787, 5
-0.317892, 0.278391, 0.0898179, 5
-0.316069, 0.276795, 0.0816663, 5
-0.311166, 0.272501, 0.0729322, 7
-0.312076, 0.273298, 0.0657025, 7
-0.315871, 0.276621, 0.0590094, 7
-0.316598, 0.277258, 0.0516726, 7
-0.317228, 0.27781, 0.0443201, 7
-0.314764, 0.275652, 0.0366054, 6
-0.306191, 0.268144, 0.0284606, 5
-0.306518, 0.26843, 0.0213531, 5
-0.312766, 0.273902, 0.0145182, 5
-0.3099, 0.271393, 0.00719039, 5
-0.315966, 0.276705, 0, 4
-0.318852, 0.281007, 0.11388, 6
-0.317383, 0.279712, 0.105478, 6
-0.318715, 0.280886, 0.0980787, 5
-0.311145, 0.274215, 0.0881546, 5
-0.315197, 0.277786, 0.0816663, 5
-0.310308, 0.273477, 0.0729322, 7
-0.31418, 0.276889, 0.0663282, 8
-0.312029, 0.274993, 0.0584527, 7
-0.309768, 0.273001, 0.0506976, 7
-0.319338, 0.281435, 0.0447382, 7
-0.304928, 0.268735, 0.0355595, 6
-0.305347, 0.269105, 0.0284606, 5
-0.311667, 0.274674, 0.0217718, 5
-0.305906, 0.269597, 0.014239, 5
-0.312047, 0.275009, 0.0072602, 5
-0.306092, 0.269762, 0, 4
-0.315077, 0.279443, 0.112845, 6
-0.319406, 0.283283, 0.106446, 6
-0.314915, 0.2793, 0.0971789, 5
-0.313209, 0.277787, 0.0889862, 5
-0.311386, 0.27617, 0.080903, 5
-0.309447, 0.274451, 0.0729322, 7
-0.313308, 0.277875, 0.0663282, 7
-0.311163, 0.275972, 0.0584527, 7
-0.308909, 0.273973, 0.0506976, 8
-0.3125, 0.277158, 0.043902, 7
-0.310044, 0.27498, 0.0362568, 6
-0.31047, 0.275358, 0.0290187, 5
-0.307814, 0.273002, 0.0215624, 5
-0.305057, 0.270557, 0.014239, 5
-0.311181, 0.275988, 0.0072602, 5
-0.305243, 0.270722, 0, 4
-0.314246, 0.280377, 0.112845, 7
-0.312772, 0.279062, 0.10451, 5
-0.308269, 0.275044, 0.0953792, 6
-0.309464, 0.27611, 0.0881546, 5
-0.310565, 0.277092, 0.080903, 5
-0.311571, 0.27799, 0.0736268, 6
-0.306587, 0.273543, 0.0650767, 8
-0.310343, 0.276894, 0.0584527, 7
-0.311057, 0.277531, 0.0511851, 7
-0.308708, 0.275435, 0.0434838, 8
-0.306254, 0.273246, 0.0359082, 6
-0.306675, 0.273621, 0.0287397, 6
-0.304022, 0.271254, 0.0213531, 4
-0.307236, 0.274123, 0.0143786, 5
-0.307377, 0.274248, 0.00719039, 5
-0.304439, 0.271627, 0, 4
-0.319064, 0.286581, 0.114916, 7
-0.314732, 0.282691, 0.105478, 6
-0.316054, 0.283878, 0.0980787, 6
-0.308547, 0.277135, 0.0881546, 5
-0.309644, 0.278121, 0.080903, 5
-0.304786, 0.273757, 0.0722376, 6
-0.305678, 0.274558, 0.0650767, 7
-0.306476, 0.275275, 0.057896, 6
-0.307181, 0.275908, 0.0506976, 7
-0.304833, 0.273799, 0.0430657, 7
-0.299417, 0.268934, 0.0352109, 6
-0.305766, 0.274637, 0.0287397, 5
-0.30312, 0.272261, 0.0213531, 4
-0.303351, 0.272469, 0.014239, 5
-0.309441, 0.277938, 0.0072602, 5
-0.300561, 0.269962, 0, 4
-0.312429, 0.2824, 0.112845, 7
-0.313843, 0.283678, 0.105478, 6
-0.312269, 0.282256, 0.0971789, 5
-0.30187, 0.272855, 0.0864913, 4
-0.308769, 0.279092, 0.080903, 5
-0.301003, 0.272072, 0.0715431, 6
-0.304814, 0.275517, 0.0650767, 7
-0.30561, 0.276236, 0.057896, 6
-0.303368, 0.27421, 0.0502102, 7
-0.309874, 0.280091, 0.043902, 7
-0.301527, 0.272546, 0.0355595, 6
-0.301941, 0.27292, 0.0284606, 5
-0.2993, 0.270533, 0.0211437, 5
-0.299529, 0.270739, 0.0140994, 5
-0.305599, 0.276227, 0.00719039, 5
-0.296744, 0.268222, 0, 4
-0.317257, 0.28858, 0.114916, 7
-0.307208, 0.279439, 0.103543, 6
-0.314264, 0.285858, 0.0980787, 5
-0.303905, 0.276435, 0.0873229, 4
-0.307891, 0.280061, 0.080903, 5
-0.30306, 0.275667, 0.0722376, 5
-0.303947, 0.276473, 0.0650767, 7
-0.307671, 0.279861, 0.0584527, 6
-0.302505, 0.275162, 0.0502102, 7
-0.300164, 0.273032, 0.0426476, 7
-0.306564, 0.278854, 0.0362568, 6
-0.29813, 0.271183, 0.0281816, 5
-0.301404, 0.27416, 0.0213531, 5
-0.298676, 0.271679, 0.0140994, 5
-0.295854, 0.269112, 0.00698096, 5
-0.307735, 0.27992, 0, 4
-0.307799, 0.281749, 0.11181, 6
-0.309191, 0.283024, 0.10451, 6
-0.313364, 0.286844, 0.0980787, 5
-0.300149, 0.274747, 0.0864913, 5
-0.304113, 0.278375, 0.0801398, 5
-0.305098, 0.279277, 0.0729322, 5
-0.300162, 0.274759, 0.064451, 7
-0.303868, 0.278151, 0.057896, 6
-0.29871, 0.27343, 0.0497227, 7
-0.302239, 0.27666, 0.0430657, 7
-0.296869, 0.271744, 0.0352109, 6
-0.294334, 0.269424, 0.0279026, 5
-0.297595, 0.272409, 0.0211437, 5
-0.294873, 0.269917, 0.0139598, 5
-0.303858, 0.278142, 0.00719039, 5
-0.298003, 0.272782, 0, 4
-0.312595, 0.28795, 0.11388, 6
-0.302591, 0.278735, 0.102575, 6
-0.300995, 0.277264, 0.0944794, 6
-0.307918, 0.283641, 0.0889862, 4
-0.303237, 0.279329, 0.0801398, 5
-0.304219, 0.280234, 0.0729322, 5
-0.299298, 0.275701, 0.064451, 7
-0.300079, 0.276421, 0.0573393, 7
-0.30369, 0.279747, 0.0506976, 7
-0.301369, 0.277608, 0.0430657, 7
-0.296014, 0.272676, 0.0352109, 6
-0.290551, 0.267644, 0.0276236, 5
-0.296737, 0.273342, 0.0211437, 5
-0.299904, 0.276259, 0.014239, 5
-0.300041, 0.276385, 0.00712058, 5
-0.305971, 0.281848, 0, 4
-0.300355, 0.278424, 0.109739, 6
-0.304561, 0.282322, 0.103543, 6
-0.305839, 0.283508, 0.0962791, 6
-0.298417, 0.276627, 0.0864913, 4
-0.302358, 0.280281, 0.0801398, 5
-0.294671, 0.273155, 0.0708485, 5
-0.301328, 0.279325, 0.0650767, 7
-0.302115, 0.280055, 0.057896, 6
-0.299898, 0.278, 0.0502102, 7
-0.300495, 0.278554, 0.0430657, 7
-0.295156, 0.273604, 0.0352109, 6
-0.298488, 0.276693, 0.0284606, 6
-0.290018, 0.268842, 0.020725, 5
-0.293171, 0.271764, 0.0139598, 5
-0.302104, 0.280045, 0.00719039, 5
-0.299217, 0.277369, 0, 4
-0.30513, 0.284638, 0.11181, 6
-0.303672, 0.283278, 0.103543, 6
-0.302097, 0.281809, 0.0953792, 5
-0.297546, 0.277563, 0.0864913, 5
-0.295734, 0.275872, 0.0786133, 5
-0.299572, 0.279453, 0.0722376, 5
-0.29756, 0.277576, 0.064451, 7
-0.298337, 0.278301, 0.0573393, 6
-0.29612, 0.276233, 0.0497227, 7
-0.296709, 0.276783, 0.0426476, 7
-0.291381, 0.271812, 0.0348623, 6
-0.297617, 0.277629, 0.0284606, 6
-0.297935, 0.277926, 0.0213531, 5
-0.289393, 0.269957, 0.0138202, 5
-0.295374, 0.275537, 0.00705077, 5
-0.298344, 0.278307, 0, 4
-0.304234, 0.285595, 0.11181, 6
-0.30278, 0.28423, 0.103543, 6
-0.304052, 0.285424, 0.0962791, 5
-0.296673, 0.278497, 0.0864913, 4
-0.294865, 0.2768, 0.0786133, 5
-0.295821, 0.277697, 0.0715431, 5
-0.293806, 0.275805, 0.0638253, 7
-0.294573, 0.276526, 0.0567826, 6
-0.298145, 0.279879, 0.0502102, 7
-0.295838, 0.277714, 0.0426476, 7
-0.296336, 0.278181, 0.0355595, 6
-0.290925, 0.273101, 0.0279026, 6
-0.291236, 0.273393, 0.0209344, 5
-0.291458, 0.273601, 0.0139598, 5
-0.297423, 0.279201, 0.00712058, 5
-0.297468, 0.279243, 0, 4
-0.300526, 0.283896, 0.110775, 7
-0.299065, 0.282515, 0.102575, 6
-0.297487, 0.281025, 0.0944794, 5
-0.298641, 0.282114, 0.0873229, 5
-0.29114, 0.275029, 0.0778501, 5
-0.29781, 0.28133, 0.0722376, 5
-0.292938, 0.276727, 0.0638253, 7
-0.296582, 0.28017, 0.0573393, 6
-0.294378, 0.278088, 0.0497227, 8
-0.289181, 0.273178, 0.0418114, 7
-0.298357, 0.281847, 0.0359082, 6
-0.290065, 0.274014, 0.0279026, 7
-0.293279, 0.277049, 0.0211437, 5
-0.290597, 0.274515, 0.0139598, 5
-0.287822, 0.271895, 0.00691115, 5
-0.290774, 0.274683, 0, 4
-0.296833, 0.282176, 0.109739, 7
-0.298176, 0.283453, 0.102575, 7
-0.293778, 0.279273, 0.0935796, 6
-0.297753, 0.283051, 0.0873229, 5
-0.295966, 0.281353, 0.0793765, 5
-0.29407, 0.27955, 0.0715431, 6
-0.292067, 0.277646, 0.0638253, 7
-0.295701, 0.2811, 0.0573393, 6
-0.290626, 0.276276, 0.0492352, 7
-0.288321, 0.274085, 0.0418114, 7
-0.288806, 0.274546, 0.0348623, 5
-0.289203, 0.274923, 0.0279026, 6
-0.286617, 0.272465, 0.020725, 5
-0.295528, 0.280935, 0.014239, 5
-0.286967, 0.272797, 0.00691115, 5
-0.295708, 0.281107, 0, 4
-0.301529, 0.288449, 0.11181, 7
-0.297284, 0.284388, 0.102575, 6
-0.295716, 0.282888, 0.0944794, 6
-0.28838, 0.275871, 0.084828, 5
-0.295081, 0.282281, 0.0793765, 5
-0.29319, 0.280473, 0.0715431, 6
-0.288338, 0.275831, 0.0631995, 7
-0.291954, 0.27929, 0.0567826, 6
-0.292625, 0.279932, 0.0497227, 7
-0.290333, 0.27774, 0.0422295, 7
-0.285063, 0.272698, 0.0345137, 5
-0.288338, 0.275831, 0.0279026, 6
-0.288646, 0.276125, 0.0209344, 5
-0.283089, 0.270809, 0.0136806, 5
-0.288998, 0.276462, 0.00698096, 5
-0.289042, 0.276504, 0, 4
-0.297837, 0.286716, 0.110775, 7
-0.293593, 0.282629, 0.101607, 6
-0.294825, 0.283816, 0.0944794, 6
-0.287512, 0.276776, 0.084828, 5
-0.288535, 0.27776, 0.0778501, 5
-0.28947, 0.27866, 0.0708485, 6
-0.28747, 0.276736, 0.0631995, 7
-0.291075, 0.280206, 0.0567826, 6
-0.286024, 0.275343, 0.0487477, 7
-0.292325, 0.281409, 0.0426476, 7
-0.281334, 0.270828, 0.0341651, 6
-0.28747, 0.276735, 0.0279026, 6
-0.290655, 0.279801, 0.0211437, 5
-0.285117, 0.27447, 0.0138202, 5
-0.288128, 0.277369, 0.00698096, 4
-0.288172, 0.277411, 0, 4
-0.296935, 0.28765, 0.110775, 7
-0.292703, 0.28355, 0.101607, 6
-0.299531, 0.290165, 0.0962791, 5
-0.289452, 0.2804, 0.0856596, 5
-0.287661, 0.278666, 0.0778501, 5
-0.288593, 0.279568, 0.0708485, 6
-0.2866, 0.277637, 0.0631995, 7
-0.293038, 0.283875, 0.0573393, 6
-0.290861, 0.281765, 0.0497227, 7
-0.288583, 0.279558, 0.0422295, 6
-0.289068, 0.280028, 0.0352109, 5
-0.280867, 0.272084, 0.0273445, 6
-0.286905, 0.277934, 0.0209344, 5
-0.284253, 0.275364, 0.0138202, 5
-0.284383, 0.27549, 0.00691115, 4
-0.284426, 0.275532, 0, 4
-0.298797, 0.291278, 0.11181, 6
-0.291811, 0.284468, 0.101607, 6
-0.287455, 0.280221, 0.0926798, 6
-0.285768, 0.278577, 0.084828, 5
-0.289596, 0.282309, 0.0786133, 5
-0.284893, 0.277724, 0.0701539, 6
-0.285726, 0.278536, 0.0631995, 7
-0.286472, 0.279264, 0.0562259, 7
-0.278603, 0.271592, 0.0477728, 7
-0.290552, 0.28324, 0.0426476, 6
-0.28248, 0.275372, 0.0345137, 5
-0.282869, 0.27575, 0.0276236, 5
-0.283171, 0.276045, 0.020725, 5
-0.280524, 0.273465, 0.0136806, 5
-0.289244, 0.281965, 0.00705077, 5
-0.286424, 0.279216, 0, 4
-0.289606, 0.284098, 0.108704, 6
-0.290916, 0.285384, 0.101607, 5
-0.292138, 0.286582, 0.0944794, 5
-0.284891, 0.279473, 0.084828, 5
-0.283101, 0.277718, 0.0770868, 5
-0.286831, 0.281376, 0.0708485, 6
-0.28485, 0.279433, 0.0631995, 7
-0.285594, 0.280162, 0.0562259, 6
-0.286251, 0.280807, 0.0492352, 7
-0.281141, 0.275794, 0.0413933, 6
-0.281614, 0.276258, 0.0345137, 5
-0.282001, 0.276638, 0.0276236, 5
-0.285153, 0.279731, 0.0209344, 5
-0.282517, 0.277145, 0.0138202, 5
-0.279791, 0.274471, 0.00684134, 4
-0.282689, 0.277313, 0, 4
-0.285962, 0.282293, 0.107669, 6
-0.29278, 0.289023, 0.102575, 5
-0.285688, 0.282022, 0.0926798, 5
-0.284012, 0.280367, 0.084828, 5
-0.282228, 0.278606, 0.0770868, 5
-0.277535, 0.273974, 0.0687647, 7
-0.286782, 0.283102, 0.0638253, 7
-0.276255, 0.27271, 0.0545559, 6
-0.285367, 0.281705, 0.0492352, 7
-0.283104, 0.279471, 0.0418114, 6
-0.280744, 0.277142, 0.0345137, 5
-0.28113, 0.277523, 0.0276236, 5
-0.278588, 0.275013, 0.0205157, 5
-0.281645, 0.278031, 0.0138202, 5
-0.281774, 0.278158, 0.00691115, 4
-0.281817, 0.2782, 0, 4
-0.285074, 0.28319, 0.107669, 6
-0.286364, 0.284471, 0.10064, 5
-0.290331, 0.288412, 0.0944794, 5
-0.283129, 0.281258, 0.084828, 4
-0.284137, 0.282258, 0.0778501, 5
-0.282263, 0.280397, 0.0701539, 6
-0.280285, 0.278433, 0.0625738, 6
-0.283828, 0.281951, 0.0562259, 6
-0.281664, 0.279802, 0.0487477, 7
-0.279402, 0.277555, 0.0413933, 6
-0.277045, 0.275214, 0.0341651, 5
-0.280257, 0.278404, 0.0276236, 5
-0.280556, 0.278702, 0.020725, 4
-0.28077, 0.278914, 0.0138202, 5
-0.278061, 0.276223, 0.00684134, 5
-0.283779, 0.281903, 0, 4
-0.286915, 0.286815, 0.108704, 6
-0.285469, 0.285369, 0.10064, 5
-0.281154, 0.281056, 0.09178, 5
-0.282244, 0.282146, 0.084828, 4
-0.277695, 0.277598, 0.0763236, 5
-0.275808, 0.275712, 0.0687647, 6
-0.276615, 0.276519, 0.061948, 7
-0.277338, 0.277241, 0.0551125, 6
-0.283591, 0.283492, 0.0492352, 7
-0.278529, 0.278432, 0.0413933, 6
-0.276179, 0.276083, 0.0341651, 5
-0.279381, 0.279283, 0.0276236, 5
-0.274029, 0.273934, 0.0203064, 5
-0.277065, 0.276969, 0.0136806, 5
-0.277192, 0.277095, 0.00684134, 5
-0.282892, 0.282793, 0, 4
-0.283289, 0.284975, 0.107669, 6
-0.284571, 0.286264, 0.10064, 5
-0.285766, 0.287466, 0.0935796, 5
-0.281357, 0.283031, 0.084828, 4
-0.279589, 0.281253, 0.0770868, 5
-0.277718, 0.279371, 0.0694593, 6
-0.27853, 0.280188, 0.0625738, 6
-0.276465, 0.278111, 0.0551125, 7
-0.274302, 0.275935, 0.0477728, 7
-0.274848, 0.276484, 0.0409752, 6
-0.27812, 0.279775, 0.0345137, 6
-0.275689, 0.27733, 0.0273445, 5
-0.275983, 0.277626, 0.0205157, 5
-0.276194, 0.277838, 0.0136806, 5
-0.27632, 0.277965, 0.00684134, 5
-0.279182, 0.280844, 0, 4
-0.282392, 0.285864, 0.107669, 6
-0.286397, 0.289918, 0.101607, 5
-0.276644, 0.280045, 0.0908802, 5
-0.277716, 0.28113, 0.0839963, 4
-0.275945, 0.279337, 0.0763236, 5
-0.279607, 0.283044, 0.0701539, 5
-0.274872, 0.278251, 0.061948, 7
-0.278374, 0.281796, 0.0556692, 6
-0.276224, 0.27962, 0.0482603, 7
-0.276774, 0.280176, 0.0413933, 7
-0.27724, 0.280648, 0.0345137, 5
-0.274816, 0.278195, 0.0273445, 5
-0.27511, 0.278492, 0.0205157, 5
-0.27532, 0.278704, 0.0136806, 5
-0.278256, 0.281677, 0.00691115, 5
-0.28111, 0.284565, 0, 4
-0.286906, 0.292264, 0.109739, 5
-0.282766, 0.288047, 0.10064, 5
-0.275763, 0.280912, 0.0908802, 5
-0.27135, 0.276417, 0.082333, 4
-0.277817, 0.283004, 0.0770868, 5
-0.278717, 0.283921, 0.0701539, 6
-0.276764, 0.281933, 0.0625738, 7
-0.271937, 0.277016, 0.0545559, 6
-0.272563, 0.277653, 0.0477728, 7
-0.275892, 0.281044, 0.0413933, 6
-0.273565, 0.278673, 0.0341651, 5
-0.276736, 0.281904, 0.0276236, 5
-0.274234, 0.279355, 0.0205157, 5
-0.277243, 0.28242, 0.0138202, 5
-0.27737, 0.282549, 0.00691115, 5
-0.277412, 0.282592, 0, 4
-0.283289, 0.290398, 0.108704, 5
-0.28186, 0.288934, 0.10064, 5
-0.274879, 0.281777, 0.0908802, 5
-0.278677, 0.28567, 0.084828, 4
-0.271442, 0.278255, 0.0755604, 5
-0.275073, 0.281976, 0.0694593, 6
-0.273119, 0.279973, 0.061948, 6
-0.273832, 0.280704, 0.0551125, 6
-0.277234, 0.284192, 0.0487477, 7
-0.27223, 0.279062, 0.0409752, 6
-0.278253, 0.285236, 0.0348623, 5
-0.270277, 0.27706, 0.0270655, 5
-0.273355, 0.280215, 0.0205157, 5
-0.270772, 0.277567, 0.013541, 5
-0.270895, 0.277694, 0.00677153, 5
-0.27373, 0.280599, 0, 4
-0.276996, 0.285738, 0.106633, 5
-0.275548, 0.284244, 0.0987041, 5
-0.276705, 0.285438, 0.09178, 5
-0.266885, 0.275307, 0.0815014, 4
-0.270567, 0.279106, 0.0755604, 5
-0.271444, 0.28001, 0.0687647, 6
-0.272238, 0.280829, 0.061948, 6
-0.275706, 0.284407, 0.0556692, 6
-0.26805, 0.276509, 0.0472853, 7
-0.268583, 0.27706, 0.040557, 7
-0.271809, 0.280387, 0.0341651, 6
-0.266628, 0.275042, 0.0267865, 5
-0.269693, 0.278204, 0.0203064, 4
-0.267116, 0.275546, 0.0134014, 5
-0.272805, 0.281415, 0.00684134, 5
-0.272847, 0.281458, 0, 4
-0.270736, 0.281042, 0.104563, 6
-0.280039, 0.290699, 0.10064, 5
-0.273103, 0.283499, 0.0908802, 5
-0.271447, 0.28178, 0.0831647, 4
-0.272413, 0.282782, 0.0763236, 5
-0.265097, 0.275188, 0.0673755, 5
-0.271354, 0.281683, 0.061948, 6
-0.269315, 0.279566, 0.0545559, 7
-0.275443, 0.285928, 0.0487477, 6
-0.270472, 0.280767, 0.0409752, 7
-0.268162, 0.27837, 0.0338164, 6
-0.274067, 0.2845, 0.0276236, 5
-0.266046, 0.276173, 0.020097, 4
-0.269022, 0.279263, 0.013541, 5
-0.263596, 0.27363, 0.00663191, 5
-0.271961, 0.282314, 0, 4
-0.280539, 0.293055, 0.108704, 6
-0.273757, 0.28597, 0.0987041, 5
-0.274906, 0.287171, 0.09178, 5
-0.273266, 0.285458, 0.0839963, 4
-0.274238, 0.286473, 0.0770868, 5
-0.275127, 0.287401, 0.0701539, 6
-0.265004, 0.276827, 0.0606966, 6
-0.271174, 0.283272, 0.0551125, 7
-0.269053, 0.281056, 0.0477728, 7
-0.266837, 0.278742, 0.040557, 7
-0.267286, 0.279211, 0.0338164, 6
-0.264894, 0.276712, 0.0267865, 5
-0.270702, 0.282779, 0.0205157, 4
-0.268144, 0.280106, 0.013541, 5
-0.271032, 0.283124, 0.00684134, 5
-0.268307, 0.280277, 0, 4
-0.276954, 0.291136, 0.107669, 6
-0.270182, 0.284016, 0.0977364, 6
-0.26863, 0.282385, 0.0899804, 5
-0.264278, 0.27781, 0.0815014, 4
-0.267924, 0.281644, 0.0755604, 5
-0.271508, 0.28541, 0.0694593, 5
-0.266856, 0.28052, 0.0613223, 6
-0.267553, 0.281253, 0.0545559, 7
-0.270905, 0.284776, 0.0482603, 7
-0.268702, 0.282461, 0.0409752, 6
-0.269154, 0.282936, 0.0341651, 6
-0.261273, 0.274652, 0.0265075, 5
-0.264306, 0.277839, 0.020097, 5
-0.267262, 0.280948, 0.013541, 5
-0.259115, 0.272383, 0.0065621, 5
-0.270182, 0.284017, 0, 4
-0.27073, 0.286388, 0.105598, 6
-0.271955, 0.287684, 0.0987041, 6
-0.267742, 0.283228, 0.0899804, 5
-0.26878, 0.284326, 0.0831647, 4
-0.269736, 0.285337, 0.0763236, 4
-0.267904, 0.283399, 0.0687647, 5
-0.265973, 0.281357, 0.0613223, 6
-0.263947, 0.279213, 0.0539992, 7
-0.264554, 0.279856, 0.0472853, 6
-0.265081, 0.280413, 0.040557, 6
-0.268264, 0.28378, 0.0341651, 6
-0.268633, 0.28417, 0.0273445, 5
-0.263432, 0.278668, 0.020097, 5
-0.266379, 0.281786, 0.013541, 5
-0.261005, 0.276102, 0.00663191, 5
-0.266541, 0.281957, 0, 4
-0.269829, 0.287238, 0.105598, 6
-0.271049, 0.288537, 0.0987041, 6
-0.269519, 0.286908, 0.0908802, 5
-0.265206, 0.282317, 0.082333, 5
-0.263461, 0.28046, 0.0747971, 4
-0.267012, 0.284239, 0.0687647, 5
-0.262383, 0.279312, 0.0606966, 6
-0.268492, 0.285815, 0.0551125, 7
-0.263673, 0.280686, 0.0472853, 6
-0.261475, 0.278345, 0.0401389, 6
-0.267371, 0.284622, 0.0341651, 6
-0.262275, 0.279196, 0.0267865, 5
-0.25982, 0.276583, 0.0198877, 5
-0.260018, 0.276794, 0.0132618, 5
-0.260137, 0.27692, 0.00663191, 5
-0.271131, 0.288624, 0, 4
-0.266288, 0.28526, 0.104563, 6
-0.267493, 0.28655, 0.0977364, 5
-0.268616, 0.287753, 0.0908802, 5
-0.261648, 0.280289, 0.0815014, 4
-0.267938, 0.287026, 0.0763236, 5
-0.266118, 0.285077, 0.0687647, 5
-0.2642, 0.283023, 0.0613223, 6
-0.26489, 0.283762, 0.0545559, 7
-0.26279, 0.281513, 0.0472853, 6
-0.263314, 0.282073, 0.040557, 6
-0.266476, 0.28546, 0.0341651, 6
-0.261396, 0.280019, 0.0267865, 5
-0.256224, 0.274478, 0.0196783, 5
-0.261875, 0.280532, 0.0134014, 5
-0.264724, 0.283583, 0.00677153, 5
-0.262034, 0.280703, 0, 4
-0.265391, 0.286095, 0.104563, 6
-0.266592, 0.287389, 0.0977364, 5
-0.270362, 0.291453, 0.09178, 5
-0.263427, 0.283978, 0.082333, 4
-0.261694, 0.282109, 0.0747971, 5
-0.259863, 0.280135, 0.0673755, 5
-0.255249, 0.275162, 0.0594451, 6
-0.263997, 0.284593, 0.0545559, 6
-0.261905, 0.282337, 0.0472853, 6
-0.262426, 0.282899, 0.040557, 6
-0.262867, 0.283375, 0.0338164, 6
-0.255088, 0.274988, 0.0262284, 5
-0.260793, 0.281139, 0.020097, 5
-0.258273, 0.278422, 0.0132618, 5
-0.261111, 0.281482, 0.00670172, 4
-0.261151, 0.281524, 0, 4
-0.264491, 0.286927, 0.104563, 6
-0.260426, 0.282518, 0.0958011, 5
-0.26152, 0.283704, 0.0890806, 5
-0.259882, 0.281927, 0.0815014, 4
-0.263468, 0.285817, 0.0755604, 5
-0.261651, 0.283847, 0.0680701, 5
-0.257061, 0.278867, 0.0600708, 6
-0.263102, 0.28542, 0.0545559, 6
-0.258326, 0.280239, 0.0467978, 6
-0.25884, 0.280797, 0.0401389, 6
-0.256575, 0.278339, 0.0331192, 6
-0.259632, 0.281656, 0.0267865, 5
-0.257202, 0.279019, 0.0198877, 5
-0.260107, 0.282171, 0.0134014, 6
-0.260226, 0.2823, 0.00670172, 5
-0.265688, 0.288226, 0, 4
-0.260978, 0.284908, 0.103528, 6
-0.270024, 0.294782, 0.0996718, 5
-0.265892, 0.290272, 0.0908802, 5
-0.261638, 0.285627, 0.082333, 4
-0.262568, 0.286643, 0.0755604, 5
-0.260758, 0.284667, 0.0680701, 5
-0.256184, 0.279674, 0.0600708, 6
-0.259529, 0.283325, 0.0539992, 7
-0.260126, 0.283977, 0.0472853, 6
-0.260643, 0.284542, 0.040557, 6
-0.25839, 0.282082, 0.0334678, 6
-0.253355, 0.276585, 0.0262284, 5
-0.253625, 0.276881, 0.0196783, 5
-0.256519, 0.280039, 0.0132618, 5
-0.259338, 0.283117, 0.00670172, 5
-0.262079, 0.286109, 0, 4
-0.262683, 0.288583, 0.104563, 6
-0.263871, 0.289889, 0.0977364, 5
-0.257108, 0.282459, 0.0881808, 5
-0.258105, 0.283555, 0.0815014, 4
-0.259023, 0.284563, 0.0747971, 5
-0.259863, 0.285485, 0.0680701, 5
-0.255304, 0.280477, 0.0600708, 6
-0.255971, 0.28121, 0.0534425, 6
-0.259232, 0.284793, 0.0472853, 6
-0.25707, 0.282418, 0.0401389, 6
-0.257503, 0.282893, 0.0334678, 6
-0.257857, 0.283282, 0.0267865, 5
-0.258132, 0.283584, 0.020097, 5
-0.252947, 0.277888, 0.0131222, 5
-0.255755, 0.280972, 0.00663191, 4
-0.255794, 0.281015, 0, 4
-0.264367, 0.292273, 0.105598, 6
-0.265563, 0.293595, 0.0987041, 5
-0.253605, 0.280375, 0.087281, 5
-0.262462, 0.290167, 0.0831647, 4
-0.25286, 0.279552, 0.0732707, 5
-0.25368, 0.280457, 0.0666809, 5
-0.259722, 0.287138, 0.0613223, 7
-0.255086, 0.282012, 0.0534425, 6
-0.255673, 0.282661, 0.0467978, 6
-0.256182, 0.283224, 0.0401389, 5
-0.251267, 0.27779, 0.0327706, 6
-0.256965, 0.28409, 0.0267865, 5
-0.251881, 0.278469, 0.0196783, 4
-0.254754, 0.281646, 0.0132618, 5
-0.257554, 0.284741, 0.00670172, 4
-0.257593, 0.284784, 0, 4
-0.260865, 0.290228, 0.104563, 6
-0.256856, 0.285768, 0.0958011, 5
-0.26054, 0.289867, 0.0899804, 5
-0.258934, 0.28808, 0.082333, 4
-0.251981, 0.280344, 0.0732707, 5
-0.258064, 0.287112, 0.0680701, 5
-0.250896, 0.279137, 0.0594451, 6
-0.254199, 0.282812, 0.0534425, 7
-0.25213, 0.28051, 0.0463104, 6
-0.255291, 0.284027, 0.0401389, 5
-0.258384, 0.287468, 0.0338164, 6
-0.253404, 0.281928, 0.0265075, 5
-0.256345, 0.2852, 0.020097, 4
-0.251196, 0.279471, 0.0131222, 5
-0.245964, 0.27365, 0.00642249, 4
-0.262045, 0.291541, 0, 4
-0.259951, 0.291046, 0.104563, 6
-0.261127, 0.292363, 0.0977364, 5
-0.262224, 0.293591, 0.0908802, 5
-0.255421, 0.285975, 0.0815014, 5
-0.253714, 0.284063, 0.0740339, 5
-0.254536, 0.284984, 0.0673755, 5
-0.252649, 0.282871, 0.0600708, 6
-0.258586, 0.289518, 0.0545559, 7
-0.256537, 0.287223, 0.0472853, 6
-0.257047, 0.287795, 0.040557, 5
-0.252171, 0.282335, 0.0331192, 5
-0.249859, 0.279747, 0.0262284, 5
-0.250126, 0.280046, 0.0196783, 4
-0.25298, 0.283241, 0.0132618, 5
-0.25576, 0.286353, 0.00670172, 5
-0.255799, 0.286397, 0, 4
-0.259036, 0.291862, 0.104563, 6
-0.255055, 0.287376, 0.0958011, 5
-0.258713, 0.291498, 0.0899804, 5
-0.251925, 0.283849, 0.0806697, 4
-0.252821, 0.284859, 0.0740339, 5
-0.24841, 0.27989, 0.0659863, 5
-0.249137, 0.280708, 0.0594451, 7
-0.255046, 0.287367, 0.0539992, 7
-0.252998, 0.285058, 0.0467978, 7
-0.24822, 0.279675, 0.0393027, 5
-0.251283, 0.283126, 0.0331192, 5
-0.24633, 0.277546, 0.0259494, 5
-0.251897, 0.283818, 0.0198877, 4
-0.249435, 0.281044, 0.0131222, 5
-0.252204, 0.284164, 0.00663191, 5
-0.254898, 0.287199, 0, 4
-0.255562, 0.289776, 0.103528, 5
-0.254151, 0.288176, 0.0958011, 5
-0.25264, 0.286463, 0.0881808, 5
-0.25362, 0.287574, 0.0815014, 5
-0.254522, 0.288597, 0.0747971, 5
-0.257952, 0.292486, 0.0687647, 5
-0.248254, 0.28149, 0.0594451, 6
-0.251522, 0.285196, 0.0534425, 7
-0.249475, 0.282874, 0.0463104, 6
-0.249971, 0.283437, 0.0397208, 5
-0.250392, 0.283914, 0.0331192, 5
-0.245457, 0.278319, 0.0259494, 5
-0.248362, 0.281612, 0.0196783, 4
-0.245907, 0.278828, 0.0129826, 5
-0.246019, 0.278956, 0.0064923, 5
-0.248702, 0.281998, 0, 4
-0.252104, 0.287672, 0.102492, 5
-0.253244, 0.288973, 0.0958011, 5
-0.254308, 0.290186, 0.0890806, 5
-0.247558, 0.282484, 0.0798381, 4
-0.251026, 0.286442, 0.0740339, 6
-0.251839, 0.28737, 0.0673755, 5
-0.247368, 0.282268, 0.0594451, 6
-0.245404, 0.280026, 0.0523291, 7
-0.251202, 0.286642, 0.0467978, 6
-0.24908, 0.284221, 0.0397208, 5
-0.249499, 0.284699, 0.0331192, 5
-0.247212, 0.282089, 0.0262284, 5
-0.244843, 0.279386, 0.019469, 4
-0.24503, 0.279599, 0.0129826, 6
-0.245142, 0.279727, 0.0064923, 5
-0.250452, 0.285786, 0, 4
-0.253736, 0.291376, 0.103528, 6
-0.249786, 0.28684, 0.0948334, 5
-0.250835, 0.288045, 0.0881808, 6
-0.251808, 0.289162, 0.0815014, 4
-0.242389, 0.278346, 0.0717442, 5
-0.245761, 0.282218, 0.0659863, 5
-0.243886, 0.280064, 0.0588194, 6
-0.247124, 0.283783, 0.0528858, 7
-0.2503, 0.28743, 0.0467978, 7
-0.242961, 0.279002, 0.0388846, 5
-0.25122, 0.288487, 0.0334678, 6
-0.246324, 0.282865, 0.0262284, 4
-0.243964, 0.280154, 0.019469, 4
-0.252026, 0.289412, 0.0134014, 6
-0.244262, 0.280496, 0.0064923, 5
-0.254806, 0.292605, 0, 4
-0.252819, 0.292172, 0.103528, 6
-0.253963, 0.293494, 0.0967688, 5
-0.252479, 0.291779, 0.0890806, 6
-0.248338, 0.286993, 0.0806697, 4
-0.246652, 0.285044, 0.0732707, 5
-0.247451, 0.285968, 0.0666809, 5
-0.243005, 0.280829, 0.0588194, 5
-0.248823, 0.287553, 0.0534425, 7
-0.2442, 0.28221, 0.0458229, 6
-0.247289, 0.28578, 0.0397208, 6
-0.245097, 0.283248, 0.0327706, 6
-0.242823, 0.28062, 0.0259494, 5
-0.243083, 0.280919, 0.019469, 4
-0.240652, 0.278111, 0.012843, 5
-0.243379, 0.281262, 0.0064923, 5
-0.243416, 0.281305, 0, 4
-0.2519, 0.292965, 0.103528, 5
-0.247979, 0.288404, 0.0948334, 5
-0.246479, 0.28666, 0.087281, 6
-0.244884, 0.284805, 0.0798381, 4
-0.245755, 0.285818, 0.0732707, 5
-0.246552, 0.286744, 0.0666809, 5
-0.242121, 0.281591, 0.0588194, 5
-0.247919, 0.288334, 0.0534425, 6
-0.2459, 0.285987, 0.0463104, 6
-0.241203, 0.280523, 0.0388846, 5
-0.246804, 0.287038, 0.0331192, 6
-0.241941, 0.281381, 0.0259494, 5
-0.242199, 0.281682, 0.019469, 4
-0.24499, 0.284928, 0.0131222, 5
-0.247709, 0.28809, 0.00663191, 5
-0.245139, 0.285101, 0, 4
-0.253489, 0.296692, 0.104563, 5
-0.249593, 0.292133, 0.0958011, 5
-0.248109, 0.290396, 0.0881808, 5
-0.24653, 0.288547, 0.0806697, 4
-0.239755, 0.280618, 0.0717442, 5
-0.245649, 0.287517, 0.0666809, 5
-0.241235, 0.28235, 0.0588194, 6
-0.249585, 0.292123, 0.0539992, 6
-0.242422, 0.283739, 0.0458229, 6
-0.24032, 0.281279, 0.0388846, 5
-0.243313, 0.284782, 0.0327706, 6
-0.241055, 0.28214, 0.0259494, 4
-0.241313, 0.282441, 0.019469, 4
-0.241497, 0.282657, 0.0129826, 5
-0.241607, 0.282786, 0.0064923, 5
-0.249439, 0.291952, 0, 4
-0.245054, 0.288651, 0.101457, 6
-0.248674, 0.292915, 0.0958011, 5
-0.242151, 0.285232, 0.0863812, 5
-0.238025, 0.280372, 0.0781748, 4
-0.243955, 0.287356, 0.0732707, 5
-0.237097, 0.279278, 0.0645971, 5
-0.240347, 0.283107, 0.0588194, 6
-0.243538, 0.286866, 0.0528858, 6
-0.23896, 0.281473, 0.0453354, 7
-0.24201, 0.285066, 0.0393027, 5
-0.239838, 0.282507, 0.0324219, 6
-0.24275, 0.285938, 0.0262284, 4
-0.240424, 0.283198, 0.019469, 4
-0.243195, 0.286461, 0.0131222, 5
-0.238129, 0.280495, 0.00642249, 4
-0.238166, 0.280537, 0, 4
-0.246637, 0.292372, 0.102492, 5
-0.24525, 0.290728, 0.0948334, 5
-0.24628, 0.291949, 0.0881808, 5
-0.239666, 0.284109, 0.0790064, 4
-0.243051, 0.288121, 0.0732707, 5
-0.238758, 0.283033, 0.0652917, 5
-0.239457, 0.283861, 0.0588194, 6
-0.240082, 0.284602, 0.0523291, 6
-0.240634, 0.285257, 0.0458229, 7
-0.243678, 0.288865, 0.0397208, 5
-0.238949, 0.28326, 0.0324219, 5
-0.234132, 0.277549, 0.0253914, 4
-0.234382, 0.277845, 0.0190503, 4
-0.234561, 0.278057, 0.0127034, 5
-0.242404, 0.287355, 0.0065621, 4
-0.242441, 0.287399, 0, 4
-0.243235, 0.290185, 0.101457, 5
-0.241842, 0.288523, 0.0938657, 5
-0.242858, 0.289735, 0.087281, 5
-0.236259, 0.281862, 0.0781748, 5
-0.244667, 0.291893, 0.0740339, 5
-0.237868, 0.283781, 0.0652917, 5
-0.238564, 0.284611, 0.0588194, 5
-0.244276, 0.291426, 0.0534425, 6
-0.239737, 0.286011, 0.0458229, 7
-0.237659, 0.283532, 0.0388846, 6
-0.238058, 0.284009, 0.0324219, 5
-0.235822, 0.281341, 0.0256704, 4
-0.23864, 0.284703, 0.019469, 4
-0.238822, 0.28492, 0.0129826, 5
-0.24407, 0.29118, 0.00663191, 4
-0.241537, 0.288159, 0, 4
-0.244795, 0.293916, 0.102492, 5
-0.240935, 0.289281, 0.0938657, 5
-0.241946, 0.290496, 0.087281, 5
-0.24038, 0.288616, 0.0798381, 4
-0.238723, 0.286626, 0.0725074, 5
-0.234454, 0.2815, 0.0645971, 5
-0.23514, 0.282324, 0.0581936, 5
-0.235754, 0.283061, 0.0517724, 6
-0.238837, 0.286763, 0.0458229, 6
-0.239313, 0.287334, 0.0393027, 6
-0.237165, 0.284755, 0.0324219, 5
-0.237491, 0.285147, 0.0259494, 4
-0.232632, 0.279313, 0.0190503, 4
-0.235368, 0.282597, 0.012843, 4
-0.235475, 0.282726, 0.00642249, 4
-0.235511, 0.282769, 0, 4
-0.238944, 0.288731, 0.100422, 5
-0.242499, 0.293027, 0.0948334, 5
-0.243517, 0.294257, 0.0881808, 5
-0.231989, 0.280327, 0.0773432, 4
-0.242828, 0.293424, 0.0740339, 5
-0.23608, 0.28527, 0.0652917, 5
-0.234252, 0.283061, 0.0581936, 5
-0.239914, 0.289904, 0.0528858, 6
-0.235404, 0.284453, 0.0453354, 6
-0.235873, 0.28502, 0.0388846, 5
-0.233729, 0.282429, 0.0320733, 5
-0.23405, 0.282817, 0.0256704, 4
-0.2343, 0.283119, 0.0192596, 4
-0.23193, 0.280255, 0.0127034, 4
-0.237136, 0.286546, 0.0064923, 4
-0.234622, 0.283508, 0, 4
-0.242943, 0.295449, 0.102492, 5
-0.239112, 0.29079, 0.0938657, 5
-0.235166, 0.28599, 0.0854814, 5
-0.241047, 0.293143, 0.0806697, 4
-0.234423, 0.285087, 0.0717442, 5
-0.237685, 0.289053, 0.0659863, 5
-0.235871, 0.286847, 0.0588194, 5
-0.233971, 0.284537, 0.0517724, 6
-0.244596, 0.297458, 0.0472853, 6
-0.234976, 0.285759, 0.0388846, 5
-0.23284, 0.283162, 0.0320733, 5
-0.23316, 0.283551, 0.0256704, 4
-0.235946, 0.286939, 0.019469, 4
-0.236126, 0.287158, 0.0129826, 4
-0.236234, 0.287289, 0.0064923, 4
-0.241351, 0.293512, 0, 4
-0.239569, 0.293218, 0.101457, 5
-0.235742, 0.288534, 0.092898, 5
-0.234266, 0.286727, 0.0854814, 5
-0.232699, 0.284809, 0.0781748, 4
-0.236011, 0.288863, 0.0725074, 5
-0.231791, 0.283698, 0.0645971, 5
-0.232469, 0.284527, 0.0581936, 5
-0.235582, 0.288338, 0.0523291, 6
-0.2311, 0.282852, 0.0448479, 6
-0.236594, 0.289577, 0.0393027, 5
-0.229428, 0.280806, 0.0317247, 5
-0.229744, 0.281192, 0.0253914, 4
-0.227462, 0.278399, 0.0188409, 4
-0.227635, 0.278612, 0.0125638, 4
-0.2328, 0.284933, 0.00642249, 4
-0.232836, 0.284977, 0, 3
-0.238647, 0.293969, 0.101457, 5
-0.237281, 0.292286, 0.0938657, 5
-0.233364, 0.287462, 0.0854814, 5
-0.236735, 0.291614, 0.0798381, 4
-0.235102, 0.289603, 0.0725074, 5
-0.233381, 0.287483, 0.0652917, 5
-0.231574, 0.285256, 0.0581936, 5
-0.234675, 0.289077, 0.0523291, 6
-0.232713, 0.286659, 0.0453354, 6
-0.233176, 0.28723, 0.0388846, 5
-0.228545, 0.281526, 0.0317247, 5
-0.231374, 0.285011, 0.0256704, 4
-0.231621, 0.285315, 0.0192596, 4
-0.229278, 0.282429, 0.0127034, 4
-0.236945, 0.291873, 0.0065621, 4
-0.226897, 0.279496, 0, 4
-0.242574, 0.300732, 0.103528, 5
-0.233925, 0.290009, 0.092898, 5
-0.234907, 0.291227, 0.0863812, 5
-0.233361, 0.289311, 0.0790064, 4
-0.231726, 0.287283, 0.0717442, 5
-0.232477, 0.288214, 0.0652917, 5
-0.228196, 0.282907, 0.0575679, 5
-0.231279, 0.286729, 0.0517724, 6
-0.234304, 0.290479, 0.0458229, 6
-0.232273, 0.287961, 0.0388846, 5
-0.230161, 0.285344, 0.0320733, 5
-0.230478, 0.285736, 0.0256704, 4
-0.228216, 0.282932, 0.0190503, 4
-0.2309, 0.286259, 0.012843, 5
-0.228494, 0.283277, 0.00635268, 4
-0.233552, 0.289547, 0, 4
-0.229546, 0.286418, 0.0983512, 6
-0.237867, 0.2968, 0.0948334, 5
-0.233991, 0.291964, 0.0863812, 5
-0.227557, 0.283936, 0.0773432, 4
-0.233278, 0.291074, 0.0725074, 5
-0.229107, 0.28587, 0.0645971, 5
-0.232247, 0.289789, 0.0588194, 5
-0.230377, 0.287455, 0.0517724, 6
-0.23339, 0.291214, 0.0458229, 7
-0.228879, 0.285585, 0.0384665, 5
-0.229264, 0.286065, 0.0320733, 5
-0.227083, 0.283345, 0.0253914, 4
-0.22233, 0.277414, 0.0186316, 4
-0.229999, 0.286983, 0.012843, 4
-0.230104, 0.287115, 0.00642249, 4
-0.227638, 0.284037, 0, 4
-0.228646, 0.287138, 0.0983512, 5
-0.236933, 0.297546, 0.0948334, 5
-0.233072, 0.292697, 0.0863812, 5
-0.226664, 0.28465, 0.0773432, 4
-0.22747, 0.285662, 0.070981, 5
-0.230661, 0.289669, 0.0652917, 5
-0.226414, 0.284336, 0.0575679, 5
-0.229473, 0.288177, 0.0517724, 6
-0.227527, 0.285734, 0.0448479, 6
-0.230458, 0.289415, 0.0388846, 5
-0.225882, 0.283667, 0.0317247, 5
-0.228678, 0.287179, 0.0256704, 4
-0.223945, 0.281236, 0.0188409, 4
-0.229097, 0.287704, 0.012843, 5
-0.231693, 0.290965, 0.0064923, 4
-0.231728, 0.291009, 0, 4
-0.234934, 0.296945, 0.101457, 5
-0.231181, 0.292201, 0.092898, 5
-0.229733, 0.290371, 0.0854814, 5
-0.225769, 0.28536, 0.0773432, 4
-0.226572, 0.286376, 0.070981, 5
-0.222418, 0.281125, 0.0632079, 5
-0.223068, 0.281947, 0.0569421, 5
-0.228566, 0.288896, 0.0517724, 7
-0.224165, 0.283334, 0.0443604, 6
-0.229548, 0.290137, 0.0388846, 5
-0.232407, 0.29375, 0.0327706, 5
-0.222823, 0.281637, 0.0251123, 5
-0.223061, 0.281938, 0.0188409, 4
-0.225711, 0.285288, 0.0127034, 4
-0.225814, 0.285418, 0.00635268, 4
-0.235776, 0.298009, 0, 4
-0.229225, 0.291606, 0.0993865, 5
-0.230262, 0.292926, 0.092898, 5
-0.233637, 0.29722, 0.087281, 5
-0.229707, 0.29222, 0.0790064, 4
-0.225671, 0.287086, 0.070981, 5
-0.226402, 0.288016, 0.0645971, 5
-0.222182, 0.282646, 0.0569421, 5
-0.230106, 0.292727, 0.0523291, 6
-0.228181, 0.290279, 0.0453354, 6
-0.226177, 0.287729, 0.0384665, 5
-0.221632, 0.281948, 0.0313761, 5
-0.221937, 0.282335, 0.0251123, 4
-0.22958, 0.292058, 0.019469, 4
-0.222344, 0.282852, 0.0125638, 5
-0.227388, 0.28927, 0.00642249, 5
-0.224951, 0.28617, 0, 4
-0.230686, 0.29537, 0.100422, 5
-0.22934, 0.293648, 0.092898, 5
-0.230303, 0.294881, 0.0863812, 5
-0.228788, 0.29294, 0.0790064, 4
-0.227185, 0.290888, 0.0717442, 5
-0.223072, 0.285621, 0.0639025, 5
-0.226156, 0.28957, 0.0581936, 5
-0.224308, 0.287205, 0.0512157, 6
-0.227268, 0.290995, 0.0453354, 6
-0.225272, 0.288439, 0.0384665, 5
-0.223198, 0.285783, 0.0317247, 5
-0.223505, 0.286176, 0.0253914, 4
-0.221285, 0.283334, 0.0188409, 4
-0.221454, 0.28355, 0.0125638, 4
-0.226478, 0.289983, 0.00642249, 4
-0.221589, 0.283723, 0, 4
-0.227388, 0.293041, 0.0993865, 5
-0.228417, 0.294367, 0.092898, 5
-0.224597, 0.289444, 0.0845816, 5
-0.223069, 0.287475, 0.0773432, 4
-0.22627, 0.2916, 0.0717442, 5
-0.227003, 0.292545, 0.0652917, 5
-0.225245, 0.29028, 0.0581936, 5
-0.220977, 0.284779, 0.050659, 6
-0.221485, 0.285434, 0.0443604, 6
-0.226803, 0.292288, 0.0388846, 5
-0.219856, 0.283335, 0.0313761, 5
-0.222605, 0.286877, 0.0253914, 4
-0.220394, 0.284027, 0.0188409, 4
-0.223012, 0.287402, 0.0127034, 4
-0.223114, 0.287534, 0.00635268, 5
-0.223148, 0.287577, 0, 4
-0.228825, 0.296814, 0.100422, 6
-0.225121, 0.292009, 0.0919303, 5
-0.223687, 0.290149, 0.0845816, 5
-0.219776, 0.285076, 0.0765115, 4
-0.222955, 0.2892, 0.070981, 5
-0.221273, 0.287017, 0.0639025, 5
-0.226744, 0.294115, 0.0588194, 5
-0.224918, 0.291746, 0.0517724, 6
-0.223011, 0.289273, 0.0448479, 6
-0.225884, 0.292999, 0.0388846, 5
-0.221398, 0.28718, 0.0317247, 5
-0.219266, 0.284415, 0.0251123, 4
-0.221939, 0.287882, 0.0190503, 4
-0.219668, 0.284936, 0.0125638, 4
-0.22221, 0.288233, 0.00635268, 5
-0.222244, 0.288277, 0, 4
-0.225542, 0.294464, 0.0993865, 5
-0.221843, 0.289634, 0.0909626, 5
-0.225144, 0.293944, 0.0854814, 5
-0.221259, 0.288871, 0.0773432, 4
-0.217271, 0.283664, 0.0694545, 5
-0.22037, 0.287711, 0.0639025, 5
-0.221015, 0.288552, 0.0575679, 5
-0.221592, 0.289306, 0.0512157, 6
-0.222102, 0.289972, 0.0448479, 6
-0.217706, 0.284233, 0.0376302, 5
-0.222918, 0.291038, 0.0320733, 5
-0.213519, 0.278766, 0.0245543, 4
-0.218605, 0.285407, 0.0188409, 4
-0.221202, 0.288798, 0.0127034, 4
-0.21644, 0.28258, 0.00621306, 4
-0.218905, 0.285798, 0, 4
-0.219936, 0.289022, 0.097316, 6
-0.232683, 0.305772, 0.0958011, 5
-0.221859, 0.291548, 0.0845816, 5
-0.22035, 0.289565, 0.0773432, 4
-0.221134, 0.290595, 0.070981, 4
-0.219465, 0.288402, 0.0639025, 5
-0.224892, 0.295533, 0.0588194, 6
-0.218283, 0.286849, 0.050659, 6
-0.221189, 0.290668, 0.0448479, 6
-0.22163, 0.291247, 0.0384665, 5
-0.217176, 0.285395, 0.0313761, 5
-0.222308, 0.292138, 0.0256704, 5
-0.215288, 0.282913, 0.0186316, 4
-0.215452, 0.283129, 0.0124242, 4
-0.217973, 0.286441, 0.00628287, 4
-0.22285, 0.292851, 0, 4
-0.223688, 0.295875, 0.0993865, 5
-0.220018, 0.291022, 0.0909626, 5
-0.223293, 0.295353, 0.0854814, 5
-0.219439, 0.290256, 0.0773432, 4
-0.217852, 0.288156, 0.0702177, 5
-0.218558, 0.28909, 0.0639025, 5
-0.216814, 0.286784, 0.0569421, 6
-0.21977, 0.290693, 0.0512157, 6
-0.220275, 0.291362, 0.0448479, 6
-0.215915, 0.285595, 0.0376302, 5
-0.216279, 0.286075, 0.0313761, 5
-0.21417, 0.283286, 0.0248333, 4
-0.216807, 0.286775, 0.0188409, 4
-0.216973, 0.286993, 0.0125638, 4
-0.21466, 0.283934, 0.00621306, 4
-0.217105, 0.287168, 0, 4
-0.218116, 0.290398, 0.097316, 5
-0.219103, 0.291712, 0.0909626, 5
-0.215342, 0.286704, 0.082782, 5
-0.213827, 0.284687, 0.0756799, 4
-0.214587, 0.2857, 0.0694545, 5
-0.215283, 0.286625, 0.0632079, 5
-0.215912, 0.287464, 0.0569421, 6
-0.214097, 0.285047, 0.0501023, 6
-0.21459, 0.285703, 0.043873, 6
-0.217406, 0.289453, 0.0380484, 5
-0.212986, 0.283567, 0.0310274, 5
-0.218071, 0.290338, 0.0253914, 4
-0.215905, 0.287454, 0.0188409, 4
-0.213669, 0.284477, 0.0124242, 4
-0.220972, 0.294201, 0.00642249, 4
-0.218604, 0.291047, 0, 4
-0.217203, 0.291082, 0.097316, 5
-0.215865, 0.289288, 0.089995, 5
-0.219102, 0.293626, 0.0845816, 5
-0.219951, 0.294765, 0.0781748, 4
-0.216037, 0.289519, 0.0702177, 5
-0.216737, 0.290457, 0.0639025, 5
-0.212646, 0.284974, 0.0563164, 5
-0.217939, 0.292068, 0.0512157, 6
-0.213692, 0.286376, 0.043873, 5
-0.218875, 0.293322, 0.0384665, 5
-0.214477, 0.287428, 0.0313761, 4
-0.212386, 0.284626, 0.0248333, 4
-0.21739, 0.291332, 0.0190503, 4
-0.207993, 0.278739, 0.012145, 4
-0.222439, 0.298099, 0.0064923, 4
-0.215296, 0.288526, 0, 4
-0.220889, 0.29797, 0.0993865, 5
-0.217266, 0.293083, 0.0909626, 5
-0.215857, 0.291182, 0.0836818, 5
-0.214364, 0.289168, 0.0765115, 4
-0.212788, 0.287042, 0.0694545, 4
-0.218169, 0.294301, 0.0645971, 5
-0.214102, 0.288815, 0.0569421, 5
-0.21702, 0.292751, 0.0512157, 6
-0.215155, 0.290235, 0.0443604, 5
-0.210845, 0.284421, 0.0372121, 5
-0.215946, 0.291302, 0.0317247, 4
-0.213866, 0.288497, 0.0251123, 4
-0.216474, 0.292014, 0.0190503, 4
-0.214258, 0.289025, 0.0125638, 4
-0.209593, 0.282732, 0.00614325, 4
-0.212007, 0.285988, 0, 5
-0.217661, 0.295552, 0.0983512, 5
-0.218645, 0.296889, 0.0919303, 5
-0.214941, 0.291859, 0.0836818, 5
-0.213454, 0.28984, 0.0765115, 4
-0.214214, 0.290871, 0.0702177, 4
-0.2079, 0.282298, 0.0618188, 5
-0.213194, 0.289486, 0.0569421, 5
-0.216099, 0.293431, 0.0512157, 6
-0.209534, 0.284516, 0.0433855, 5
-0.214669, 0.291489, 0.0380484, 5
-0.210304, 0.285562, 0.0310274, 4
-0.210593, 0.285955, 0.0248333, 4
-0.210818, 0.28626, 0.0186316, 4
-0.208608, 0.283259, 0.0122846, 5
-0.213447, 0.289829, 0.00628287, 4
-0.208735, 0.283432, 0, 4
-0.212168, 0.289998, 0.0962807, 5
-0.21542, 0.294442, 0.0909626, 5
-0.214023, 0.292533, 0.0836818, 4
-0.214853, 0.293667, 0.0773432, 4
-0.213299, 0.291543, 0.0702177, 4
-0.209338, 0.286129, 0.0625133, 5
-0.20995, 0.286966, 0.0563164, 5
-0.215176, 0.294109, 0.0512157, 6
-0.210983, 0.288377, 0.043873, 5
-0.211403, 0.288951, 0.0376302, 5
-0.214111, 0.292653, 0.0317247, 5
-0.21205, 0.289835, 0.0251123, 4
-0.209917, 0.286921, 0.0186316, 4
-0.207717, 0.283913, 0.0122846, 4
-0.210173, 0.287271, 0.00621306, 4
-0.217291, 0.296999, 0, 4
-0.213528, 0.293788, 0.097316, 5
-0.207648, 0.285699, 0.0880596, 5
-0.215395, 0.296356, 0.0845816, 4
-0.207028, 0.284846, 0.0748482, 4
-0.210073, 0.289035, 0.0694545, 4
-0.21307, 0.293158, 0.0639025, 5
-0.206725, 0.284428, 0.0556907, 5
-0.211923, 0.291579, 0.050659, 6
-0.210076, 0.289039, 0.043873, 5
-0.212833, 0.292832, 0.0380484, 5
-0.208505, 0.286878, 0.0310274, 5
-0.206446, 0.284044, 0.0245543, 4
-0.213712, 0.294041, 0.0190503, 4
-0.206824, 0.284564, 0.0122846, 4
-0.202216, 0.278224, 0.00600363, 4
-0.214005, 0.294445, 0, 4
-0.214866, 0.29759, 0.0983512, 5
-0.211294, 0.292643, 0.089995, 5
-0.207618, 0.287552, 0.0818822, 5
-0.208423, 0.288667, 0.0756799, 4
-0.206866, 0.28651, 0.0686912, 5
-0.207536, 0.287438, 0.0625133, 5
-0.210456, 0.291482, 0.0569421, 5
-0.208687, 0.289032, 0.0501023, 6
-0.209167, 0.289697, 0.043873, 5
-0.207254, 0.287048, 0.0372121, 5
-0.209936, 0.290762, 0.0313761, 5
-0.210224, 0.291162, 0.0251123, 4
-0.203434, 0.281757, 0.0182129, 4
-0.205929, 0.285213, 0.0122846, 5
-0.208364, 0.288586, 0.00621306, 4
-0.210738, 0.291873, 0, 4
-0.209426, 0.291984, 0.0962807, 5
-0.210373, 0.293305, 0.089995, 5
-0.204442, 0.285036, 0.0809824, 5
-0.207515, 0.28932, 0.0756799, 4
-0.210542, 0.29354, 0.0702177, 5
-0.206632, 0.288089, 0.0625133, 5
-0.204934, 0.285721, 0.0556907, 5
-0.210086, 0.292905, 0.050659, 6
-0.208256, 0.290353, 0.043873, 5
-0.20867, 0.290931, 0.0376302, 5
-0.209021, 0.29142, 0.0313761, 5
-0.209309, 0.291821, 0.0251123, 4
-0.207204, 0.288886, 0.0186316, 4
-0.207362, 0.289107, 0.0124242, 5
-0.205126, 0.285989, 0.00614325, 4
-0.20982, 0.292533, 0, 4
-0.21075, 0.295787, 0.097316, 5
-0.209451, 0.293965, 0.089995, 5
-0.208069, 0.292025, 0.082782, 4
-0.206605, 0.289971, 0.0756799, 4
-0.20734, 0.291002, 0.0694545, 5
-0.210298, 0.295153, 0.0639025, 5
-0.20862, 0.292799, 0.0569421, 5
-0.206867, 0.290338, 0.0501023, 6
-0.21195, 0.297472, 0.0448479, 6
-0.207755, 0.291585, 0.0376302, 5
-0.205792, 0.28883, 0.0310274, 5
-0.208391, 0.292477, 0.0251123, 5
-0.20166, 0.28303, 0.0182129, 4
-0.211092, 0.296268, 0.0127034, 4
-0.208868, 0.293146, 0.00628287, 3
-0.211221, 0.296449, 0, 4
-0.207587, 0.293294, 0.0962807, 5
-0.204042, 0.288285, 0.0880596, 4
-0.20715, 0.292677, 0.082782, 4
-0.205693, 0.290618, 0.0756799, 4
-0.206425, 0.291652, 0.0694545, 5
-0.202542, 0.286166, 0.0618188, 5
-0.203135, 0.287003, 0.0556907, 5
-0.205953, 0.290986, 0.0501023, 6
-0.206427, 0.291656, 0.043873, 6
-0.20454, 0.288989, 0.0372121, 5
-0.204884, 0.289475, 0.0310274, 5
-0.205166, 0.289873, 0.0248333, 4
-0.203077, 0.286922, 0.0184223, 4
-0.207851, 0.293667, 0.0125638, 4
-0.205635, 0.290537, 0.00621306, 4
-0.203356, 0.287316, 0, 4
-0.211109, 0.300267, 0.0983512, 5
-0.203135, 0.288925, 0.0880596, 4
-0.20623, 0.293326, 0.082782, 4
-0.200278, 0.284862, 0.0740166, 4
-0.203249, 0.289087, 0.0686912, 5
-0.206173, 0.293246, 0.0632079, 5
-0.204504, 0.290872, 0.0563164, 5
-0.20276, 0.288391, 0.0495456, 6
-0.203227, 0.289055, 0.0433855, 6
-0.201343, 0.286376, 0.036794, 5
-0.206265, 0.293377, 0.0313761, 5
-0.201959, 0.287252, 0.0245543, 4
-0.202175, 0.287559, 0.0184223, 4
-0.20003, 0.284508, 0.012145, 4
-0.200121, 0.284638, 0.00607344, 4
-0.207053, 0.294498, 0, 4
-0.210165, 0.300928, 0.0983512, 5
-0.202226, 0.289562, 0.0880596, 5
-0.205307, 0.293973, 0.082782, 4
-0.201623, 0.288697, 0.0748482, 4
-0.206836, 0.296162, 0.0702177, 4
-0.205251, 0.293892, 0.0632079, 5
-0.201327, 0.288274, 0.0556907, 5
-0.201853, 0.289027, 0.0495456, 6
-0.206864, 0.296202, 0.0443604, 6
-0.20272, 0.290269, 0.0372121, 5
-0.20078, 0.28749, 0.0306788, 5
-0.205625, 0.294428, 0.0251123, 4
-0.198983, 0.284918, 0.0182129, 4
-0.201424, 0.288412, 0.0122846, 4
-0.201516, 0.288544, 0.00614325, 4
-0.203837, 0.291867, 0, 4
-0.204814, 0.295238, 0.0962807, 5
-0.20574, 0.296573, 0.089995, 5
-0.204383, 0.294616, 0.082782, 4
-0.202945, 0.292544, 0.0756799, 4
-0.203667, 0.293585, 0.0694545, 5
-0.204327, 0.294536, 0.0632079, 5
-0.200421, 0.288905, 0.0556907, 5
-0.198686, 0.286405, 0.0489889, 5
-0.203669, 0.293588, 0.043873, 5
-0.204075, 0.294173, 0.0376302, 5
-0.199875, 0.288119, 0.0306788, 5
-0.197876, 0.285237, 0.0242753, 4
-0.200364, 0.288823, 0.0184223, 4
-0.202795, 0.292328, 0.0124242, 5
-0.200608, 0.289176, 0.00614325, 4
-0.205199, 0.295793, 0, 4
-0.203885, 0.29588, 0.0962807, 5
-0.200403, 0.290827, 0.0880596, 5
-0.199033, 0.288838, 0.0809824, 4
-0.197585, 0.286736, 0.0740166, 4
-0.200516, 0.29099, 0.0686912, 4
-0.196695, 0.285445, 0.0611242, 5
-0.199512, 0.289533, 0.0556907, 5
-0.197785, 0.287028, 0.0489889, 6
-0.202746, 0.294226, 0.043873, 5
-0.20315, 0.294812, 0.0376302, 5
-0.196708, 0.285464, 0.0303302, 5
-0.199243, 0.289143, 0.0245543, 4
-0.197189, 0.286162, 0.0182129, 4
-0.199608, 0.289672, 0.0122846, 4
-0.199699, 0.289804, 0.00614325, 4
-0.204269, 0.296436, 0, 4
-0.202955, 0.296519, 0.0962807, 5
-0.197297, 0.288252, 0.0870919, 5
-0.200326, 0.292678, 0.0818822, 4
-0.194473, 0.284127, 0.0731849, 3
-0.197383, 0.288378, 0.067928, 4
-0.200247, 0.292563, 0.0625133, 5
-0.194139, 0.283638, 0.0544392, 5
-0.201358, 0.294185, 0.0501023, 6
-0.199578, 0.291586, 0.0433855, 5
-0.199976, 0.292166, 0.0372121, 4
-0.198061, 0.289369, 0.0306788, 5
-0.198334, 0.289767, 0.0245543, 4
-0.196289, 0.28678, 0.0182129, 4
-0.196439, 0.286999, 0.012145, 4
-0.201047, 0.293731, 0.00621306, 4
-0.201077, 0.293775, 0, 4
-0.19985, 0.29396, 0.0952454, 5
-0.200754, 0.29529, 0.0890273, 5
-0.197214, 0.290083, 0.0809824, 5
-0.200179, 0.294444, 0.0756799, 4
-0.196476, 0.288997, 0.067928, 4
-0.194898, 0.286675, 0.0611242, 5
-0.195468, 0.287514, 0.0550649, 5
-0.200432, 0.294816, 0.0501023, 6
-0.203125, 0.298778, 0.0443604, 5
-0.199057, 0.292793, 0.0372121, 4
-0.201632, 0.296581, 0.0313761, 5
-0.197422, 0.290389, 0.0245543, 4
-0.193141, 0.284092, 0.0180036, 4
-0.197784, 0.29092, 0.0122846, 4
-0.193377, 0.284439, 0.00600363, 4
-0.200153, 0.294406, 0, 4
-0.20325, 0.30099, 0.097316, 5
-0.199825, 0.295919, 0.0890273, 5
-0.202846, 0.300391, 0.0836818, 5
-0.197063, 0.291828, 0.0748482, 4
-0.195567, 0.289613, 0.067928, 5
-0.1962, 0.290551, 0.0618188, 5
-0.194563, 0.288127, 0.0550649, 5
-0.199505, 0.295445, 0.0501023, 6
-0.19552, 0.289544, 0.042898, 5
-0.198136, 0.293417, 0.0372121, 4
-0.200699, 0.297213, 0.0313761, 6
-0.194276, 0.287701, 0.0242753, 4
-0.198954, 0.294629, 0.0186316, 4
-0.194632, 0.288227, 0.012145, 4
-0.199197, 0.294988, 0.00621306, 4
-0.19475, 0.288403, 0, 4
-0.195847, 0.292001, 0.0942101, 5
-0.198895, 0.296545, 0.0890273, 5
-0.19973, 0.29779, 0.082782, 5
-0.193966, 0.289197, 0.0740166, 3
-0.194656, 0.290225, 0.067928, 4
-0.195287, 0.291166, 0.0618188, 5
-0.195858, 0.292018, 0.0556907, 5
-0.196369, 0.29278, 0.0495456, 6
-0.19461, 0.290157, 0.042898, 5
-0.199429, 0.297342, 0.0376302, 4
-0.195325, 0.291223, 0.0306788, 6
-0.193371, 0.28831, 0.0242753, 4
-0.193577, 0.288617, 0.0182129, 4
-0.193725, 0.288837, 0.012145, 4
-0.193814, 0.28897, 0.00607344, 4
-0.202755, 0.302302, 0, 4
-0.194929, 0.292615, 0.0942101, 5
-0.200114, 0.300399, 0.089995, 4
-0.196633, 0.295173, 0.0818822, 5
-0.195226, 0.293061, 0.0748482, 3
-0.19592, 0.294103, 0.0686912, 4
-0.192187, 0.288499, 0.0611242, 5
-0.19713, 0.295919, 0.0563164, 5
-0.195449, 0.293396, 0.0495456, 6
-0.191496, 0.287462, 0.0424105, 5
-0.194083, 0.291345, 0.036794, 5
-0.194409, 0.291835, 0.0306788, 5
-0.192464, 0.288915, 0.0242753, 4
-0.194885, 0.292548, 0.0184223, 4
-0.188384, 0.282791, 0.0118658, 4
-0.192905, 0.289577, 0.00607344, 4
-0.19737, 0.296279, 0, 4
-0.19614, 0.296448, 0.0952454, 5
-0.194886, 0.294552, 0.0880596, 5
-0.197855, 0.299039, 0.082782, 4
-0.189986, 0.287147, 0.0731849, 3
-0.192829, 0.291443, 0.067928, 4
-0.193453, 0.292387, 0.0618188, 5
-0.189659, 0.286653, 0.0544392, 5
-0.194526, 0.294008, 0.0495456, 6
-0.192783, 0.291374, 0.042898, 5
-0.190971, 0.288636, 0.0363759, 5
-0.189094, 0.285798, 0.0299816, 5
-0.189354, 0.286191, 0.0239962, 4
-0.198373, 0.299822, 0.0188409, 4
-0.189701, 0.286715, 0.0120054, 4
-0.189787, 0.286846, 0.00600363, 4
-0.194231, 0.293562, 0, 4
-0.195208, 0.297063, 0.0952454, 5
-0.200354, 0.304894, 0.0909626, 5
-0.190493, 0.289888, 0.0800826, 5
-0.191232, 0.291012, 0.0740166, 3
-0.189756, 0.288766, 0.0671648, 4
-0.192534, 0.292993, 0.0618188, 5
-0.193097, 0.29385, 0.0556907, 5
-0.189251, 0.287997, 0.0484322, 5
-0.189686, 0.28866, 0.0424105, 5
-0.194433, 0.295884, 0.0372121, 5
-0.192572, 0.293051, 0.0306788, 5
-0.190645, 0.290119, 0.0242753, 5
-0.190849, 0.290429, 0.0182129, 4
-0.19319, 0.293991, 0.0122846, 4
-0.191082, 0.290783, 0.00607344, 4
-0.193307, 0.29417, 0, 4
-0.192162, 0.294439, 0.0942101, 5
-0.197274, 0.302271, 0.089995, 5
-0.195972, 0.300277, 0.082782, 4
-0.18604, 0.285058, 0.0723533, 3
-0.19314, 0.295937, 0.0686912, 4
-0.18946, 0.290298, 0.0611242, 5
-0.187854, 0.287839, 0.0544392, 5
-0.188345, 0.28859, 0.0484322, 6
-0.190948, 0.292579, 0.042898, 5
-0.191328, 0.293161, 0.036794, 5
-0.189472, 0.290318, 0.0303302, 5
-0.191914, 0.294058, 0.0245543, 5
-0.189935, 0.291027, 0.0182129, 4
-0.185711, 0.284554, 0.0118658, 4
-0.192353, 0.294731, 0.00614325, 4
-0.192382, 0.294776, 0, 4
-0.195439, 0.301525, 0.0962807, 5
-0.192101, 0.296376, 0.0880596, 5
-0.190788, 0.29435, 0.0809824, 4
-0.1894, 0.292208, 0.0740166, 4
-0.185802, 0.286657, 0.0664015, 4
-0.192832, 0.297503, 0.0625133, 5
-0.189098, 0.291743, 0.0550649, 5
-0.187438, 0.289181, 0.0484322, 6
-0.190028, 0.293177, 0.042898, 5
-0.188243, 0.290423, 0.0363759, 5
-0.18856, 0.290911, 0.0303302, 5
-0.188819, 0.291311, 0.0242753, 5
-0.18902, 0.291622, 0.0182129, 4
-0.18699, 0.28849, 0.0120054, 4
-0.189251, 0.291978, 0.00607344, 4
-0.191455, 0.295379, 0, 4
-0.190308, 0.29564, 0.0942101, 5
-0.191169, 0.296978, 0.0880596, 5
-0.189862, 0.294948, 0.0809824, 4
-0.186363, 0.289511, 0.0731849, 4
-0.189151, 0.293843, 0.067928, 4
-0.189764, 0.294795, 0.0618188, 5
-0.186042, 0.289013, 0.0544392, 5
-0.190816, 0.296429, 0.0495456, 6
-0.186957, 0.290435, 0.0424105, 6
-0.189483, 0.294358, 0.036794, 5
-0.187644, 0.291502, 0.0303302, 5
-0.185743, 0.288548, 0.0239962, 5
-0.190265, 0.295574, 0.0184223, 4
-0.186083, 0.289076, 0.0120054, 4
-0.188333, 0.292571, 0.00607344, 4
-0.186196, 0.289252, 0, 4
-0.193541, 0.302747, 0.0962807, 5
-0.190235, 0.297577, 0.0880596, 5
-0.193133, 0.30211, 0.082782, 5
-0.185452, 0.290095, 0.0731849, 4
-0.188227, 0.294436, 0.067928, 5
-0.184593, 0.288752, 0.0604296, 5
-0.183005, 0.286268, 0.0538135, 5
-0.185617, 0.290353, 0.0484322, 6
-0.188182, 0.294366, 0.042898, 6
-0.188557, 0.294952, 0.036794, 5
-0.186728, 0.29209, 0.0303302, 5
-0.184835, 0.28913, 0.0239962, 5
-0.185033, 0.289439, 0.0180036, 4
-0.191633, 0.299764, 0.0124242, 4
-0.187413, 0.293161, 0.00607344, 4
-0.185287, 0.289836, 0, 4
-0.190518, 0.300092, 0.0952454, 5
-0.189299, 0.298173, 0.0880596, 4
-0.188005, 0.296135, 0.0809824, 5
-0.182443, 0.287373, 0.0723533, 4
-0.187301, 0.295026, 0.067928, 5
-0.185797, 0.292656, 0.0611242, 5
-0.18634, 0.293512, 0.0550649, 5
-0.18895, 0.297623, 0.0495456, 6
-0.183001, 0.288252, 0.0419231, 5
-0.185497, 0.292184, 0.0363759, 5
-0.183674, 0.289312, 0.0299816, 5
-0.186065, 0.293078, 0.0242753, 5
-0.186263, 0.293391, 0.0182129, 4
-0.184263, 0.29024, 0.0120054, 4
-0.186491, 0.293749, 0.00607344, 4
-0.186519, 0.293794, 0, 4
-0.191635, 0.303958, 0.0962807, 5
-0.186292, 0.295483, 0.0870919, 5
-0.187074, 0.296724, 0.0809824, 4
-0.185713, 0.294565, 0.0740166, 4
-0.184279, 0.292291, 0.0671648, 4
-0.184876, 0.293238, 0.0611242, 5
-0.18331, 0.290754, 0.0544392, 5
-0.185901, 0.294864, 0.0489889, 6
-0.188446, 0.298901, 0.0433855, 5
-0.184578, 0.292765, 0.0363759, 5
-0.184889, 0.293258, 0.0303302, 5
-0.178759, 0.283535, 0.0234382, 5
-0.18321, 0.290596, 0.0180036, 4
-0.185482, 0.294199, 0.012145, 4
-0.183434, 0.29095, 0.00600363, 4
-0.189862, 0.301145, 0, 4
-0.184528, 0.294734, 0.0931749, 5
-0.191541, 0.305936, 0.089995, 5
-0.186141, 0.29731, 0.0809824, 4
-0.186863, 0.298463, 0.0748482, 4
-0.181276, 0.28954, 0.0664015, 5
-0.181864, 0.290479, 0.0604296, 5
-0.184492, 0.294677, 0.0550649, 5
-0.18077, 0.288732, 0.0478755, 6
-0.187507, 0.299491, 0.0433855, 5
-0.18788, 0.300087, 0.0372121, 5
-0.181852, 0.29046, 0.0299816, 5
-0.18422, 0.294241, 0.0242753, 5
-0.182297, 0.29117, 0.0180036, 4
-0.182436, 0.291392, 0.0120054, 5
-0.184641, 0.294915, 0.00607344, 4
-0.182547, 0.291569, 0, 4
-0.183601, 0.295312, 0.0931749, 5
-0.184432, 0.296648, 0.0870919, 5
-0.18109, 0.291274, 0.0791828, 4
-0.179727, 0.28908, 0.0723533, 4
-0.184512, 0.296778, 0.067928, 4
-0.18303, 0.294394, 0.0611242, 5
-0.18148, 0.2919, 0.0544392, 5
-0.181954, 0.292662, 0.0484322, 6
-0.182372, 0.293335, 0.0424105, 5
-0.180635, 0.290541, 0.0359578, 5
-0.187251, 0.301182, 0.0310274, 5
-0.179081, 0.288041, 0.0237172, 5
-0.18349, 0.295133, 0.0182129, 4
-0.181519, 0.291963, 0.0120054, 5
-0.183714, 0.295493, 0.00607344, 4
-0.187966, 0.302332, 0, 4
-0.184702, 0.299175, 0.0942101, 5
-0.183499, 0.297226, 0.0870919, 5
-0.184269, 0.298474, 0.0809824, 4
-0.182928, 0.296302, 0.0740166, 4
-0.179454, 0.290674, 0.0664015, 4
-0.177966, 0.288264, 0.059735, 5
-0.182637, 0.29583, 0.0550649, 5
-0.181033, 0.293232, 0.0484322, 6
-0.18145, 0.293907, 0.0424105, 6
-0.183901, 0.297877, 0.036794, 4
-0.180024, 0.291597, 0.0299816, 5
-0.176079, 0.285207, 0.0234382, 5
-0.178365, 0.28891, 0.0177942, 4
-0.189001, 0.306138, 0.0125638, 5
-0.180684, 0.292666, 0.00600363, 4
-0.180711, 0.292711, 0, 4
-0.181742, 0.29646, 0.0931749, 5
-0.180536, 0.294492, 0.0861242, 5
-0.181294, 0.295729, 0.0800826, 4
-0.177907, 0.290204, 0.0723533, 4
-0.180592, 0.294584, 0.0671648, 4
-0.177059, 0.288821, 0.059735, 4
-0.179642, 0.293034, 0.0544392, 5
-0.182181, 0.297177, 0.0489889, 5
-0.178451, 0.291091, 0.0419231, 5
-0.180885, 0.295062, 0.0363759, 5
-0.179107, 0.292161, 0.0299816, 5
-0.179353, 0.292562, 0.0239962, 5
-0.181632, 0.29628, 0.0182129, 4
-0.179681, 0.293098, 0.0120054, 6
-0.183944, 0.300052, 0.00614325, 4
-0.183972, 0.300097, 0, 3
-0.18081, 0.297029, 0.0931749, 5
-0.17961, 0.295058, 0.0861242, 5
-0.18239, 0.299626, 0.0809824, 4
-0.17496, 0.287419, 0.0715216, 4
-0.177624, 0.291795, 0.0664015, 4
-0.180248, 0.296106, 0.0611242, 5
-0.180775, 0.296972, 0.0550649, 5
-0.179187, 0.294364, 0.0484322, 6
-0.177535, 0.29165, 0.0419231, 6
-0.177889, 0.292231, 0.0359578, 5
-0.176116, 0.289318, 0.029633, 5
-0.178433, 0.293124, 0.0239962, 4
-0.178623, 0.293438, 0.0180036, 5
-0.180838, 0.297076, 0.012145, 5
-0.174682, 0.286963, 0.00586401, 4
-0.180948, 0.297257, 0, 3
-0.181874, 0.300902, 0.0942101, 5
-0.180689, 0.298942, 0.0870919, 5
-0.183464, 0.303533, 0.0818822, 4
-0.178104, 0.294664, 0.0731849, 4
-0.174675, 0.288992, 0.0656383, 4
-0.175241, 0.289928, 0.059735, 5
-0.179841, 0.297538, 0.0550649, 5
-0.176213, 0.291536, 0.0478755, 6
-0.176618, 0.292206, 0.0419231, 5
-0.17697, 0.292788, 0.0359578, 6
-0.179329, 0.296691, 0.0303302, 5
-0.175447, 0.290269, 0.0237172, 4
-0.177701, 0.293997, 0.0180036, 4
-0.175768, 0.2908, 0.0118658, 5
-0.175849, 0.290933, 0.00593382, 4
-0.177944, 0.294401, 0, 3
-0.176952, 0.294846, 0.0921396, 5
-0.179749, 0.299508, 0.0870919, 5
-0.176493, 0.294082, 0.0791828, 4
-0.175164, 0.291868, 0.0723533, 4
-0.173766, 0.289539, 0.0656383, 4
-0.176356, 0.293855, 0.0604296, 4
-0.178905, 0.298102, 0.0550649, 5
-0.179373, 0.29888, 0.0489889, 6
-0.179785, 0.299568, 0.042898, 5
-0.176049, 0.293342, 0.0359578, 5
-0.174295, 0.290419, 0.029633, 5
-0.172481, 0.287397, 0.0234382, 4
-0.174721, 0.291129, 0.0177942, 4
-0.176911, 0.294779, 0.0120054, 5
-0.17905, 0.298343, 0.00607344, 4
-0.177019, 0.294958, 0, 4
-0.174047, 0.292082, 0.0911043, 5
-0.174834, 0.293403, 0.0851565, 5
-0.181553, 0.30468, 0.0818822, 4
-0.174246, 0.292416, 0.0723533, 4
-0.176876, 0.29683, 0.0671648, 4
-0.173416, 0.291023, 0.059735, 5
-0.173923, 0.291875, 0.0538135, 6
-0.178433, 0.299443, 0.0489889, 6
-0.176811, 0.296721, 0.0424105, 6
-0.175127, 0.293894, 0.0359578, 5
-0.177461, 0.297812, 0.0303302, 5
-0.171577, 0.287937, 0.0234382, 4
-0.177895, 0.298539, 0.0182129, 4
-0.175984, 0.295333, 0.0120054, 4
-0.176064, 0.295468, 0.00600363, 4
-0.169948, 0.285204, 0, 3
-0.173128, 0.292627, 0.0911043, 4
-0.177864, 0.300632, 0.0870919, 5
-0.174642, 0.295185, 0.0791828, 4
-0.173326, 0.292962, 0.0723533, 4
-0.175942, 0.297384, 0.0671648, 4
-0.174507, 0.294957, 0.0604296, 5
-0.175017, 0.29582, 0.0544392, 5
-0.17144, 0.289774, 0.0473189, 6
-0.173856, 0.293858, 0.0419231, 6
-0.176228, 0.297867, 0.0363759, 5
-0.170437, 0.288079, 0.0292843, 5
-0.176767, 0.298778, 0.0242753, 4
-0.174922, 0.295659, 0.0180036, 4
-0.17302, 0.292444, 0.0118658, 4
-0.175135, 0.29602, 0.00600363, 4
-0.173125, 0.292622, 0, 4
-0.180036, 0.306495, 0.0952454, 5
-0.172987, 0.294496, 0.0851565, 5
-0.177661, 0.302454, 0.0809824, 4
-0.174387, 0.296879, 0.0731849, 4
-0.173019, 0.294549, 0.0664015, 4
-0.175574, 0.2989, 0.0611242, 5
-0.170085, 0.289555, 0.0531877, 5
-0.174542, 0.297142, 0.0484322, 6
-0.176954, 0.301249, 0.042898, 6
-0.171262, 0.291559, 0.0355397, 5
-0.173568, 0.295485, 0.0299816, 5
-0.171786, 0.29245, 0.0237172, 4
-0.173992, 0.296207, 0.0180036, 4
-0.17615, 0.29988, 0.012145, 5
-0.17623, 0.300017, 0.00607344, 4
-0.174231, 0.296614, 0, 4
-0.175179, 0.300384, 0.0931749, 5
-0.172061, 0.295038, 0.0851565, 4
-0.172784, 0.296277, 0.0791828, 4
-0.169511, 0.290666, 0.0715216, 4
-0.17407, 0.298483, 0.0671648, 4
-0.174634, 0.299451, 0.0611242, 5
-0.169174, 0.290088, 0.0531877, 5
-0.171612, 0.294268, 0.0478755, 5
-0.172007, 0.294944, 0.0419231, 6
-0.172349, 0.295532, 0.0359578, 5
-0.172639, 0.296029, 0.0299816, 5
-0.170866, 0.292989, 0.0237172, 4
-0.173061, 0.296752, 0.0180036, 4
-0.169165, 0.290072, 0.0117262, 5
-0.171257, 0.293659, 0.00593382, 4
-0.177328, 0.30407, 0, 4
-0.172299, 0.29759, 0.0921396, 5
-0.173078, 0.298936, 0.0861242, 4
-0.173805, 0.300191, 0.0800826, 4
-0.168597, 0.291197, 0.0715216, 4
-0.169197, 0.292233, 0.0656383, 4
-0.173693, 0.299998, 0.0611242, 4
-0.168262, 0.290618, 0.0531877, 5
-0.172671, 0.298233, 0.0484322, 5
-0.16909, 0.292048, 0.0414356, 6
-0.17142, 0.296072, 0.0359578, 5
-0.169711, 0.293121, 0.029633, 5
-0.169945, 0.293524, 0.0237172, 5
-0.170126, 0.293837, 0.0177942, 4
-0.168253, 0.290602, 0.0117262, 5
-0.16833, 0.290735, 0.00586401, 4
-0.168355, 0.290779, 0, 4
-0.169437, 0.29478, 0.0911043, 5
-0.172138, 0.299478, 0.0861242, 5
-0.170919, 0.297357, 0.0791828, 4
-0.167682, 0.291725, 0.0715216, 3
-0.168278, 0.292763, 0.0656383, 4
-0.170786, 0.297127, 0.0604296, 4
-0.169317, 0.294571, 0.0538135, 5
-0.171733, 0.298774, 0.0484322, 6
-0.17015, 0.296019, 0.0419231, 5
-0.170489, 0.296609, 0.0359578, 4
-0.170775, 0.297108, 0.0299816, 4
-0.169022, 0.294056, 0.0237172, 4
-0.167212, 0.290907, 0.0175849, 4
-0.171323, 0.298061, 0.0120054, 4
-0.173395, 0.301664, 0.00607344, 5
-0.171428, 0.298242, 0, 4
-0.170425, 0.298666, 0.0921396, 5
-0.17312, 0.303388, 0.0870919, 4
-0.169984, 0.297892, 0.0791828, 4
-0.170643, 0.299047, 0.0731849, 3
-0.17125, 0.300111, 0.0671648, 4
-0.169852, 0.297662, 0.0604296, 4
-0.172307, 0.301964, 0.0550649, 5
-0.168831, 0.295872, 0.0478755, 6
-0.169219, 0.296552, 0.0419231, 5
-0.169556, 0.297143, 0.0359578, 4
-0.165891, 0.290721, 0.0292843, 5
-0.170075, 0.298052, 0.0239962, 4
-0.166297, 0.291431, 0.0175849, 4
-0.166424, 0.291653, 0.0117262, 5
-0.168482, 0.29526, 0.00593382, 5
-0.17049, 0.29878, 0, 4
-0.171391, 0.302562, 0.0931749, 5
-0.166427, 0.2938, 0.0841888, 4
-0.167126, 0.295033, 0.078283, 4
-0.167774, 0.296177, 0.0723533, 4
-0.166435, 0.293814, 0.0656383, 4
-0.170858, 0.301621, 0.0611242, 4
-0.165516, 0.292191, 0.0531877, 5
-0.165948, 0.292954, 0.0473189, 5
-0.168287, 0.297083, 0.0419231, 5
-0.1647, 0.290751, 0.0351216, 5
-0.166941, 0.294708, 0.029633, 5
-0.165204, 0.291641, 0.0234382, 4
-0.167349, 0.295428, 0.0177942, 4
-0.165507, 0.292175, 0.0117262, 5
-0.169525, 0.299268, 0.00600363, 5
-0.167579, 0.295833, 0, 4
-0.168545, 0.299731, 0.0921396, 5
-0.17121, 0.30447, 0.0870919, 5
-0.166198, 0.295557, 0.078283, 4
-0.164925, 0.293292, 0.0715216, 4
-0.165511, 0.294336, 0.0656383, 4
-0.166048, 0.295289, 0.059735, 4
-0.16847, 0.299597, 0.0544392, 5
-0.165027, 0.293474, 0.0473189, 5
-0.167353, 0.29761, 0.0419231, 5
-0.169635, 0.30167, 0.0363759, 5
-0.162108, 0.288284, 0.0289357, 5
-0.166243, 0.295636, 0.0237172, 4
-0.16642, 0.295952, 0.0177942, 4
-0.166547, 0.296178, 0.0118658, 4
-0.166623, 0.296313, 0.00593382, 4
-0.164688, 0.292872, 0, 4
-0.16572, 0.296885, 0.0911043, 5
-0.170253, 0.305007, 0.0870919, 5
-0.167168, 0.299481, 0.0791828, 4
-0.167817, 0.300642, 0.0731849, 4
-0.162672, 0.291426, 0.0648751, 4
-0.167039, 0.299249, 0.0604296, 4
-0.167528, 0.300125, 0.0544392, 5
-0.164104, 0.293991, 0.0473189, 5
-0.164482, 0.294667, 0.0414356, 6
-0.166748, 0.298728, 0.0359578, 4
-0.163144, 0.292271, 0.0292843, 5
-0.163368, 0.292673, 0.0234382, 4
-0.161596, 0.289498, 0.0173755, 4
-0.167564, 0.30019, 0.0120054, 4
-0.167641, 0.300327, 0.00600363, 4
-0.165717, 0.29688, 0, 4
-0.164786, 0.297405, 0.0911043, 5
-0.16177, 0.29196, 0.0832211, 5
-0.168116, 0.303414, 0.0800826, 4
-0.161182, 0.290901, 0.07069, 3
-0.165562, 0.298804, 0.0664015, 4
-0.164189, 0.296327, 0.059735, 4
-0.162755, 0.293738, 0.0531877, 5
-0.165099, 0.29797, 0.0478755, 5
-0.163555, 0.295183, 0.0414356, 6
-0.163881, 0.29577, 0.0355397, 4
-0.164156, 0.296268, 0.029633, 5
-0.160514, 0.289694, 0.0231591, 4
-0.166494, 0.300486, 0.0180036, 4
-0.160808, 0.290225, 0.0115866, 4
-0.164758, 0.297354, 0.00593382, 4
-0.166722, 0.300898, 0, 4
-0.163851, 0.297921, 0.0911043, 5
-0.166463, 0.302669, 0.0861242, 5
-0.161527, 0.293695, 0.0773832, 4
-0.165924, 0.30169, 0.0731849, 3
-0.158946, 0.289002, 0.0641118, 4
-0.161359, 0.29339, 0.0590404, 4
-0.161831, 0.294248, 0.0531877, 5
-0.162254, 0.295016, 0.0473189, 6
-0.166453, 0.302653, 0.0424105, 5
-0.161034, 0.292798, 0.0351216, 4
-0.165145, 0.300274, 0.0299816, 5
-0.163449, 0.29719, 0.0237172, 3
-0.159774, 0.290507, 0.0173755, 4
-0.165675, 0.301237, 0.0120054, 4
-0.159969, 0.290862, 0.0057942, 4
-0.163848, 0.297916, 0, 4
-0.164766, 0.301825, 0.0921396, 5
-0.163651, 0.299784, 0.0851565, 5
-0.162471, 0.297622, 0.078283, 4
-0.164976, 0.30221, 0.0731849, 4
-0.159918, 0.292946, 0.0648751, 4
-0.160437, 0.293895, 0.0590404, 4
-0.162799, 0.298223, 0.0538135, 5
-0.161326, 0.295525, 0.0473189, 5
-0.1636, 0.299689, 0.0419231, 5
-0.163925, 0.300286, 0.0359578, 5
-0.162292, 0.297293, 0.029633, 4
-0.158691, 0.290697, 0.0231591, 3
-0.162688, 0.29802, 0.0177942, 4
-0.164728, 0.301756, 0.0120054, 4
-0.16097, 0.294873, 0.00586401, 4
-0.162912, 0.298429, 0, 4
-0.161976, 0.298944, 0.0911043, 5
-0.164558, 0.303709, 0.0861242, 5
-0.161535, 0.298131, 0.078283, 4
-0.162162, 0.299287, 0.0723533, 3
-0.158997, 0.293447, 0.0648751, 4
-0.159512, 0.294398, 0.0590404, 4
-0.159979, 0.295259, 0.0531877, 5
-0.160397, 0.29603, 0.0473189, 5
-0.160766, 0.296711, 0.0414356, 5
-0.159191, 0.293804, 0.0351216, 4
-0.161357, 0.297802, 0.029633, 5
-0.161579, 0.298211, 0.0237172, 4
-0.159848, 0.295017, 0.0175849, 4
-0.15997, 0.295242, 0.0117262, 4
-0.160043, 0.295377, 0.00586401, 4
-0.160068, 0.295422, 0, 4
-0.162866, 0.302855, 0.0921396, 5
-0.163603, 0.304225, 0.0861242, 5
-0.160598, 0.298637, 0.078283, 4
-0.157514, 0.292903, 0.07069, 3
-0.158075, 0.293945, 0.0648751, 4
-0.156721, 0.291428, 0.0583458, 4
-0.159051, 0.29576, 0.0531877, 6
-0.161342, 0.300021, 0.0478755, 5
-0.157953, 0.293718, 0.0409481, 5
-0.158267, 0.294303, 0.0351216, 4
-0.154759, 0.287779, 0.0285871, 4
-0.156861, 0.291689, 0.0231591, 4
-0.157029, 0.292, 0.0173755, 4
-0.159042, 0.295743, 0.0117262, 4
-0.159114, 0.295879, 0.00586401, 4
-0.157244, 0.292401, 0, 4
-0.158275, 0.296548, 0.090069, 5
-0.157164, 0.294465, 0.0832211, 5
-0.161494, 0.302579, 0.0791828, 4
-0.154751, 0.289945, 0.0698583, 3
-0.15715, 0.29444, 0.0648751, 4
-0.159514, 0.298869, 0.059735, 4
-0.15626, 0.292773, 0.052562, 5
-0.160399, 0.300526, 0.0478755, 5
-0.158898, 0.297715, 0.0414356, 5
-0.157342, 0.294798, 0.0351216, 4
-0.157606, 0.295294, 0.0292843, 4
-0.155944, 0.29218, 0.0231591, 4
-0.157991, 0.296016, 0.0175849, 3
-0.158112, 0.296242, 0.0117262, 4
-0.158184, 0.296377, 0.00586401, 4
-0.161975, 0.30348, 0, 4
-0.16096, 0.303872, 0.0921396, 5
-0.158055, 0.298387, 0.0841888, 5
-0.160543, 0.303084, 0.0791828, 4
-0.155671, 0.293887, 0.07069, 3
-0.156225, 0.294932, 0.0648751, 4
-0.154887, 0.292407, 0.0583458, 4
-0.157189, 0.296753, 0.0531877, 5
-0.159454, 0.301029, 0.0478755, 5
-0.157962, 0.298213, 0.0414356, 5
-0.154553, 0.291776, 0.0347034, 4
-0.156678, 0.295788, 0.0292843, 4
-0.160629, 0.303247, 0.0239962, 4
-0.157061, 0.296511, 0.0175849, 3
-0.159052, 0.30027, 0.0118658, 4
-0.157252, 0.296873, 0.00586401, 5
-0.159149, 0.300453, 0, 4
-0.158207, 0.300956, 0.0911043, 5
-0.155311, 0.295447, 0.0832211, 5
-0.161403, 0.307037, 0.0800826, 4
-0.152926, 0.290911, 0.0698583, 3
-0.155297, 0.295422, 0.0648751, 4
-0.157633, 0.299866, 0.059735, 4
-0.15258, 0.290252, 0.0519362, 5
-0.154821, 0.294516, 0.0467622, 5
-0.158872, 0.302222, 0.0419231, 5
-0.155486, 0.295781, 0.0351216, 4
-0.155748, 0.296279, 0.0292843, 4
-0.150392, 0.28609, 0.0226011, 3
-0.15427, 0.293467, 0.0173755, 3
-0.152527, 0.290152, 0.011447, 4
-0.152597, 0.290285, 0.00572439, 4
-0.160065, 0.304492, 0, 4
-0.153686, 0.294601, 0.0890338, 5
-0.156177, 0.299374, 0.0841888, 5
-0.15503, 0.297176, 0.0773832, 4
-0.152012, 0.29139, 0.0698583, 3
-0.152552, 0.292427, 0.0641118, 4
-0.153047, 0.293374, 0.0583458, 4
-0.157149, 0.301238, 0.0538135, 5
-0.155727, 0.298513, 0.0473189, 6
-0.156085, 0.2992, 0.0414356, 5
-0.156396, 0.299795, 0.0355397, 4
-0.15113, 0.289701, 0.0285871, 5
-0.155029, 0.297174, 0.0234382, 4
-0.157042, 0.301033, 0.0177942, 3
-0.153464, 0.294174, 0.0115866, 4
-0.157234, 0.301401, 0.00593382, 4
-0.155408, 0.2979, 0, 4
-0.15276, 0.295082, 0.0890338, 5
-0.15702, 0.30331, 0.0851565, 5
-0.157679, 0.304584, 0.0791828, 4
-0.152894, 0.295341, 0.07069, 3
-0.155243, 0.299879, 0.0656383, 4
-0.155746, 0.30085, 0.059735, 4
-0.152569, 0.294713, 0.052562, 5
-0.154789, 0.299001, 0.0473189, 5
-0.15332, 0.296163, 0.0409481, 5
-0.153625, 0.296752, 0.0351216, 4
-0.153883, 0.297251, 0.0292843, 4
-0.150426, 0.290573, 0.0228801, 4
-0.150586, 0.290883, 0.0171662, 3
-0.150701, 0.291105, 0.011447, 4
-0.156286, 0.301893, 0.00593382, 4
-0.15631, 0.301939, 0, 4
-0.155363, 0.302434, 0.0911043, 5
-0.15784, 0.307254, 0.0861242, 5
-0.156721, 0.305078, 0.0791828, 4
-0.14839, 0.288859, 0.0690267, 3
-0.152506, 0.296872, 0.0648751, 3
-0.1548, 0.301338, 0.059735, 4
-0.151643, 0.295191, 0.052562, 5
-0.153849, 0.299485, 0.0473189, 5
-0.152388, 0.296643, 0.0409481, 5
-0.152692, 0.297233, 0.0351216, 4
-0.152948, 0.297733, 0.0292843, 5
-0.153159, 0.298143, 0.0234382, 3
-0.153322, 0.298461, 0.0175849, 3
-0.151613, 0.295133, 0.0115866, 4
-0.153509, 0.298825, 0.00586401, 4
-0.157188, 0.305987, 0, 4
-0.150903, 0.296036, 0.0890338, 5
-0.156874, 0.307749, 0.0861242, 5
-0.153992, 0.302096, 0.078283, 4
-0.151035, 0.296296, 0.07069, 3
-0.149789, 0.293852, 0.0641118, 4
-0.150275, 0.294804, 0.0583458, 4
-0.152509, 0.299186, 0.0531877, 5
-0.156505, 0.307025, 0.0484322, 5
-0.151456, 0.29712, 0.0409481, 5
-0.151757, 0.297712, 0.0351216, 4
-0.152012, 0.298212, 0.0292843, 4
-0.150409, 0.295067, 0.0231591, 3
-0.15057, 0.295382, 0.0173755, 3
-0.1525, 0.299169, 0.0117262, 4
-0.15257, 0.299306, 0.00586401, 3
-0.156226, 0.306479, 0, 4
-0.15346, 0.303404, 0.0911043, 5
-0.152402, 0.301313, 0.0841888, 5
-0.151283, 0.299101, 0.0773832, 4
-0.148338, 0.293277, 0.0698583, 3
-0.148866, 0.294321, 0.0641118, 4
-0.149348, 0.295274, 0.0583458, 4
-0.149785, 0.296138, 0.052562, 5
-0.150176, 0.296912, 0.0467622, 5
-0.154105, 0.30468, 0.0419231, 5
-0.149026, 0.294637, 0.0347034, 4
-0.149276, 0.295133, 0.0289357, 5
-0.149481, 0.295538, 0.0231591, 4
-0.149641, 0.295854, 0.0173755, 3
-0.151559, 0.299647, 0.0117262, 4
-0.148019, 0.292646, 0.00572439, 4
-0.155263, 0.306968, 0, 4
-0.152506, 0.303885, 0.0911043, 5
-0.153196, 0.30526, 0.0851565, 5
-0.152091, 0.303058, 0.078283, 5
-0.149171, 0.297239, 0.07069, 4
-0.14794, 0.294787, 0.0641118, 4
-0.14842, 0.295742, 0.0583458, 4
-0.148854, 0.296607, 0.052562, 5
-0.149242, 0.297382, 0.0467622, 5
-0.149586, 0.298066, 0.0409481, 5
-0.151668, 0.302215, 0.0355397, 4
-0.146561, 0.292039, 0.0285871, 4
-0.148552, 0.296007, 0.0231591, 4
-0.148711, 0.296323, 0.0173755, 4
-0.148824, 0.296549, 0.0115866, 4
-0.148892, 0.296684, 0.0057942, 4
-0.148915, 0.296729, 0, 3
-0.151551, 0.304362, 0.0911043, 5
-0.150506, 0.302265, 0.0841888, 5
-0.149401, 0.300045, 0.0773832, 4
-0.146492, 0.294204, 0.0698583, 3
-0.145263, 0.291735, 0.0633486, 4
-0.14749, 0.296207, 0.0583458, 4
-0.147921, 0.297073, 0.052562, 6
-0.151839, 0.304941, 0.0478755, 5
-0.150418, 0.302088, 0.0414356, 5
-0.148945, 0.299129, 0.0351216, 4
-0.150971, 0.303199, 0.029633, 4
-0.147622, 0.296472, 0.0231591, 4
-0.147779, 0.296788, 0.0173755, 3
-0.14611, 0.293436, 0.011447, 4
-0.146177, 0.29357, 0.00572439, 4
-0.153331, 0.307938, 0, 4
-0.148882, 0.301373, 0.090069, 5
-0.147837, 0.299257, 0.0832211, 5
-0.148458, 0.300513, 0.0773832, 4
-0.145567, 0.294663, 0.0698583, 3
-0.146085, 0.295711, 0.0641118, 4
-0.146558, 0.296669, 0.0583458, 4
-0.143487, 0.290452, 0.0513105, 6
-0.149125, 0.301865, 0.0473189, 5
-0.145952, 0.29544, 0.0404606, 5
-0.149766, 0.303162, 0.0355397, 4
-0.142958, 0.289381, 0.0282385, 4
-0.144922, 0.293357, 0.0228801, 3
-0.148615, 0.300833, 0.0175849, 4
-0.145188, 0.293894, 0.011447, 4
-0.148797, 0.3012, 0.00586401, 4
-0.150591, 0.304832, 0, 4
-0.149635, 0.305309, 0.0911043, 5
-0.148604, 0.303205, 0.0841888, 5
-0.144082, 0.293979, 0.0755836, 4
-0.148085, 0.302145, 0.0715216, 3
-0.143427, 0.292642, 0.0633486, 4
-0.149093, 0.304202, 0.059735, 5
-0.144313, 0.294449, 0.0519362, 5
-0.148176, 0.302332, 0.0473189, 5
-0.148517, 0.303028, 0.0414356, 5
-0.147062, 0.300059, 0.0351216, 4
-0.14731, 0.300563, 0.0292843, 5
-0.144, 0.29381, 0.0228801, 3
-0.145912, 0.297711, 0.0173755, 4
-0.149541, 0.305117, 0.0118658, 4
-0.14785, 0.301666, 0.00586401, 4
-0.153153, 0.312487, 0, 4
-0.145296, 0.298828, 0.0890338, 4
-0.147651, 0.30367, 0.0841888, 5
-0.144862, 0.297935, 0.0764834, 4
-0.145424, 0.29909, 0.07069, 3
-0.144224, 0.296623, 0.0641118, 4
-0.146414, 0.301126, 0.0590404, 5
-0.146842, 0.302007, 0.0531877, 5
-0.147226, 0.302796, 0.0473189, 5
-0.145828, 0.299922, 0.0409481, 5
-0.146119, 0.300519, 0.0351216, 4
-0.144622, 0.297441, 0.0289357, 4
-0.141331, 0.290673, 0.0226011, 3
-0.146722, 0.30176, 0.0175849, 4
-0.145086, 0.298395, 0.0115866, 4
-0.146901, 0.302128, 0.00586401, 4
-0.145175, 0.298577, 0, 4
-0.147714, 0.306243, 0.0911043, 4
-0.14501, 0.300637, 0.0832211, 5
-0.143926, 0.298389, 0.0764834, 4
-0.142784, 0.296021, 0.0698583, 3
-0.143292, 0.297074, 0.0641118, 4
-0.145467, 0.301585, 0.0590404, 4
-0.144176, 0.298909, 0.052562, 5
-0.142832, 0.296122, 0.0462055, 5
-0.14661, 0.303955, 0.0414356, 5
-0.145174, 0.300977, 0.0351216, 4
-0.147149, 0.305072, 0.029633, 4
-0.142151, 0.294709, 0.0228801, 4
-0.144038, 0.298622, 0.0173755, 4
-0.145885, 0.30245, 0.0117262, 4
-0.142476, 0.295384, 0.00572439, 3
-0.144236, 0.299032, 0, 4
-0.141748, 0.296249, 0.0879985, 4
-0.147415, 0.308093, 0.0851565, 4
-0.146352, 0.305871, 0.078283, 4
-0.141853, 0.296468, 0.0698583, 3
-0.142358, 0.297523, 0.0641118, 4
-0.141119, 0.294934, 0.0576512, 4
-0.143237, 0.29936, 0.052562, 5
-0.143611, 0.300142, 0.0467622, 5
-0.143941, 0.300833, 0.0409481, 5
-0.147662, 0.308608, 0.0359578, 4
-0.141031, 0.294749, 0.0285871, 4
-0.142947, 0.298754, 0.0231591, 4
-0.139651, 0.291866, 0.0169568, 4
-0.138032, 0.288483, 0.0111678, 4
-0.145, 0.303046, 0.00586401, 3
-0.143296, 0.299483, 0, 3
-0.140817, 0.296693, 0.0879985, 4
-0.143118, 0.301542, 0.0832211, 4
-0.143719, 0.302808, 0.0773832, 4
-0.142599, 0.300447, 0.07069, 3
-0.144789, 0.305063, 0.0656383, 4
-0.14188, 0.298934, 0.0583458, 4
-0.140601, 0.296239, 0.0519362, 5
-0.140969, 0.297013, 0.0462055, 5
-0.141293, 0.297697, 0.0404606, 5
-0.141574, 0.298289, 0.0347034, 4
-0.141812, 0.298791, 0.0289357, 4
-0.142007, 0.299202, 0.0231591, 4
-0.140446, 0.295912, 0.0171662, 4
-0.140553, 0.296138, 0.011447, 4
-0.142332, 0.299886, 0.0057942, 3
-0.144069, 0.303546, 0, 4
-0.14153, 0.30063, 0.0890338, 4
-0.145476, 0.309013, 0.0851565, 5
-0.141107, 0.299732, 0.0764834, 4
-0.139987, 0.297354, 0.0698583, 3
-0.140485, 0.298412, 0.0641118, 4
-0.139263, 0.295814, 0.0576512, 4
-0.143036, 0.303829, 0.0531877, 5
-0.140035, 0.297455, 0.0462055, 5
-0.142048, 0.301731, 0.0409481, 5
-0.142331, 0.302332, 0.0351216, 5
-0.135781, 0.288419, 0.0278898, 4
-0.137667, 0.292426, 0.0226011, 4
-0.137815, 0.292738, 0.0169568, 3
-0.141325, 0.300195, 0.0115866, 4
-0.14139, 0.300332, 0.0057942, 3
-0.141411, 0.300378, 0, 4
-0.142219, 0.304574, 0.090069, 5
-0.141221, 0.302435, 0.0832211, 5
-0.143463, 0.307236, 0.078283, 4
-0.137397, 0.294247, 0.0690267, 3
-0.14287, 0.305967, 0.0656383, 4
-0.136666, 0.292681, 0.0569566, 4
-0.140409, 0.300697, 0.052562, 5
-0.140776, 0.301482, 0.0467622, 5
-0.13942, 0.298578, 0.0404606, 5
-0.143064, 0.306382, 0.0355397, 4
-0.138246, 0.296065, 0.0285871, 4
-0.138436, 0.296472, 0.0228801, 4
-0.141964, 0.304028, 0.0175849, 3
-0.13869, 0.297015, 0.011447, 4
-0.14383, 0.308022, 0.00593382, 3
-0.140467, 0.300821, 0, 4
-0.138014, 0.298007, 0.0879985, 5
-0.141901, 0.306399, 0.0841888, 4
-0.139221, 0.300612, 0.0764834, 4
-0.136472, 0.294677, 0.0690267, 3
-0.140258, 0.302851, 0.0648751, 4
-0.137401, 0.296684, 0.0576512, 4
-0.137803, 0.297551, 0.0519362, 5
-0.139828, 0.301923, 0.0467622, 5
-0.138481, 0.299015, 0.0404606, 5
-0.138757, 0.29961, 0.0347034, 4
-0.137316, 0.296498, 0.0285871, 4
-0.135827, 0.293285, 0.0226011, 3
-0.13933, 0.300848, 0.0173755, 3
-0.139436, 0.301077, 0.0115866, 4
-0.142861, 0.308473, 0.00593382, 3
-0.13784, 0.297631, 0, 4
-0.13869, 0.30195, 0.0890338, 5
-0.142558, 0.31037, 0.0851565, 4
-0.139903, 0.30459, 0.0773832, 4
-0.140445, 0.305771, 0.0715216, 3
-0.136028, 0.296154, 0.0633486, 4
-0.138113, 0.300694, 0.0583458, 4
-0.138517, 0.301573, 0.052562, 5
-0.137225, 0.298761, 0.0462055, 5
-0.140855, 0.306664, 0.0414356, 5
-0.137815, 0.300045, 0.0347034, 4
-0.13472, 0.293307, 0.0282385, 5
-0.13324, 0.290084, 0.0223221, 4
-0.138384, 0.301284, 0.0173755, 3
-0.138489, 0.301514, 0.0115866, 4
-0.136884, 0.298017, 0.00572439, 4
-0.138574, 0.301697, 0, 4
-0.137741, 0.302385, 0.0890338, 5
-0.139973, 0.307285, 0.0841888, 4
-0.137329, 0.301481, 0.0764834, 4
-0.134618, 0.295529, 0.0690267, 3
-0.136725, 0.300153, 0.0641118, 3
-0.140433, 0.308296, 0.059735, 4
-0.139206, 0.305602, 0.0531877, 5
-0.13957, 0.3064, 0.0473189, 5
-0.1366, 0.299879, 0.0404606, 5
-0.138521, 0.304096, 0.0351216, 4
-0.13545, 0.297355, 0.0285871, 5
-0.135636, 0.297764, 0.0228801, 4
-0.134125, 0.294447, 0.0169568, 3
-0.13257, 0.291033, 0.0111678, 4
-0.137604, 0.302085, 0.0057942, 4
-0.137625, 0.302131, 0, 4
-0.13679, 0.302816, 0.0890338, 5
-0.137409, 0.304186, 0.0832211, 4
-0.139591, 0.309015, 0.078283, 4
-0.133689, 0.29595, 0.0690267, 3
-0.14063, 0.311316, 0.0664015, 3
-0.136221, 0.301555, 0.0583458, 4
-0.134993, 0.298837, 0.0519362, 5
-0.133715, 0.296008, 0.0456488, 5
-0.135657, 0.300307, 0.0404606, 5
-0.134289, 0.297279, 0.0342853, 4
-0.134515, 0.297779, 0.0285871, 4
-0.1347, 0.298189, 0.0228801, 4
-0.134844, 0.298507, 0.0171662, 3
-0.131655, 0.291448, 0.0111678, 4
-0.136655, 0.302516, 0.0057942, 4
-0.138322, 0.306207, 0, 4
-0.137418, 0.30677, 0.090069, 5
-0.136453, 0.304616, 0.0832211, 5
-0.137026, 0.305895, 0.0773832, 4
-0.134358, 0.29994, 0.0698583, 3
-0.138046, 0.308173, 0.0656383, 3
-0.133662, 0.298387, 0.0576512, 4
-0.130823, 0.292049, 0.0506848, 5
-0.136023, 0.303656, 0.0467622, 5
-0.131467, 0.293485, 0.0394857, 5
-0.133355, 0.2977, 0.0342853, 4
-0.133579, 0.2982, 0.0285871, 4
-0.133763, 0.29861, 0.0228801, 4
-0.133905, 0.298929, 0.0171662, 3
-0.135642, 0.302805, 0.0115866, 4
-0.134069, 0.299294, 0.00572439, 4
-0.13736, 0.30664, 0, 4
-0.131748, 0.296607, 0.0869632, 5
-0.135495, 0.305043, 0.0832211, 5
-0.1329, 0.2992, 0.0755836, 4
-0.135003, 0.303936, 0.07069, 3
-0.132296, 0.29784, 0.0633486, 3
-0.132724, 0.298805, 0.0576512, 4
-0.133113, 0.299679, 0.0519362, 5
-0.13346, 0.300462, 0.0462055, 5
-0.136991, 0.30841, 0.0414356, 5
-0.134034, 0.301753, 0.0347034, 4
-0.132641, 0.298619, 0.0285871, 4
-0.132824, 0.299029, 0.0228801, 4
-0.132966, 0.299348, 0.0171662, 3
-0.131444, 0.295923, 0.0113074, 3
-0.133128, 0.299714, 0.00572439, 3
-0.131524, 0.296104, 0, 4
-0.13393, 0.304092, 0.0890338, 5
-0.134536, 0.305467, 0.0832211, 5
-0.131959, 0.299616, 0.0755836, 4
-0.132471, 0.300778, 0.0698583, 3
-0.134525, 0.305441, 0.0648751, 4
-0.131785, 0.299221, 0.0576512, 4
-0.13217, 0.300096, 0.0519362, 5
-0.132516, 0.30088, 0.0462055, 5
-0.12802, 0.290672, 0.0389982, 5
-0.133085, 0.302172, 0.0347034, 4
-0.133309, 0.302681, 0.0289357, 4
-0.128667, 0.292141, 0.0223221, 4
-0.130414, 0.296109, 0.0169568, 3
-0.132125, 0.299993, 0.011447, 3
-0.130574, 0.29647, 0.00565458, 4
-0.133818, 0.303837, 0, 3
-0.131428, 0.30097, 0.0879985, 5
-0.133576, 0.305888, 0.0832211, 5
-0.131017, 0.300029, 0.0755836, 4
-0.131525, 0.301193, 0.0698583, 3
-0.12885, 0.295067, 0.0625854, 4
-0.132421, 0.303243, 0.0583458, 4
-0.131227, 0.30051, 0.0519362, 4
-0.13157, 0.301295, 0.0462055, 5
-0.133461, 0.305626, 0.0409481, 6
-0.133727, 0.306235, 0.0351216, 4
-0.129168, 0.295794, 0.0282385, 4
-0.132539, 0.303514, 0.0231591, 4
-0.132681, 0.303839, 0.0173755, 3
-0.129582, 0.296743, 0.0113074, 3
-0.131242, 0.300544, 0.00572439, 3
-0.131262, 0.30059, 0, 3
-0.130482, 0.301381, 0.0879985, 4
-0.131072, 0.302745, 0.0822534, 5
-0.133171, 0.307593, 0.0773832, 4
-0.127469, 0.294423, 0.068195, 3
-0.132603, 0.30628, 0.0648751, 4
-0.131467, 0.303658, 0.0583458, 4
-0.128713, 0.297295, 0.0513105, 5
-0.132196, 0.305341, 0.0467622, 5
-0.129346, 0.298757, 0.0399731, 5
-0.131184, 0.303002, 0.0347034, 4
-0.129821, 0.299855, 0.0285871, 4
-0.128414, 0.296606, 0.0226011, 4
-0.131725, 0.304254, 0.0173755, 3
-0.128649, 0.297149, 0.0113074, 4
-0.128708, 0.297285, 0.00565458, 3
-0.128728, 0.29733, 0, 4
-0.129534, 0.30179, 0.0879985, 4
-0.13012, 0.303155, 0.0822534, 4
-0.132204, 0.30801, 0.0773832, 4
-0.12963, 0.302013, 0.0698583, 3
-0.128543, 0.299479, 0.0633486, 4
-0.128959, 0.300449, 0.0576512, 4
-0.12622, 0.294067, 0.0506848, 4
-0.129674, 0.302115, 0.0462055, 5
-0.129972, 0.30281, 0.0404606, 5
-0.1318, 0.307069, 0.0351216, 4
-0.127307, 0.2966, 0.0282385, 4
-0.125908, 0.293341, 0.0223221, 3
-0.127618, 0.297325, 0.0169568, 3
-0.126139, 0.293878, 0.0111678, 4
-0.129351, 0.301363, 0.00572439, 4
-0.130948, 0.305084, 0, 4
-0.127073, 0.29864, 0.0869632, 4
-0.129167, 0.303562, 0.0822534, 4
-0.12971, 0.304837, 0.0764834, 4
-0.127149, 0.298818, 0.0690267, 3
-0.127601, 0.299881, 0.0633486, 4
-0.128015, 0.300853, 0.0576512, 4
-0.128389, 0.301733, 0.0519362, 5
-0.128724, 0.302521, 0.0462055, 5
-0.125912, 0.295911, 0.0394857, 5
-0.130835, 0.307481, 0.0351216, 4
-0.126374, 0.296999, 0.0282385, 4
-0.12811, 0.301078, 0.0228801, 3
-0.125119, 0.294049, 0.0167475, 2
-0.128345, 0.30163, 0.011447, 4
-0.128404, 0.301768, 0.00572439, 4
-0.128423, 0.301814, 0, 4
-0.126134, 0.299038, 0.0869632, 4
-0.128213, 0.303967, 0.0822534, 4
-0.128751, 0.305243, 0.0764834, 4
-0.124689, 0.295612, 0.068195, 3
-0.128184, 0.303899, 0.0641118, 4
-0.127069, 0.301254, 0.0576512, 4
-0.128976, 0.305775, 0.052562, 5
-0.127773, 0.302924, 0.0462055, 5
-0.12961, 0.307279, 0.0409481, 5
-0.126776, 0.30056, 0.0342853, 4
-0.126989, 0.301066, 0.0285871, 4
-0.127164, 0.301479, 0.0228801, 3
-0.128852, 0.305482, 0.0173755, 0
-0.12895, 0.305715, 0.0115866, 2
-0.124346, 0.2948, 0.00558477, 4
-0.127474, 0.302216, 0, 4
-0.128175, 0.306562, 0.0890338, 4
-0.124263, 0.297206, 0.0803181, 4
-0.129295, 0.309242, 0.0773832, 4
-0.125269, 0.299612, 0.0690267, 3
-0.127229, 0.3043, 0.0641118, 4
-0.124602, 0.298017, 0.0569566, 4
-0.126491, 0.302534, 0.0519362, 4
-0.128349, 0.306979, 0.0467622, 5
-0.12405, 0.296696, 0.0394857, 5
-0.127366, 0.304627, 0.0347034, 4
-0.124506, 0.297787, 0.0282385, 4
-0.127755, 0.305559, 0.0231591, 2
-0.126351, 0.3022, 0.0171662, 0
-0.123363, 0.295054, 0.0111678, 0
-0.129591, 0.309948, 0.00586401, 2
-0.128067, 0.306305, 0, 3
-0.12869, 0.310532, 0.090069, 5
-0.126301, 0.304766, 0.0822534, 4
-0.125339, 0.302446, 0.0755836, 4
-0.122829, 0.296389, 0.068195, 4
-0.126272, 0.304698, 0.0641118, 3
-0.126682, 0.305685, 0.0583458, 5
-0.127052, 0.30658, 0.052562, 5
-0.127384, 0.30738, 0.0467622, 5
-0.124637, 0.300752, 0.0399731, 5
-0.123362, 0.297676, 0.0338672, 4
-0.125095, 0.301858, 0.0285871, 4
-0.125267, 0.302272, 0.0228801, 1
0, 0, 0, 0
-0.131618, 0.317598, 0.0120054, 0
-0.12096, 0.29188, 0.00551496, 0
-0.127104, 0.306706, 0, 2
-0.124778, 0.303787, 0.0879985, 5
-0.128292, 0.312342, 0.0841888, 4
-0.124388, 0.302838, 0.0755836, 4
-0.121897, 0.296773, 0.068195, 3
-0.126806, 0.308725, 0.0648751, 4
-0.122727, 0.298794, 0.0569566, 4
-0.123086, 0.299668, 0.0513105, 5
-0.123408, 0.300451, 0.0456488, 5
-0.123692, 0.301142, 0.0399731, 5
-0.125449, 0.305421, 0.0347034, 4
-0.122632, 0.298563, 0.0282385, 4
-0.119769, 0.291591, 0.022043, 0
-0.127485, 0.310378, 0.0175849, 0
-0.106319, 0.258845, 0.00977186, 0
-0.117004, 0.28486, 0.00537534, 0
-0.12462, 0.303404, 0, 0
-0.12528, 0.307756, 0.0890338, 5
-0.125847, 0.309149, 0.0832211, 4
-0.120497, 0.296007, 0.0737839, 3
-0.123915, 0.304403, 0.0698583, 3
-0.121395, 0.298212, 0.0625854, 4
-0.123273, 0.302827, 0.0576512, 4
-0.126613, 0.311031, 0.0531877, 5
-0.117983, 0.289831, 0.0439787, 5
-0.125739, 0.308884, 0.0409481, 5
-0.122989, 0.302129, 0.0342853, 4
-0.120191, 0.295256, 0.0278898, 4
0, 0, 0, 0
-0.117473, 0.288578, 0.0163288, 0
-0.11907, 0.292501, 0.0110282, 0
-0.125156, 0.307452, 0.0057942, 0
-0.12065, 0.296384, 0, 0
-0.122867, 0.304565, 0.0879985, 5
-0.121971, 0.302344, 0.0812858, 4
-0.122483, 0.303613, 0.0755836, 4
-0.118566, 0.293905, 0.0673634, 3
-0.120457, 0.298592, 0.0625854, 4
-0.123795, 0.306866, 0.0583458, 4
-0.121201, 0.300436, 0.0513105, 5
-0.121517, 0.30122, 0.0456488, 5
-0.123282, 0.305595, 0.0404606, 5
-0.122039, 0.302514, 0.0342853, 4
-0.120754, 0.299328, 0.0282385, 4
0, 0, 0, 0
-0.122544, 0.303764, 0.0171662, 0
-0.119646, 0.296581, 0.0111678, 0
-0.118204, 0.293007, 0.00551496, 0
-0.119719, 0.296762, 0, 0
-0.126212, 0.315713, 0.0911043, 5
-0.12102, 0.302725, 0.0812858, 4
-0.122975, 0.307616, 0.0764834, 4
-0.120547, 0.301542, 0.0690267, 4
-0.122434, 0.306261, 0.0641118, 4
-0.12283, 0.307253, 0.0583458, 4
-0.115857, 0.289809, 0.0494333, 5
-0.122041, 0.305279, 0.0462055, 5
-0.119374, 0.298608, 0.0394857, 5
-0.119612, 0.299202, 0.0338672, 4
-0.121292, 0.303406, 0.0285871, 4
0, 0, 0, 0
-0.111209, 0.278183, 0.0157008, 0
-0.121681, 0.304379, 0.011447, 0
-0.108376, 0.271095, 0.0050961, 0
-0.117301, 0.293422, 0, 0
-0.119528, 0.301739, 0.0869632, 5
-0.120069, 0.303104, 0.0812858, 4
-0.119137, 0.300753, 0.0746837, 4
-0.118158, 0.298282, 0.068195, 3
-0.118579, 0.299343, 0.0625854, 4
-0.117512, 0.29665, 0.056262, 4
-0.119311, 0.301191, 0.0513105, 5
-0.119622, 0.301978, 0.0456488, 5
-0.118435, 0.298981, 0.0394857, 5
-0.120136, 0.303275, 0.0342853, 4
-0.117403, 0.296376, 0.0278898, 4
0, 0, 0, 0
-0.108863, 0.274818, 0.0154914, 0
-0.111891, 0.28246, 0.0106094, 0
-0.113415, 0.286308, 0.00537534, 0
-0.114905, 0.29007, 0, 0
-0.119991, 0.30571, 0.0879985, 4
-0.120534, 0.307093, 0.0822534, 4
-0.119616, 0.304754, 0.0755836, 4
-0.11865, 0.302294, 0.0690267, 3
-0.119072, 0.303369, 0.0633486, 4
-0.120897, 0.308019, 0.0583458, 4
-0.119807, 0.305242, 0.0519362, 5
-0.118673, 0.302352, 0.0456488, 5
-0.116045, 0.295656, 0.0389982, 5
-0.116276, 0.296245, 0.0334491, 4
-0.120839, 0.307871, 0.0289357, 3
0, 0, 0, 0
-0.110918, 0.282595, 0.0159101, 0
-0.115385, 0.293974, 0.0110282, 0
-0.115438, 0.294108, 0.00551496, 0
-0.113994, 0.29043, 0, 0
-0.11903, 0.306085, 0.0879985, 4
-0.120975, 0.311087, 0.0832211, 4
-0.117245, 0.301496, 0.0746837, 4
-0.119118, 0.306311, 0.0698583, 3
-0.116696, 0.300082, 0.0625854, 4
-0.115646, 0.297383, 0.056262, 4
-0.12028, 0.309299, 0.052562, 5
-0.117723, 0.302724, 0.0456488, 5
-0.116555, 0.29972, 0.0394857, 5
-0.11967, 0.307732, 0.0347034, 4
-0.11265, 0.28968, 0.0271926, 2
0, 0, 0, 0
-0.11003, 0.282942, 0.0159101, 0
-0.111563, 0.286884, 0.010749, 0
-0.115963, 0.298197, 0.00558477, 0
-0.11598, 0.298243, 0, 0
-0.11529, 0.299247, 0.0859279, 4
-0.118602, 0.307844, 0.0822534, 4
-0.117699, 0.3055, 0.0755836, 4
-0.115342, 0.299382, 0.068195, 3
-0.118575, 0.307775, 0.0641118, 4
-0.116127, 0.301421, 0.0569566, 4
-0.115047, 0.298616, 0.0506848, 5
-0.118195, 0.306788, 0.0462055, 5
-0.118467, 0.307494, 0.0404606, 5
-0.115843, 0.300682, 0.0338672, 4
-0.116037, 0.301187, 0.0282385, 2
0, 0, 0, 0
-0.113449, 0.294469, 0.0165382, 0
-0.109224, 0.283502, 0.0106094, 0
-0.115025, 0.29856, 0.00558477, 0
-0.112167, 0.29114, 0, 0
-0.117104, 0.306827, 0.0879985, 5
-0.11625, 0.304589, 0.0812858, 4
-0.112569, 0.294944, 0.0728841, 4
-0.115796, 0.303398, 0.0690267, 3
-0.117608, 0.308146, 0.0641118, 3
-0.113775, 0.298104, 0.056262, 4
-0.115517, 0.302667, 0.0513105, 5
-0.112994, 0.296056, 0.0445354, 5
-0.120332, 0.315283, 0.0414356, 5
-0.113479, 0.297328, 0.0334491, 4
-0.119353, 0.312719, 0.0292843, 1
0, 0, 0, 0
-0.111099, 0.291092, 0.0163288, 0
-0.109758, 0.287579, 0.010749, 0
-0.116939, 0.306393, 0.00572439, 0
-0.109825, 0.287754, 0, 0
-0.114774, 0.303579, 0.0869632, 4
-0.115293, 0.304953, 0.0812858, 4
-0.115777, 0.306233, 0.0755836, 4
-0.113459, 0.300101, 0.068195, 3
-0.112474, 0.297496, 0.0618221, 3
-0.114231, 0.302144, 0.0569566, 4
-0.110374, 0.291942, 0.0494333, 5
-0.116265, 0.307525, 0.0462055, 5
-0.116533, 0.308232, 0.0404606, 5
-0.115358, 0.305125, 0.0342853, 4
-0.115552, 0.305638, 0.0285871, 1
0, 0, 0, 0
-0.111596, 0.295176, 0.0165382, 0
-0.10744, 0.284183, 0.0106094, 0
-0.110318, 0.291795, 0.00544515, 0
-0.114579, 0.303064, 0, 0
-0.117884, 0.314793, 0.090069, 4
-0.114334, 0.305313, 0.0812858, 4
-0.114814, 0.306595, 0.0755836, 4
-0.113887, 0.30412, 0.0690267, 3
-0.111538, 0.297848, 0.0618221, 3
-0.114663, 0.306191, 0.0576512, 4
-0.114998, 0.307086, 0.0519362, 5
-0.113909, 0.304179, 0.0456488, 5
-0.114171, 0.304879, 0.0399731, 5
-0.113004, 0.30176, 0.0338672, 4
-0.111796, 0.298536, 0.0278898, 0
0, 0, 0, 0
-0.109268, 0.291784, 0.0163288, 0
-0.106547, 0.284519, 0.0106094, 0
-0.119219, 0.318358, 0.00593382, 0
-0.116432, 0.310914, 0, 0
-0.112864, 0.304294, 0.0869632, 4
-0.116074, 0.312949, 0.0832211, 4
-0.112495, 0.3033, 0.0746837, 4
-0.10885, 0.293471, 0.0665317, 3
-0.116064, 0.312922, 0.0648751, 4
-0.1137, 0.306549, 0.0576512, 4
-0.112659, 0.303742, 0.0513105, 5
-0.110198, 0.297108, 0.0445354, 5
-0.113213, 0.305236, 0.0399731, 5
-0.116205, 0.313303, 0.0351216, 4
0, 0, 0, 0
0, 0, 0, 0
-0.104183, 0.28089, 0.0157008, 0
-0.108433, 0.292349, 0.0108886, 0
-0.112655, 0.303732, 0.00565458, 0
-0.112672, 0.303778, 0, 0
-0.111907, 0.304648, 0.0869632, 4
-0.112414, 0.306026, 0.0812858, 4
-0.110198, 0.299994, 0.0737839, 4
-0.110625, 0.301157, 0.068195, 3
-0.111019, 0.302228, 0.0625854, 4
-0.111378, 0.303207, 0.0569566, 4
-0.10898, 0.296677, 0.050059, 5
-0.111996, 0.304889, 0.0456488, 5
-0.110885, 0.301863, 0.0394857, 5
-0.109734, 0.29873, 0.0334491, 4
0, 0, 0, 0
0, 0, 0, 0
-0.0977909, 0.266218, 0.0148634, 0
-0.104757, 0.285183, 0.0106094, 0
-0.103426, 0.281559, 0.00523572, 0
-0.108959, 0.296621, 0, 0
-0.112271, 0.308629, 0.0879985, 4
-0.112779, 0.310025, 0.0822534, 4
-0.11192, 0.307664, 0.0755836, 4
-0.108341, 0.297826, 0.0673634, 3
-0.108726, 0.298886, 0.0618221, 3
-0.109079, 0.299854, 0.056262, 4
-0.109398, 0.300731, 0.0506848, 5
-0.109683, 0.301517, 0.0450921, 5
-0.11265, 0.309672, 0.0404606, 5
-0.108795, 0.299073, 0.0334491, 4
0, 0, 0, 0
0, 0, 0, 0
-0.102416, 0.281539, 0.0157008, 0
-0.106594, 0.293024, 0.0108886, 0
0, 0, 0, 0
-0.108027, 0.296962, 0, 0
-0.11261, 0.312615, 0.0890338, 4
-0.111804, 0.310378, 0.0822534, 5
-0.109632, 0.304347, 0.0746837, 4
-0.107405, 0.298165, 0.0673634, 3
-0.109118, 0.30292, 0.0625854, 4
-0.109471, 0.303901, 0.0569566, 4
-0.108452, 0.301073, 0.0506848, 5
-0.107393, 0.298133, 0.0445354, 5
-0.113022, 0.31376, 0.0409481, 5
-0.109203, 0.303156, 0.0338672, 4
0, 0, 0, 0
-0.102775, 0.285313, 0.021206, 0
-0.1083, 0.30065, 0.0167475, 0
-0.105673, 0.293358, 0.0108886, 0
-0.103011, 0.285966, 0.00530553, 0
-0.104382, 0.289773, 0, 0
-0.107733, 0.30205, 0.0859279, 4
-0.109524, 0.307072, 0.0812858, 4
-0.111294, 0.312032, 0.0764834, 3
-0.110411, 0.309557, 0.0698583, 3
-0.110804, 0.310658, 0.0641118, 3
-0.108516, 0.304244, 0.0569566, 4
-0.107506, 0.301413, 0.0506848, 4
-0.107787, 0.3022, 0.0450921, 5
-0.108035, 0.302895, 0.0394857, 5
-0.109586, 0.307245, 0.0342853, 4
0, 0, 0, 0
0, 0, 0, 0
-0.0979614, 0.274653, 0.0152821, 0
-0.106094, 0.297453, 0.0110282, 0
-0.103455, 0.290055, 0.00537534, 0
-0.11019, 0.308937, 0, 0
-0.10807, 0.30603, 0.0869632, 5
-0.108559, 0.307414, 0.0812858, 4
-0.109015, 0.308705, 0.0755836, 4
-0.109438, 0.309902, 0.0698583, 3
-0.104597, 0.296195, 0.0610589, 3
-0.106248, 0.300869, 0.056262, 4
-0.106559, 0.301749, 0.0506848, 4
-0.106837, 0.302537, 0.0450921, 5
-0.108405, 0.306976, 0.0399731, 5
-0.105971, 0.300085, 0.0334491, 4
0, 0, 0, 0
-0.104967, 0.297241, 0.022043, 0
-0.0970981, 0.274959, 0.0152821, 0
-0.102497, 0.290246, 0.010749, 1
-0.0918896, 0.26021, 0.00481686, 0
-0.102559, 0.290423, 0, 0
-0.107108, 0.306368, 0.0869632, 4
-0.105031, 0.300426, 0.0793504, 4
-0.106759, 0.305367, 0.0746837, 4
-0.10459, 0.299164, 0.0673634, 3
-0.104962, 0.300228, 0.0618221, 4
-0.105302, 0.301201, 0.056262, 4
-0.104306, 0.298353, 0.050059, 4
-0.107193, 0.30661, 0.0456488, 5
-0.10613, 0.303568, 0.0394857, 5
-0.107654, 0.307927, 0.0342853, 4
0, 0, 0, 0
-0.100082, 0.286269, 0.021206, 0
-0.0962338, 0.275263, 0.0152821, 0
-0.0989458, 0.28302, 0.0104698, 1
-0.0976711, 0.279374, 0.00516591, 0
-0.105606, 0.302072, 0, 0
-0.107409, 0.310354, 0.0879985, 5
-0.105356, 0.304422, 0.0803181, 4
-0.107073, 0.309384, 0.0755836, 4
-0.104929, 0.303189, 0.068195, 3
-0.104018, 0.300557, 0.0618221, 3
-0.104355, 0.30153, 0.056262, 4
-0.103368, 0.298679, 0.050059, 5
-0.104934, 0.303202, 0.0450921, 5
-0.106474, 0.307652, 0.0399731, 5
-0.104084, 0.300745, 0.0334491, 3
0, 0, 0, 0
-0.0965719, 0.27904, 0.0206479, 0
-0.096675, 0.279338, 0.0154914, 0
-0.0993635, 0.287107, 0.0106094, 1
-0.102025, 0.294797, 0.00544515, 0
-0.102041, 0.294842, 0, 0
-0.105181, 0.307035, 0.0869632, 4
-0.105657, 0.308424, 0.0812858, 4
-0.106101, 0.309719, 0.0755836, 4
-0.106512, 0.31092, 0.0698583, 3
-0.105619, 0.308311, 0.0633486, 4
-0.104684, 0.305583, 0.0569566, 4
-0.106271, 0.310215, 0.0519362, 5
-0.102697, 0.299783, 0.0445354, 5
-0.10422, 0.304229, 0.0394857, 4
-0.105717, 0.308598, 0.0342853, 3
0, 0, 0, 0
-0.0879357, 0.256693, 0.0189738, 0
-0.0932078, 0.272083, 0.0150728, 0
-0.0971655, 0.283636, 0.0104698, 1
-0.0998022, 0.291333, 0.00537534, 0
-0.0946321, 0.27624, 0, 0
-0.105457, 0.311023, 0.0879985, 5
-0.104688, 0.308754, 0.0812858, 4
-0.105127, 0.310051, 0.0755836, 4
-0.101766, 0.300136, 0.0673634, 3
-0.103389, 0.304923, 0.0625854, 4
-0.106253, 0.313372, 0.0583458, 4
-0.102758, 0.303064, 0.0506848, 5
-0.104299, 0.307607, 0.0456488, 5
-0.100714, 0.297035, 0.0385107, 4
-0.103469, 0.305161, 0.0338672, 2
0, 0, 0, 0
-0.0858476, 0.253189, 0.0186947, 0
-0.0897873, 0.264808, 0.0146541, 0
-0.0975576, 0.287725, 0.0106094, 1
-0.0950338, 0.280282, 0.00516591, 0
-0.0963327, 0.284113, 0, 0
-0.100792, 0.300364, 0.0848926, 5
-0.103717, 0.309081, 0.0812858, 4
-0.104153, 0.310379, 0.0755836, 4
-0.100822, 0.300455, 0.0673634, 4
-0.101181, 0.301524, 0.0618221, 4
-0.102762, 0.306235, 0.0569566, 4
-0.100549, 0.29964, 0.050059, 4
-0.103332, 0.307933, 0.0456488, 5
-0.101043, 0.301114, 0.0389982, 3
-0.103776, 0.309256, 0.0342853, 2
0, 0, 0, 0
-0.0926683, 0.276155, 0.0203689, 0
-0.101663, 0.302959, 0.0167475, 0
-0.0953815, 0.284241, 0.0104698, 1
-0.0954251, 0.284371, 0.00523572, 0
-0.10053, 0.299583, 0, 0
-0.101065, 0.304345, 0.0859279, 4
-0.103969, 0.313089, 0.0822534, 4
-0.104405, 0.314404, 0.0764834, 4
-0.101111, 0.304483, 0.068195, 4
-0.101471, 0.305566, 0.0625854, 4
-0.100558, 0.302818, 0.056262, 4
-0.102097, 0.307453, 0.0513105, 5
-0.103612, 0.312015, 0.0462055, 5
-0.0988458, 0.297662, 0.0385107, 3
-0.104057, 0.313356, 0.0347034, 1
0, 0, 0, 0
-0.0855126, 0.25751, 0.0189738, 0
-0.0893806, 0.269158, 0.0148634, 0
-0.0982676, 0.29592, 0.0108886, 1
-0.103354, 0.311238, 0.00572439, 0
-0.0907638, 0.273324, 0, 0
-0.100109, 0.304662, 0.0859279, 5
-0.100562, 0.30604, 0.0803181, 4
-0.100984, 0.307325, 0.0746837, 4
-0.100154, 0.304799, 0.068195, 4
-0.0992845, 0.302153, 0.0618221, 4
-0.0996062, 0.303132, 0.056262, 4
-0.0998976, 0.304019, 0.0506848, 4
-0.101395, 0.308576, 0.0456488, 5
-0.0991495, 0.301742, 0.0389982, 4
-0.101831, 0.309902, 0.0342853, 0
0, 0, 0, 0
-0.0946682, 0.288105, 0.021206, 0
-0.0910285, 0.277028, 0.0152821, 0
-0.0973374, 0.296228, 0.0108886, 0
-0.0936365, 0.284965, 0.00523572, 0
-0.0961481, 0.292608, 0, 0
-0.102735, 0.315998, 0.0890338, 5
-0.0983996, 0.302663, 0.0793504, 4
-0.101223, 0.311347, 0.0755836, 4
-0.0991959, 0.305112, 0.068195, 4
-0.0971208, 0.29873, 0.0610589, 4
-0.0974354, 0.299697, 0.0555674, 4
-0.0977205, 0.300574, 0.050059, 5
-0.0992004, 0.305126, 0.0450921, 4
-0.0982011, 0.302052, 0.0389982, 5
-0.107006, 0.329136, 0.0363759, 0
0, 0, 0, 0
-0.0900615, 0.277016, 0.0203689, 0
-0.0913927, 0.281111, 0.0154914, 0
-0.0964063, 0.296532, 0.0108886, 1
-0.0890311, 0.273847, 0.00502629, 0
-0.0890447, 0.273889, 0, 0
-0.0970094, 0.301606, 0.0848926, 5
-0.101014, 0.314055, 0.0822534, 4
-0.0978575, 0.304243, 0.0737839, 3
-0.0994349, 0.309147, 0.0690267, 3
-0.0973841, 0.302771, 0.0618221, 4
-0.0976996, 0.303752, 0.056262, 4
-0.0991951, 0.308402, 0.0513105, 4
-0.0982413, 0.305436, 0.0450921, 4
-0.0984673, 0.306139, 0.0394857, 5
0, 0, 0, 0
0, 0, 0, 0
-0.0916344, 0.284895, 0.0209269, 0
-0.0941784, 0.292805, 0.0161195, 0
-0.0930262, 0.289222, 0.0106094, 1
-0.0942933, 0.293162, 0.00537534, 1
-0.0943077, 0.293207, 0, 0
-0.0995759, 0.312955, 0.0879985, 5
-0.0988496, 0.310672, 0.0812858, 5
-0.0969012, 0.304549, 0.0737839, 3
-0.0960906, 0.302001, 0.0673634, 3
-0.0964324, 0.303076, 0.0618221, 4
-0.0967449, 0.304058, 0.056262, 4
-0.0982257, 0.308712, 0.0513105, 5
-0.0960803, 0.301969, 0.0445354, 5
-0.0975051, 0.306447, 0.0394857, 5
0, 0, 0, 0
0, 0, 0, 0
-0.0931586, 0.292786, 0.021485, 0
-0.0896247, 0.28168, 0.0154914, 0
-0.0969654, 0.304751, 0.0111678, 1
-0.0921592, 0.289646, 0.00530553, 1
-0.0933861, 0.293501, 0, 0
-0.100912, 0.320637, 0.090069, 5
-0.0978731, 0.310981, 0.0812858, 5
-0.095944, 0.304852, 0.0737839, 3
-0.0951414, 0.302302, 0.0673634, 3
-0.0954798, 0.303377, 0.0618221, 3
-0.0981543, 0.311875, 0.0576512, 4
-0.0948833, 0.301482, 0.050059, 4
-0.0951311, 0.302269, 0.0445354, 5
-0.0977337, 0.310539, 0.0399731, 5
0, 0, 0, 0
0, 0, 0, 0
-0.0910404, 0.289271, 0.021206, 0
-0.0887393, 0.28196, 0.0154914, 0
-0.0924072, 0.293614, 0.010749, 1
-0.0888476, 0.282304, 0.00516591, 1
-0.096066, 0.30524, 0, 0
-0.0964052, 0.309902, 0.0869632, 5
-0.0968413, 0.311304, 0.0812858, 4
-0.0949325, 0.305168, 0.0737839, 3
-0.0929762, 0.29888, 0.0665317, 3
-0.0944732, 0.303692, 0.0618221, 3
-0.0936092, 0.300915, 0.0555674, 4
-0.0962301, 0.30934, 0.0513105, 4
-0.0953049, 0.306365, 0.0450921, 5
-0.0931655, 0.299488, 0.0385107, 5
0, 0, 0, 0
0, 0, 0, 0
-0.0948218, 0.304812, 0.0223221, 0
-0.0878038, 0.282253, 0.0154914, 0
-0.0914331, 0.293919, 0.010749, 1
-0.0867229, 0.278778, 0.0050961, 1
-0.0891125, 0.286459, 0, 0
-0.0920229, 0.299125, 0.0838574, 5
-0.0947216, 0.307897, 0.0803181, 4
-0.0939733, 0.305465, 0.0737839, 3
-0.0943377, 0.306649, 0.068195, 3
-0.0935187, 0.303987, 0.0618221, 3
-0.0926634, 0.301207, 0.0555674, 4
-0.0929345, 0.302088, 0.050059, 4
-0.0943419, 0.306663, 0.0450921, 5
-0.0933915, 0.303574, 0.0389982, 5
0, 0, 0, 0
0, 0, 0, 0
-0.0915171, 0.297481, 0.021764, 0
-0.0845676, 0.274891, 0.0150728, 0
-0.0881584, 0.286563, 0.0104698, 1
-0.0870227, 0.282872, 0.00516591, 1
-0.0870359, 0.282915, 0, 0
-0.0933316, 0.306805, 0.0859279, 4
-0.0926243, 0.30448, 0.0793504, 4
-0.0952818, 0.313216, 0.0755836, 4
-0.0933738, 0.306944, 0.068195, 3
-0.0914205, 0.300523, 0.0610589, 3
-0.0928631, 0.305265, 0.056262, 4
-0.091985, 0.302379, 0.050059, 4
-0.0945309, 0.310748, 0.0456488, 5
-0.0935928, 0.307664, 0.0394857, 4
0, 0, 0, 0
0, 0, 0, 0
-0.0859369, 0.282497, 0.0206479, 0
-0.0860286, 0.282799, 0.0154914, 0
-0.0895845, 0.294488, 0.010749, 1
-0.0861336, 0.283144, 0.00516591, 1
-0.0908033, 0.298494, 0, 0
-0.0923673, 0.307097, 0.0859279, 5
-0.0916673, 0.30477, 0.0793504, 5
-0.0920522, 0.30605, 0.0737839, 4
-0.0912821, 0.303489, 0.0673634, 3
-0.0916069, 0.304569, 0.0618221, 4
-0.0907691, 0.301783, 0.0555674, 4
-0.0921725, 0.306449, 0.0506848, 4
-0.0924132, 0.30725, 0.0450921, 5
-0.0926258, 0.307957, 0.0394857, 4
0, 0, 0, 0
0, 0, 0, 0
-0.0838996, 0.278944, 0.0203689, 0
-0.0874408, 0.290718, 0.0159101, 0
-0.0875075, 0.29094, 0.0106094, 0
-0.0863956, 0.287243, 0.00523572, 1
-0.0910172, 0.302608, 0, 0
-0.0903008, 0.303682, 0.0848926, 5
-0.0929218, 0.312497, 0.0812858, 4
-0.0910903, 0.306337, 0.0737839, 4
-0.0903283, 0.303775, 0.0673634, 3
-0.0906496, 0.304855, 0.0618221, 3
-0.0898205, 0.302067, 0.0555674, 4
-0.0900833, 0.302951, 0.050059, 5
-0.0925765, 0.311335, 0.0456488, 5
-0.0893947, 0.300635, 0.0385107, 4
0, 0, 0, 0
0, 0, 0, 0
-0.0864348, 0.290681, 0.021206, 0
-0.0888041, 0.298649, 0.0163288, 0
-0.0888718, 0.298877, 0.0108886, 0
-0.082073, 0.276012, 0.00502629, 1
-0.0877859, 0.295225, 0, 1
-0.0915255, 0.311378, 0.0869632, 5
-0.0930341, 0.316511, 0.0822534, 4
-0.0890283, 0.302883, 0.0728841, 4
-0.0904768, 0.307811, 0.068195, 3
-0.0907987, 0.308906, 0.0625854, 3
-0.0910929, 0.309906, 0.0569566, 4
-0.0902452, 0.307023, 0.0506848, 4
-0.0882468, 0.300224, 0.0439787, 5
-0.0918087, 0.312342, 0.0399731, 4
0, 0, 0, 0
0, 0, 0, 0
-0.0855212, 0.290951, 0.021206, 0
-0.084486, 0.287429, 0.0157008, 0
-0.0834231, 0.283813, 0.0103303, 0
-0.0823334, 0.280106, 0.0050961, 0
-0.084602, 0.287824, 0, 0
-0.0894689, 0.307954, 0.0859279, 5
-0.0887909, 0.30562, 0.0793504, 4
-0.0902511, 0.310646, 0.0746837, 4
-0.0873262, 0.300579, 0.0665317, 3
-0.0909233, 0.31296, 0.0633486, 3
-0.0868218, 0.298843, 0.0548728, 4
-0.0892802, 0.307305, 0.0506848, 4
-0.0895134, 0.308107, 0.0450921, 5
-0.090827, 0.312629, 0.0399731, 4
0, 0, 0, 0
0, 0, 0, 0
-0.0846067, 0.291218, 0.021206, 1
-0.0813538, 0.280021, 0.0152821, 0
-0.0836463, 0.287913, 0.0104698, 1
-0.0803372, 0.276522, 0.00502629, 0
-0.0758856, 0.2612, 0, 0
-0.088501, 0.308234, 0.0859279, 5
-0.0867592, 0.302167, 0.0783827, 4
-0.0892747, 0.310928, 0.0746837, 4
-0.088541, 0.308373, 0.068195, 3
-0.0877724, 0.305696, 0.0618221, 3
-0.0869697, 0.3029, 0.0555674, 4
-0.0872241, 0.303786, 0.050059, 5
-0.088545, 0.308387, 0.0450921, 5
-0.0887487, 0.309096, 0.0394857, 4
0, 0, 0, 0
0, 0, 0, 0
-0.0803878, 0.279977, 0.0203689, 1
-0.0760641, 0.264918, 0.0144447, 0
-0.0816382, 0.284332, 0.0103303, 0
-0.0827793, 0.288306, 0.00523572, 0
-0.0849996, 0.296039, 0, 0
-0.085423, 0.301076, 0.0838574, 4
-0.090047, 0.317373, 0.0822534, 4
-0.0872336, 0.307458, 0.0737839, 4
-0.0886398, 0.312414, 0.0690267, 3
-0.0889551, 0.313525, 0.0633486, 3
-0.0849424, 0.299382, 0.0548728, 4
-0.0873476, 0.307859, 0.0506848, 5
-0.0854134, 0.301042, 0.0439787, 5
-0.0888609, 0.313193, 0.0399731, 3
0, 0, 0, 0
0, 0, 0, 0
-0.0827753, 0.291744, 0.021206, 0
-0.0785024, 0.276684, 0.0150728, 0
-0.0807446, 0.284587, 0.0103303, 0
-0.0840564, 0.296259, 0.00537534, 0
-0.0862528, 0.304001, 0, 0
-0.0834338, 0.297623, 0.0828221, 5
-0.0869542, 0.310181, 0.0803181, 4
-0.0873193, 0.311483, 0.0746837, 4
-0.0855456, 0.305156, 0.0673634, 3
-0.0879697, 0.313803, 0.0633486, 4
-0.0850648, 0.303441, 0.0555674, 4
-0.0853136, 0.304328, 0.050059, 4
-0.0876749, 0.312751, 0.0456488, 5
-0.0868049, 0.309648, 0.0394857, 2
0, 0, 0, 0
0, 0, 0, 0
-0.0797042, 0.284318, 0.0206479, 1
-0.0797893, 0.284622, 0.0154914, 0
-0.077692, 0.277141, 0.0100511, 0
-0.0820457, 0.292671, 0.00530553, 0
-0.0798988, 0.285013, 0, 0
-0.0866233, 0.312778, 0.0869632, 5
-0.0859793, 0.310452, 0.0803181, 4
-0.0842599, 0.304244, 0.0728841, 4
-0.0845865, 0.305423, 0.0673634, 3
-0.0838394, 0.302726, 0.0610589, 4
-0.0862139, 0.311299, 0.0569566, 4
-0.0854116, 0.308402, 0.0506848, 5
-0.0845774, 0.30539, 0.0445354, 5
-0.0868913, 0.313745, 0.0399731, 2
0, 0, 0, 0
0, 0, 0, 0
-0.0809406, 0.292258, 0.021206, 1
-0.0820931, 0.29642, 0.0161195, 0
-0.0800218, 0.288941, 0.0104698, 0
-0.0736537, 0.265947, 0.00481686, 0
-0.084341, 0.304537, 0, 0
-0.0856403, 0.313048, 0.0869632, 5
-0.0850036, 0.310721, 0.0803181, 4
-0.0853605, 0.312026, 0.0746837, 4
-0.0836266, 0.305687, 0.0673634, 3
-0.0839241, 0.306775, 0.0618221, 4
-0.0852355, 0.311568, 0.0569566, 4
-0.0823573, 0.301048, 0.0494333, 4
-0.0825724, 0.301834, 0.0439787, 5
-0.08381, 0.306358, 0.0389982, 1
0, 0, 0, 0
0, 0, 0, 0
-0.0810749, 0.29636, 0.021485, 1
-0.0790534, 0.288971, 0.0157008, 0
-0.077004, 0.281479, 0.0101907, 0
-0.0812605, 0.297038, 0.00537534, 0
-0.0791619, 0.289367, 0, 0
-0.0846564, 0.313316, 0.0869632, 5
-0.0820023, 0.303493, 0.0783827, 4
-0.0823466, 0.304767, 0.0728841, 4
-0.0816453, 0.302171, 0.0665317, 3
-0.0819357, 0.303246, 0.0610589, 4
-0.0842562, 0.311835, 0.0569566, 4
-0.0824416, 0.305119, 0.050059, 5
-0.082657, 0.305916, 0.0445354, 5
-0.0859539, 0.318118, 0.0404606, 1
0, 0, 0, 0
0, 0, 0, 0
-0.0759802, 0.281205, 0.0203689, 1
-0.0791871, 0.293074, 0.0159101, 0
-0.0771621, 0.285579, 0.0103303, 1
-0.0813702, 0.301153, 0.00544515, 0
-0.074079, 0.274168, 0, 0
-0.0826756, 0.309847, 0.0859279, 5
-0.0830496, 0.311249, 0.0803181, 4
-0.0813887, 0.305024, 0.0728841, 4
-0.0817043, 0.306207, 0.0673634, 3
-0.0830072, 0.31109, 0.0625854, 4
-0.081245, 0.304486, 0.0555674, 4
-0.0825012, 0.309193, 0.0506848, 5
-0.0816955, 0.306174, 0.0445354, 5
-0.0839305, 0.31455, 0.0399731, 0
0, 0, 0, 0
-0.0729387, 0.273356, 0.0247522, 0
-0.0750964, 0.281442, 0.0203689, 1
-0.078266, 0.293321, 0.0159101, 1
-0.0762645, 0.28582, 0.0103303, 0
-0.0804237, 0.301407, 0.00544515, 0
-0.0773422, 0.289859, 0, 0
-0.0807174, 0.306369, 0.0848926, 5
-0.0810826, 0.307755, 0.0793504, 4
-0.083409, 0.316585, 0.0755836, 4
-0.0807419, 0.306462, 0.0673634, 3
-0.0820295, 0.311349, 0.0625854, 4
-0.0802881, 0.304739, 0.0555674, 4
-0.0805229, 0.305631, 0.050059, 4
-0.0807332, 0.306429, 0.0445354, 5
0, 0, 0, 0
0, 0, 0, 0
-0.0751252, 0.285143, 0.0257981, 0
-0.0731952, 0.277818, 0.0200899, 1
-0.0763265, 0.289703, 0.0157008, 1
-0.0753662, 0.286058, 0.0103303, 1
-0.0764196, 0.290056, 0.00523572, 0
-0.074393, 0.282364, 0, 0
-0.0826724, 0.317839, 0.0879985, 4
-0.0810923, 0.311764, 0.0803181, 4
-0.0804517, 0.309302, 0.0737839, 4
-0.0817486, 0.314287, 0.0690267, 3
-0.0810509, 0.311605, 0.0625854, 3
-0.0793303, 0.30499, 0.0555674, 4
-0.0805569, 0.309706, 0.0506848, 5
-0.0797701, 0.306681, 0.0445354, 5
0, 0, 0, 0
0, 0, 0, 0
-0.074229, 0.285378, 0.0257981, 0
-0.0733266, 0.281908, 0.0203689, 1
-0.075416, 0.289941, 0.0157008, 1
-0.0774861, 0.2979, 0.010749, 0
-0.0714809, 0.274813, 0.00495648, 0
-0.0704848, 0.270983, 0, 0
-0.07783, 0.303128, 0.0838574, 4
-0.0791473, 0.308258, 0.0793504, 4
-0.0775411, 0.302003, 0.0719843, 4
-0.0807608, 0.314543, 0.0690267, 3
-0.0781186, 0.304252, 0.0610589, 3
-0.0813107, 0.316684, 0.0576512, 4
-0.078601, 0.306131, 0.050059, 5
-0.0797914, 0.310767, 0.0450921, 5
0, 0, 0, 0
0, 0, 0, 0
-0.0743231, 0.289469, 0.0261467, 0
-0.0704559, 0.274408, 0.0198108, 1
-0.0735113, 0.286308, 0.0154914, 0
-0.0715791, 0.278782, 0.0100511, 1
-0.073601, 0.286657, 0.00516591, 0
-0.0756017, 0.294449, 0, 0
0, 0, 0, 0
0, 0, 0, 0
0, 0, 0, 0
0, 0, 0, 0
0, 0, 0, 0
-0.0783801, 0.309301, 0.056262, 4
-0.0776389, 0.306376, 0.050059, 5
-0.0788147, 0.311016, 0.0450921, 5
0, 0, 0, 0
0, 0, 0, 0
-0.0724345, 0.285839, 0.0257981, 0
-0.072534, 0.286232, 0.0206479, 1
-0.0755552, 0.298154, 0.0161195, 1
-0.0746308, 0.294506, 0.0106094, 1
-0.0736825, 0.290764, 0.00523572, 0
-0.070746, 0.279176, 0, 0
0, 0, 0, 0
0, 0, 0, 0
0, 0, 0, 0
0, 0, 0, 0
0, 0, 0, 0
0, 0, 0, 0
0, 0, 0, 0
0, 0, 0, 0
0, 0, 0, 0
0, 0, 0, 0
-0.0734695, 0.293796, 0.0264953, 0
-0.0716344, 0.286458, 0.0206479, 1
-0.0746182, 0.298389, 0.0161195, 1
-0.0727354, 0.290861, 0.0104698, 1
-0.0717984, 0.287114, 0.00516591, 0
-0.0718094, 0.287157, 0, 0
